DateTime,temp
2016-01-01 00:00,7.299279785
2016-01-02 00:00,6.074609375
2016-01-03 00:00,5.180291748
2016-01-04 00:00,3.942254639
2016-01-05 00:00,5.139703369
2016-01-06 00:00,1.915155029
2016-01-07 00:00,-0.017858887
2016-01-08 00:00,1.306726074
2016-01-09 00:00,7.181359863
2016-01-10 00:00,2.696588135
2016-01-11 00:00,3.168084717
2016-01-12 00:00,2.198358154
2016-01-13 00:00,0.145318604
2016-01-14 00:00,1.529138184
2016-01-15 00:00,0.422052002
2016-01-16 00:00,-0.341802979
2016-01-17 00:00,0.654473877
2016-01-18 00:00,3.0480896
2016-01-19 00:00,3.805566406
2016-01-20 00:00,6.252008057
2016-01-21 00:00,3.750604248
2016-01-22 00:00,0.882501221
2016-01-23 00:00,0.056329346
2016-01-24 00:00,9.738793945
2016-01-25 00:00,9.627862549
2016-01-26 00:00,5.22701416
2016-01-27 00:00,4.674035645
2016-01-28 00:00,6.450708008
2016-01-29 00:00,6.075280762
2016-01-30 00:00,5.210656738
2016-01-31 00:00,9.684838867
2016-02-01 00:00,8.059533691
2016-02-02 00:00,4.227258301
2016-02-03 00:00,7.174859619
2016-02-04 00:00,6.337670898
2016-02-05 00:00,3.704553223
2016-02-06 00:00,4.441552734
2016-02-07 00:00,2.048638916
2016-02-08 00:00,1.213250732
2016-02-09 00:00,2.793786621
2016-02-10 00:00,5.198480225
2016-02-11 00:00,8.376062012
2016-02-12 00:00,6.532739258
2016-02-13 00:00,5.330865479
2016-02-14 00:00,6.144464111
2016-02-15 00:00,5.29519043
2016-02-16 00:00,1.615594482
2016-02-17 00:00,0.275079346
2016-02-18 00:00,6.102044678
2016-02-19 00:00,5.224664307
2016-02-20 00:00,7.494256592
2016-02-21 00:00,9.352410889
2016-02-22 00:00,9.958856201
2016-02-23 00:00,8.969995117
2016-02-24 00:00,6.274163818
2016-02-25 00:00,4.093621826
2016-02-26 00:00,4.873529053
2016-02-27 00:00,2.324761963
2016-02-28 00:00,4.092492676
2016-02-29 00:00,7.318994141
2016-03-01 00:00,5.667749023
2016-03-02 00:00,6.860131836
2016-03-03 00:00,4.340264893
2016-03-04 00:00,3.431756592
2016-03-05 00:00,3.631799316
2016-03-06 00:00,2.81206665
2016-03-07 00:00,5.706262207
2016-03-08 00:00,5.695855713
2016-03-09 00:00,2.744470215
2016-03-10 00:00,3.513726807
2016-03-11 00:00,2.400445557
2016-03-12 00:00,2.061853027
2016-03-13 00:00,1.807122803
2016-03-14 00:00,1.785668945
2016-03-15 00:00,1.025994873
2016-03-16 00:00,9.079278564
2016-03-17 00:00,11.16781006
2016-03-18 00:00,10.83574829
2016-03-19 00:00,11.44939575
2016-03-20 00:00,10.53954468
2016-03-21 00:00,8.86348877
2016-03-22 00:00,8.060540771
2016-03-23 00:00,8.959985352
2016-03-24 00:00,10.11812744
2016-03-25 00:00,8.531945801
2016-03-26 00:00,7.60894165
2016-03-27 00:00,6.767602539
2016-03-28 00:00,6.522393799
2016-03-29 00:00,5.544152832
2016-03-30 00:00,5.994592285
2016-03-31 00:00,3.936669922
2016-04-01 00:00,3.582971191
2016-04-02 00:00,3.35100708
2016-04-03 00:00,3.122033691
2016-04-04 00:00,3.46819458
2016-04-05 00:00,3.126031494
2016-04-06 00:00,2.982141113
2016-04-07 00:00,3.683312988
2016-04-08 00:00,2.610772705
2016-04-09 00:00,2.125787354
2016-04-10 00:00,4.132104492
2016-04-11 00:00,5.456903076
2016-04-12 00:00,6.134179688
2016-04-13 00:00,5.923364258
2016-04-14 00:00,6.153253174
2016-04-15 00:00,6.544213867
2016-04-16 00:00,7.687158203
2016-04-17 00:00,9.020196533
2016-04-18 00:00,10.61156616
2016-04-19 00:00,8.873254395
2016-04-20 00:00,10.60692749
2016-04-21 00:00,11.04796753
2016-04-22 00:00,11.22628174
2016-04-23 00:00,10.58446655
2016-04-24 00:00,7.748071289
2016-04-25 00:00,6.992730713
2016-04-26 00:00,6.312188721
2016-04-27 00:00,6.674401855
2016-04-28 00:00,8.141473389
2016-04-29 00:00,8.976739502
2016-04-30 00:00,11.91112671
2016-05-01 00:00,13.32027588
2016-05-02 00:00,10.68795166
2016-05-03 00:00,7.064141846
2016-05-04 00:00,7.079705811
2016-05-05 00:00,6.570245361
2016-05-06 00:00,5.388970947
2016-05-07 00:00,6.449517822
2016-05-08 00:00,6.235803223
2016-05-09 00:00,6.091943359
2016-05-10 00:00,7.53057251
2016-05-11 00:00,6.83526001
2016-05-12 00:00,6.728387451
2016-05-13 00:00,6.024407959
2016-05-14 00:00,8.895501709
2016-05-15 00:00,10.57946167
2016-05-16 00:00,10.70079956
2016-05-17 00:00,8.50725708
2016-05-18 00:00,10.10839233
2016-05-19 00:00,10.98879395
2016-05-20 00:00,10.17815552
2016-05-21 00:00,10.90563354
2016-05-22 00:00,10.85601196
2016-05-23 00:00,9.559106445
2016-05-24 00:00,12.64885864
2016-05-25 00:00,13.10088501
2016-05-26 00:00,14.35338745
2016-05-27 00:00,14.31118164
2016-05-28 00:00,12.71077881
2016-05-29 00:00,11.75744019
2016-05-30 00:00,12.01879272
2016-05-31 00:00,11.30993042
2016-06-01 00:00,10.60540161
2016-06-02 00:00,8.108361816
2016-06-03 00:00,8.413201904
2016-06-04 00:00,8.800714111
2016-06-05 00:00,9.491693115
2016-06-06 00:00,9.968164063
2016-06-07 00:00,10.05184326
2016-06-08 00:00,11.76018677
2016-06-09 00:00,12.11507568
2016-06-10 00:00,12.3800293
2016-06-11 00:00,12.40053711
2016-06-12 00:00,15.95543823
2016-06-13 00:00,14.42870483
2016-06-14 00:00,15.52996216
2016-06-15 00:00,16.05376587
2016-06-16 00:00,14.55196533
2016-06-17 00:00,12.2517334
2016-06-18 00:00,11.59411011
2016-06-19 00:00,11.54165039
2016-06-20 00:00,11.93364868
2016-06-21 00:00,13.14486084
2016-06-22 00:00,11.8467041
2016-06-23 00:00,9.607202148
2016-06-24 00:00,10.10357056
2016-06-25 00:00,10.14785156
2016-06-26 00:00,11.00548706
2016-06-27 00:00,11.48226318
2016-06-28 00:00,14.28817139
2016-06-29 00:00,15.4182373
2016-06-30 00:00,13.67739258
2016-07-01 00:00,12.09075317
2016-07-02 00:00,12.9777771
2016-07-03 00:00,12.01009521
2016-07-04 00:00,12.512323
2016-07-05 00:00,11.99776611
2016-07-06 00:00,13.3635498
2016-07-07 00:00,13.52153931
2016-07-08 00:00,13.42592773
2016-07-09 00:00,13.16536865
2016-07-10 00:00,13.35198364
2016-07-11 00:00,12.6635376
2016-07-12 00:00,12.93551025
2016-07-13 00:00,12.42467651
2016-07-14 00:00,12.89074097
2016-07-15 00:00,13.48824463
2016-07-16 00:00,13.64928589
2016-07-17 00:00,14.28768311
2016-07-18 00:00,14.90737305
2016-07-19 00:00,13.61031494
2016-07-20 00:00,15.21639404
2016-07-21 00:00,16.84224854
2016-07-22 00:00,16.79723511
2016-07-23 00:00,17.23543701
2016-07-24 00:00,18.27300415
2016-07-25 00:00,18.16228638
2016-07-26 00:00,18.72866211
2016-07-27 00:00,16.55999146
2016-07-28 00:00,15.71428833
2016-07-29 00:00,18.01903687
2016-07-30 00:00,19.53954468
2016-07-31 00:00,19.40661011
2016-08-01 00:00,18.25643311
2016-08-02 00:00,16.04223022
2016-08-03 00:00,17.26955566
2016-08-04 00:00,15.51049194
2016-08-05 00:00,17.30263672
2016-08-06 00:00,17.48595581
2016-08-07 00:00,16.07268677
2016-08-08 00:00,12.76433716
2016-08-09 00:00,13.67748413
2016-08-10 00:00,13.88329468
2016-08-11 00:00,14.49758301
2016-08-12 00:00,14.76439819
2016-08-13 00:00,14.67797241
2016-08-14 00:00,15.89876709
2016-08-15 00:00,15.26439819
2016-08-16 00:00,15.6831604
2016-08-17 00:00,17.43639526
2016-08-18 00:00,17.62044678
2016-08-19 00:00,16.78838501
2016-08-20 00:00,14.63637695
2016-08-21 00:00,13.41433105
2016-08-22 00:00,13.49395142
2016-08-23 00:00,15.27144775
2016-08-24 00:00,15.20980225
2016-08-25 00:00,15.0251709
2016-08-26 00:00,15.19967041
2016-08-27 00:00,12.52770386
2016-08-28 00:00,10.29076538
2016-08-29 00:00,11.54485474
2016-08-30 00:00,13.5826355
2016-08-31 00:00,14.7645813
2016-09-01 00:00,14.38790283
2016-09-02 00:00,13.09707031
2016-09-03 00:00,13.61797485
2016-09-04 00:00,12.77764282
2016-09-05 00:00,12.93267212
2016-09-06 00:00,13.58983765
2016-09-07 00:00,13.44289551
2016-09-08 00:00,13.40575562
2016-09-09 00:00,12.34719238
2016-09-10 00:00,14.0380188
2016-09-11 00:00,14.61321411
2016-09-12 00:00,11.65862427
2016-09-13 00:00,11.77941284
2016-09-14 00:00,11.26824341
2016-09-15 00:00,11.72963867
2016-09-16 00:00,13.26156006
2016-09-17 00:00,11.7446228
2016-09-18 00:00,11.46270142
2016-09-19 00:00,10.71395264
2016-09-20 00:00,9.372644043
2016-09-21 00:00,9.907617188
2016-09-22 00:00,10.03295288
2016-09-23 00:00,12.65929565
2016-09-24 00:00,10.5130249
2016-09-25 00:00,10.58809814
2016-09-26 00:00,11.87716064
2016-09-27 00:00,10.32409058
2016-09-28 00:00,7.310601807
2016-09-29 00:00,6.160241699
2016-09-30 00:00,7.538995361
2016-10-01 00:00,6.968988037
2016-10-02 00:00,7.936364746
2016-10-03 00:00,8.827264404
2016-10-04 00:00,9.109460449
2016-10-05 00:00,8.548364258
2016-10-06 00:00,7.790734863
2016-10-07 00:00,8.682427979
2016-10-08 00:00,8.913079834
2016-10-09 00:00,10.42629395
2016-10-10 00:00,11.33101807
2016-10-11 00:00,11.01650391
2016-10-12 00:00,10.61742554
2016-10-13 00:00,8.80602417
2016-10-14 00:00,6.881463623
2016-10-15 00:00,7.081689453
2016-10-16 00:00,8.557061768
2016-10-17 00:00,12.01253662
2016-10-18 00:00,11.36528931
2016-10-19 00:00,9.051049805
2016-10-20 00:00,7.503411865
2016-10-21 00:00,6.405999756
2016-10-22 00:00,11.30797729
2016-10-23 00:00,11.44143066
2016-10-24 00:00,10.36037598
2016-10-25 00:00,9.982995605
2016-10-26 00:00,8.180596924
2016-10-27 00:00,6.742547607
2016-10-28 00:00,7.199517822
2016-10-29 00:00,4.715875244
2016-10-30 00:00,7.453546143
2016-10-31 00:00,7.638879395
2016-11-01 00:00,7.500665283
2016-11-02 00:00,8.154870605
2016-11-03 00:00,10.10665283
2016-11-04 00:00,8.4878479
2016-11-05 00:00,8.834893799
2016-11-06 00:00,9.340997314
2016-11-07 00:00,10.19957886
2016-11-08 00:00,9.506005859
2016-11-09 00:00,8.766687012
2016-11-10 00:00,5.034204102
2016-11-11 00:00,5.974969482
2016-11-12 00:00,10.65441284
2016-11-13 00:00,10.88170776
2016-11-14 00:00,10.14522705
2016-11-15 00:00,8.658166504
2016-11-16 00:00,3.606652832
2016-11-17 00:00,0.59697876
2016-11-18 00:00,0.263909912
2016-11-19 00:00,5.339074707
2016-11-20 00:00,7.217218018
2016-11-21 00:00,8.492456055
2016-11-22 00:00,8.518182373
2016-11-23 00:00,7.923272705
2016-11-24 00:00,5.496331787
2016-11-25 00:00,3.664910889
2016-11-26 00:00,6.094262695
2016-11-27 00:00,8.768304443
2016-11-28 00:00,9.505273438
2016-11-29 00:00,10.14940796
2016-11-30 00:00,8.236169434
2016-12-01 00:00,7.489587402
2016-12-02 00:00,6.046960449
2016-12-03 00:00,6.800134277
2016-12-04 00:00,9.06887207
2016-12-05 00:00,8.398858643
2016-12-06 00:00,4.264093018
2016-12-07 00:00,5.327844238
2016-12-08 00:00,5.188745117
2016-12-09 00:00,5.600671387
2016-12-10 00:00,4.38036499
2016-12-11 00:00,1.616082764
2016-12-12 00:00,0.268609619
2016-12-13 00:00,3.191949463
2016-12-14 00:00,2.579187012
2016-12-15 00:00,3.226739502
2016-12-16 00:00,4.124291992
2016-12-17 00:00,6.125024414
2016-12-18 00:00,5.211236572
2016-12-19 00:00,4.029595947
2016-12-20 00:00,2.466119385
2016-12-21 00:00,1.797692871
2016-12-22 00:00,2.97802124
2016-12-23 00:00,2.775292969
2016-12-24 00:00,2.319543457
2016-12-25 00:00,2.585534668
2016-12-26 00:00,1.412805176
2016-12-27 00:00,2.389642334
2016-12-28 00:00,1.55602417
2016-12-29 00:00,-0.964575195
2016-12-30 00:00,-0.929968262
2016-12-31 00:00,-0.77890625
2017-01-01 00:00,0.575128174
2017-01-02 00:00,0.037011719
2017-01-03 00:00,-2.868475342
2017-01-04 00:00,0.947015381
2017-01-05 00:00,2.994104004
2017-01-06 00:00,7.738366699
2017-01-07 00:00,9.513024902
2017-01-08 00:00,10.3492981
2017-01-09 00:00,7.78359375
2017-01-10 00:00,5.158074951
2017-01-11 00:00,2.317651367
2017-01-12 00:00,3.872979736
2017-01-13 00:00,7.220178223
2017-01-14 00:00,6.288751221
2017-01-15 00:00,6.310174561
2017-01-16 00:00,5.131982422
2017-01-17 00:00,3.777947998
2017-01-18 00:00,3.049981689
2017-01-19 00:00,8.814416504
2017-01-20 00:00,8.541070557
2017-01-21 00:00,6.50411377
2017-01-22 00:00,5.314080811
2017-01-23 00:00,6.817041016
2017-01-24 00:00,6.458093262
2017-01-25 00:00,6.762902832
2017-01-26 00:00,5.06005249
2017-01-27 00:00,5.919976807
2017-01-28 00:00,8.2746521
2017-01-29 00:00,5.908197021
2017-01-30 00:00,4.459558105
2017-01-31 00:00,4.878961182
2017-02-01 00:00,4.873895264
2017-02-02 00:00,5.182305908
2017-02-03 00:00,4.941888428
2017-02-04 00:00,4.645379639
2017-02-05 00:00,3.355493164
2017-02-06 00:00,5.02666626
2017-02-07 00:00,8.583917236
2017-02-08 00:00,7.529504395
2017-02-09 00:00,9.66427002
2017-02-10 00:00,7.861779785
2017-02-11 00:00,1.103631592
2017-02-12 00:00,0.055535889
2017-02-13 00:00,2.02489624
2017-02-14 00:00,0.807641602
2017-02-15 00:00,2.065148926
2017-02-16 00:00,0.742272949
2017-02-17 00:00,1.169335938
2017-02-18 00:00,2.225305176
2017-02-19 00:00,2.750421143
2017-02-20 00:00,3.248223877
2017-02-21 00:00,4.123254395
2017-02-22 00:00,2.297814941
2017-02-23 00:00,3.020623779
2017-02-24 00:00,1.597467041
2017-02-25 00:00,0.943597412
2017-02-26 00:00,0.375268555
2017-02-27 00:00,-0.113806152
2017-02-28 00:00,0.247766113
2017-03-01 00:00,1.627770996
2017-03-02 00:00,2.373803711
2017-03-03 00:00,1.394433594
2017-03-04 00:00,1.49855957
2017-03-05 00:00,4.167138672
2017-03-06 00:00,7.373834229
2017-03-07 00:00,9.78182373
2017-03-08 00:00,9.126306152
2017-03-09 00:00,8.37456665
2017-03-10 00:00,8.188134766
2017-03-11 00:00,5.178765869
2017-03-12 00:00,4.59887085
2017-03-13 00:00,6.595727539
2017-03-14 00:00,5.915917969
2017-03-15 00:00,6.264611816
2017-03-16 00:00,3.919061279
2017-03-17 00:00,2.993554688
2017-03-18 00:00,1.257958984
2017-03-19 00:00,-0.996923828
2017-03-20 00:00,-0.682043457
2017-03-21 00:00,1.697106934
2017-03-22 00:00,2.506921387
2017-03-23 00:00,1.381646729
2017-03-24 00:00,2.521783447
2017-03-25 00:00,7.209710693
2017-03-26 00:00,7.897241211
2017-03-27 00:00,7.344384766
2017-03-28 00:00,6.420220947
2017-03-29 00:00,6.459069824
2017-03-30 00:00,6.615380859
2017-03-31 00:00,6.876855469
2017-04-01 00:00,7.117089844
2017-04-02 00:00,7.21340332
2017-04-03 00:00,9.766717529
2017-04-04 00:00,10.10765991
2017-04-05 00:00,9.140679932
2017-04-06 00:00,8.324884033
2017-04-07 00:00,7.121240234
2017-04-08 00:00,7.524987793
2017-04-09 00:00,7.078759766
2017-04-10 00:00,6.603631592
2017-04-11 00:00,5.701165771
2017-04-12 00:00,5.944543457
2017-04-13 00:00,6.672113037
2017-04-14 00:00,7.019250488
2017-04-15 00:00,6.823297119
2017-04-16 00:00,7.037225342
2017-04-17 00:00,7.400994873
2017-04-18 00:00,8.326928711
2017-04-19 00:00,8.236627197
2017-04-20 00:00,8.9621521
2017-04-21 00:00,7.603997803
2017-04-22 00:00,7.186914063
2017-04-23 00:00,6.648828125
2017-04-24 00:00,8.448907471
2017-04-25 00:00,11.08236084
2017-04-26 00:00,11.41924438
2017-04-27 00:00,8.639215088
2017-04-28 00:00,8.256311035
2017-04-29 00:00,8.852380371
2017-04-30 00:00,6.235192871
2017-05-01 00:00,5.281488037
2017-05-02 00:00,6.125054932
2017-05-03 00:00,6.351251221
2017-05-04 00:00,8.548120117
2017-05-05 00:00,12.02233276
2017-05-06 00:00,13.48772583
2017-05-07 00:00,13.62267456
2017-05-08 00:00,10.93670044
2017-05-09 00:00,12.16964111
2017-05-10 00:00,11.49208984
2017-05-11 00:00,9.681390381
2017-05-12 00:00,6.249230957
2017-05-13 00:00,4.544549561
2017-05-14 00:00,5.679864502
2017-05-15 00:00,7.534112549
2017-05-16 00:00,10.82860718
2017-05-17 00:00,10.82979736
2017-05-18 00:00,10.50002441
2017-05-19 00:00,10.24788818
2017-05-20 00:00,11.884729
2017-05-21 00:00,13.76033936
2017-05-22 00:00,15.34053955
2017-05-23 00:00,14.91155396
2017-05-24 00:00,13.6553894
2017-05-25 00:00,12.09002075
2017-05-26 00:00,14.56575928
2017-05-27 00:00,13.1440979
2017-05-28 00:00,10.77474365
2017-05-29 00:00,10.83275757
2017-05-30 00:00,11.8336731
2017-05-31 00:00,10.40154419
2017-06-01 00:00,8.897698975
2017-06-02 00:00,10.36638794
2017-06-03 00:00,9.358026123
2017-06-04 00:00,10.26903687
2017-06-05 00:00,11.99343262
2017-06-06 00:00,12.39443359
2017-06-07 00:00,12.6718689
2017-06-08 00:00,15.01650391
2017-06-09 00:00,16.11303101
2017-06-10 00:00,17.76488647
2017-06-11 00:00,17.85561523
2017-06-12 00:00,13.0125061
2017-06-13 00:00,11.82363281
2017-06-14 00:00,13.53661499
2017-06-15 00:00,15.61980591
2017-06-16 00:00,16.58849487
2017-06-17 00:00,18.60512695
2017-06-18 00:00,15.16988525
2017-06-19 00:00,14.49852905
2017-06-20 00:00,14.35021362
2017-06-21 00:00,15.84395752
2017-06-22 00:00,15.61089478
2017-06-23 00:00,14.84780273
2017-06-24 00:00,15.88509521
2017-06-25 00:00,16.22362671
2017-06-26 00:00,17.40221558
2017-06-27 00:00,16.51488647
2017-06-28 00:00,15.08950195
2017-06-29 00:00,16.34331665
2017-06-30 00:00,16.24367676
2017-07-01 00:00,13.34099731
2017-07-02 00:00,14.4777771
2017-07-03 00:00,16.51043091
2017-07-04 00:00,16.20891724
2017-07-05 00:00,16.38070068
2017-07-06 00:00,15.4878479
2017-07-07 00:00,18.22539673
2017-07-08 00:00,17.65422974
2017-07-09 00:00,15.45281372
2017-07-10 00:00,17.67473755
2017-07-11 00:00,16.55932007
2017-07-12 00:00,14.06429443
2017-07-13 00:00,16.73879395
2017-07-14 00:00,16.7690979
2017-07-15 00:00,18.01726685
2017-07-16 00:00,16.56539307
2017-07-17 00:00,20.84176025
2017-07-18 00:00,21.56246338
2017-07-19 00:00,16.65926514
2017-07-20 00:00,13.51061401
2017-07-21 00:00,15.10497437
2017-07-22 00:00,16.20348511
2017-07-23 00:00,17.45617065
2017-07-24 00:00,17.2427002
2017-07-25 00:00,18.18114624
2017-07-26 00:00,18.96611938
2017-07-27 00:00,20.02617798
2017-07-28 00:00,17.58754883
2017-07-29 00:00,20.19216309
2017-07-30 00:00,16.17489014
2017-07-31 00:00,15.23690186
2017-08-01 00:00,15.84575806
2017-08-02 00:00,17.91811523
2017-08-03 00:00,18.67955933
2017-08-04 00:00,16.80541382
2017-08-05 00:00,15.81841431
2017-08-06 00:00,17.65603027
2017-08-07 00:00,20.10161743
2017-08-08 00:00,20.95171509
2017-08-09 00:00,20.08257446
2017-08-10 00:00,18.73607788
2017-08-11 00:00,19.09972534
2017-08-12 00:00,19.20623169
2017-08-13 00:00,17.73366699
2017-08-14 00:00,17.8628479
2017-08-15 00:00,18.36055908
2017-08-16 00:00,15.61660156
2017-08-17 00:00,17.79052124
2017-08-18 00:00,16.79104004
2017-08-19 00:00,14.75151978
2017-08-20 00:00,14.72322998
2017-08-21 00:00,11.24956665
2017-08-22 00:00,13.1718689
2017-08-23 00:00,15.20189819
2017-08-24 00:00,14.87401733
2017-08-25 00:00,15.63692627
2017-08-26 00:00,17.43886719
2017-08-27 00:00,15.09255371
2017-08-28 00:00,14.61071167
2017-08-29 00:00,13.88250122
2017-08-30 00:00,14.23775635
2017-08-31 00:00,12.08178101
2017-09-01 00:00,10.69204102
2017-09-02 00:00,11.43843994
2017-09-03 00:00,11.60787354
2017-09-04 00:00,15.18166504
2017-09-05 00:00,11.02059326
2017-09-06 00:00,10.93319092
2017-09-07 00:00,11.14165649
2017-09-08 00:00,13.63009033
2017-09-09 00:00,14.65282593
2017-09-10 00:00,15.30114136
2017-09-11 00:00,15.11687622
2017-09-12 00:00,10.58873901
2017-09-13 00:00,10.31469116
2017-09-14 00:00,11.65923462
2017-09-15 00:00,12.47026978
2017-09-16 00:00,6.202020264
2017-09-17 00:00,7.287988281
2017-09-18 00:00,6.024468994
2017-09-19 00:00,5.022943115
2017-09-20 00:00,5.896936035
2017-09-21 00:00,10.4588562
2017-09-22 00:00,10.62523804
2017-09-23 00:00,10.22277222
2017-09-24 00:00,11.42519531
2017-09-25 00:00,12.38460693
2017-09-26 00:00,11.5828186
2017-09-27 00:00,15.01168213
2017-09-28 00:00,12.16347656
2017-09-29 00:00,9.620629883
2017-09-30 00:00,8.720056152
2017-10-01 00:00,10.39568481
2017-10-02 00:00,12.18453369
2017-10-03 00:00,10.68065796
2017-10-04 00:00,8.826501465
2017-10-05 00:00,9.517602539
2017-10-06 00:00,9.427728271
2017-10-07 00:00,9.896295166
2017-10-08 00:00,10.12008057
2017-10-09 00:00,10.67540894
2017-10-10 00:00,9.730706787
2017-10-11 00:00,10.06624756
2017-10-12 00:00,9.876428223
2017-10-13 00:00,10.12728271
2017-10-14 00:00,11.11934814
2017-10-15 00:00,13.03392944
2017-10-16 00:00,11.06762085
2017-10-17 00:00,9.421075439
2017-10-18 00:00,8.773553467
2017-10-19 00:00,6.165185547
2017-10-20 00:00,6.680108643
2017-10-21 00:00,10.68053589
2017-10-22 00:00,8.792871094
2017-10-23 00:00,8.274316406
2017-10-24 00:00,8.6574646
2017-10-25 00:00,7.318292236
2017-10-26 00:00,7.152185059
2017-10-27 00:00,4.960809326
2017-10-28 00:00,6.203942871
2017-10-29 00:00,7.447869873
2017-10-30 00:00,6.375543213
2017-10-31 00:00,6.899255371
2017-11-01 00:00,4.048730469
2017-11-02 00:00,4.130456543
2017-11-03 00:00,2.215509033
2017-11-04 00:00,0.387139893
2017-11-05 00:00,8.195306396
2017-11-06 00:00,11.99349365
2017-11-07 00:00,7.789331055
2017-11-08 00:00,8.318017578
2017-11-09 00:00,10.42540894
2017-11-10 00:00,9.679650879
2017-11-11 00:00,8.522637939
2017-11-12 00:00,6.806756592
2017-11-13 00:00,4.64800415
2017-11-14 00:00,4.313592529
2017-11-15 00:00,0.838983154
2017-11-16 00:00,2.881921387
2017-11-17 00:00,6.335351563
2017-11-18 00:00,4.983666992
2017-11-19 00:00,2.842248535
2017-11-20 00:00,3.07479248
2017-11-21 00:00,2.704156494
2017-11-22 00:00,0.479119873
2017-11-23 00:00,6.007562256
2017-11-24 00:00,6.696923828
2017-11-25 00:00,8.710015869
2017-11-26 00:00,9.627099609
2017-11-27 00:00,5.762994385
2017-11-28 00:00,4.842370605
2017-11-29 00:00,4.348504639
2017-11-30 00:00,3.309228516
2017-12-01 00:00,2.040979004
2017-12-02 00:00,3.605737305
2017-12-03 00:00,6.315240479
2017-12-04 00:00,3.300775146
2017-12-05 00:00,2.289880371
2017-12-06 00:00,7.040124512
2017-12-07 00:00,10.68413696
2017-12-08 00:00,9.28182373
2017-12-09 00:00,11.87932739
2017-12-10 00:00,7.526879883
2017-12-11 00:00,5.668481445
2017-12-12 00:00,4.187219238
2017-12-13 00:00,6.488092041
2017-12-14 00:00,9.192010498
2017-12-15 00:00,7.699304199
2017-12-16 00:00,5.829614258
2017-12-17 00:00,6.722467041
2017-12-18 00:00,10.40584717
2017-12-19 00:00,8.987634277
2017-12-20 00:00,8.04619751
2017-12-21 00:00,5.893701172
2017-12-22 00:00,4.873529053
2017-12-23 00:00,5.196466064
2017-12-24 00:00,4.265985107
2017-12-25 00:00,2.773278809
2017-12-26 00:00,4.50914917
2017-12-27 00:00,7.099847412
2017-12-28 00:00,5.878259277
2017-12-29 00:00,4.285913086
2017-12-30 00:00,3.376275635
2017-12-31 00:00,0.919244385
2018-01-01 00:00,1.125970459
2018-01-02 00:00,5.638665771
2018-01-03 00:00,4.307458496
2018-01-04 00:00,2.333581543
2018-01-05 00:00,-0.7722229
2018-01-06 00:00,-2.572454834
2018-01-07 00:00,0.07164917
2018-01-08 00:00,1.257196045
2018-01-09 00:00,1.679071045
2018-01-10 00:00,1.34319458
2018-01-11 00:00,1.163323975
2018-01-12 00:00,-0.197973633
2018-01-13 00:00,1.888421631
2018-01-14 00:00,0.670404053
2018-01-15 00:00,3.540490723
2018-01-16 00:00,8.256036377
2018-01-17 00:00,3.395135498
2018-01-18 00:00,2.442590332
2018-01-19 00:00,2.491174316
2018-01-20 00:00,2.728112793
2018-01-21 00:00,5.658502197
2018-01-22 00:00,3.513543701
2018-01-23 00:00,9.489770508
2018-01-24 00:00,6.910913086
2018-01-25 00:00,3.216912842
2018-01-26 00:00,6.082757568
2018-01-27 00:00,3.62532959
2018-01-28 00:00,2.700219727
2018-01-29 00:00,6.55892334
2018-01-30 00:00,2.910241699
2018-01-31 00:00,1.846246338
2018-02-01 00:00,3.879846191
2018-02-02 00:00,4.396875
2018-02-03 00:00,6.414239502
2018-02-04 00:00,4.148797607
2018-02-05 00:00,5.184899902
2018-02-06 00:00,5.325463867
2018-02-07 00:00,2.298638916
2018-02-08 00:00,2.89699707
2018-02-09 00:00,5.834100342
2018-02-10 00:00,4.772729492
2018-02-11 00:00,4.445092773
2018-02-12 00:00,5.743280029
2018-02-13 00:00,4.657006836
2018-02-14 00:00,4.424920654
2018-02-15 00:00,4.345117188
2018-02-16 00:00,3.985498047
2018-02-17 00:00,3.738244629
2018-02-18 00:00,2.117883301
2018-02-19 00:00,0.592218018
2018-02-20 00:00,0.410058594
2018-02-21 00:00,1.618981934
2018-02-22 00:00,2.269494629
2018-02-23 00:00,2.025415039
2018-02-24 00:00,1.484643555
2018-02-25 00:00,0.510064697
2018-02-26 00:00,0.748468018
2018-02-27 00:00,1.870507813
2018-02-28 00:00,2.335534668
2018-03-01 00:00,2.113244629
2018-03-02 00:00,2.348382568
2018-03-03 00:00,2.461999512
2018-03-04 00:00,4.594598389
2018-03-05 00:00,6.489587402
2018-03-06 00:00,4.777947998
2018-03-07 00:00,5.976617432
2018-03-08 00:00,5.79744873
2018-03-09 00:00,4.999414063
2018-03-10 00:00,7.333428955
2018-03-11 00:00,5.700402832
2018-03-12 00:00,6.285241699
2018-03-13 00:00,6.26317749
2018-03-14 00:00,7.215509033
2018-03-15 00:00,8.547265625
2018-03-16 00:00,10.07946167
2018-03-17 00:00,11.11583862
2018-03-18 00:00,9.096948242
2018-03-19 00:00,7.540063477
2018-03-20 00:00,6.853936768
2018-03-21 00:00,6.849023438
2018-03-22 00:00,5.655267334
2018-03-23 00:00,7.975335693
2018-03-24 00:00,10.7401062
2018-03-25 00:00,9.938409424
2018-03-26 00:00,8.506005859
2018-03-27 00:00,8.632196045
2018-03-28 00:00,9.977502441
2018-03-29 00:00,10.92891846
2018-03-30 00:00,10.67235718
2018-03-31 00:00,11.78362427
2018-04-01 00:00,8.696496582
2018-04-02 00:00,8.00802002
2018-04-03 00:00,11.16427002
2018-04-04 00:00,10.30883179
2018-04-05 00:00,10.43575439
2018-04-06 00:00,10.12514648
2018-04-07 00:00,7.938531494
2018-04-08 00:00,6.582940674
2018-04-09 00:00,9.422113037
2018-04-10 00:00,8.644067383
2018-04-11 00:00,10.86000977
2018-04-12 00:00,9.201165771
2018-04-13 00:00,9.337976074
2018-04-14 00:00,8.70647583
2018-04-15 00:00,8.045251465
2018-04-16 00:00,6.936151123
2018-04-17 00:00,5.287133789
2018-04-18 00:00,3.69375
2018-04-19 00:00,2.602075195
2018-04-20 00:00,4.098718262
2018-04-21 00:00,6.950006104
2018-04-22 00:00,8.22097168
2018-04-23 00:00,7.983514404
2018-04-24 00:00,8.980950928
2018-04-25 00:00,8.082147217
2018-04-26 00:00,9.126824951
2018-04-27 00:00,8.224328613
2018-04-28 00:00,9.607293701
2018-04-29 00:00,10.95449219
2018-04-30 00:00,9.072015381
2018-05-01 00:00,7.61763916
2018-05-02 00:00,8.410180664
2018-05-03 00:00,6.678735352
2018-05-04 00:00,8.317803955
2018-05-05 00:00,10.06707153
2018-05-06 00:00,10.2477356
2018-05-07 00:00,11.56875
2018-05-08 00:00,11.98796997
2018-05-09 00:00,13.17122803
2018-05-10 00:00,12.65358887
2018-05-11 00:00,13.18337402
2018-05-12 00:00,12.02919922
2018-05-13 00:00,12.77797852
2018-05-14 00:00,14.64516602
2018-05-15 00:00,15.05370483
2018-05-16 00:00,13.02041016
2018-05-17 00:00,11.99764404
2018-05-18 00:00,12.64165649
2018-05-19 00:00,13.49538574
2018-05-20 00:00,11.74553833
2018-05-21 00:00,11.77828369
2018-05-22 00:00,12.98543701
2018-05-23 00:00,11.99028931
2018-05-24 00:00,11.99309692
2018-05-25 00:00,13.12490234
2018-05-26 00:00,11.3331543
2018-05-27 00:00,14.06240234
2018-05-28 00:00,16.67901001
2018-05-29 00:00,18.61333618
2018-05-30 00:00,15.24859009
2018-05-31 00:00,12.4152771
2018-06-01 00:00,11.11861572
2018-06-02 00:00,12.6932312
2018-06-03 00:00,17.75701294
2018-06-04 00:00,13.57213745
2018-06-05 00:00,10.19466553
2018-06-06 00:00,12.01586304
2018-06-07 00:00,11.65490112
2018-06-08 00:00,11.84908447
2018-06-09 00:00,11.98406372
2018-06-10 00:00,12.85234985
2018-06-11 00:00,11.43859253
2018-06-12 00:00,14.10048828
2018-06-13 00:00,13.59230957
2018-06-14 00:00,12.5720459
2018-06-15 00:00,11.18056641
2018-06-16 00:00,11.2817627
2018-06-17 00:00,11.33068237
2018-06-18 00:00,11.75011597
2018-06-19 00:00,11.85631714
2018-06-20 00:00,14.76647339
2018-06-21 00:00,11.29458008
2018-06-22 00:00,14.1015564
2018-06-23 00:00,11.97713623
2018-06-24 00:00,11.71737061
2018-06-25 00:00,10.44884644
2018-06-26 00:00,11.94310913
2018-06-27 00:00,13.46135864
2018-06-28 00:00,12.84304199
2018-06-29 00:00,14.85799561
2018-06-30 00:00,14.87719116
2018-07-01 00:00,14.55306396
2018-07-02 00:00,13.9107605
2018-07-03 00:00,13.28908691
2018-07-04 00:00,14.75725708
2018-07-05 00:00,18.25444946
2018-07-06 00:00,16.80828247
2018-07-07 00:00,15.68740234
2018-07-08 00:00,15.39281616
2018-07-09 00:00,15.72347412
2018-07-10 00:00,15.7390686
2018-07-11 00:00,15.81182251
2018-07-12 00:00,16.39458618
2018-07-13 00:00,16.69793091
2018-07-14 00:00,16.99080811
2018-07-15 00:00,15.96132813
2018-07-16 00:00,14.48079834
2018-07-17 00:00,14.47643433
2018-07-18 00:00,12.46727905
2018-07-19 00:00,13.12886963
2018-07-20 00:00,16.02404175
2018-07-21 00:00,16.55281982
2018-07-22 00:00,16.25313721
2018-07-23 00:00,14.25386963
2018-07-24 00:00,14.82772217
2018-07-25 00:00,17.29042969
2018-07-26 00:00,15.76040039
2018-07-27 00:00,12.28838501
2018-07-28 00:00,12.25859985
2018-07-29 00:00,13.47268066
2018-07-30 00:00,12.53310547
2018-07-31 00:00,11.21239624
2018-08-01 00:00,10.63445435
2018-08-02 00:00,14.07506714
2018-08-03 00:00,14.75692139
2018-08-04 00:00,14.44851074
2018-08-05 00:00,13.98668823
2018-08-06 00:00,12.88314209
2018-08-07 00:00,12.38118896
2018-08-08 00:00,12.46276245
2018-08-09 00:00,12.70900879
2018-08-10 00:00,12.23516235
2018-08-11 00:00,11.78966675
2018-08-12 00:00,14.56694946
2018-08-13 00:00,15.80965576
2018-08-14 00:00,15.06737671
2018-08-15 00:00,15.35595093
2018-08-16 00:00,13.21154175
2018-08-17 00:00,13.27904663
2018-08-18 00:00,14.02053223
2018-08-19 00:00,17.17339478
2018-08-20 00:00,17.66680298
2018-08-21 00:00,14.10469971
2018-08-22 00:00,12.70244751
2018-08-23 00:00,13.13594971
2018-08-24 00:00,13.42775879
2018-08-25 00:00,13.91613159
2018-08-26 00:00,11.76366577
2018-08-27 00:00,11.44725952
2018-08-28 00:00,15.66661987
2018-08-29 00:00,16.2151123
2018-08-30 00:00,14.73934326
2018-08-31 00:00,14.94475708
2018-09-01 00:00,12.39653931
2018-09-02 00:00,9.716577148
2018-09-03 00:00,8.490869141
2018-09-04 00:00,11.66259155
2018-09-05 00:00,14.44805298
2018-09-06 00:00,13.02807007
2018-09-07 00:00,11.07457886
2018-09-08 00:00,10.82531128
2018-09-09 00:00,10.78841553
2018-09-10 00:00,9.883721924
2018-09-11 00:00,12.52431641
2018-09-12 00:00,11.95076904
2018-09-13 00:00,11.17699585
2018-09-14 00:00,9.469018555
2018-09-15 00:00,7.719476318
2018-09-16 00:00,9.635980225
2018-09-17 00:00,9.145532227
2018-09-18 00:00,10.38689575
2018-09-19 00:00,13.05562744
2018-09-20 00:00,13.90050659
2018-09-21 00:00,13.29598389
2018-09-22 00:00,10.43981323
2018-09-23 00:00,7.599969482
2018-09-24 00:00,9.125939941
2018-09-25 00:00,8.262078857
2018-09-26 00:00,6.776452637
2018-09-27 00:00,5.470117188
2018-09-28 00:00,5.359399414
2018-09-29 00:00,4.209619141
2018-09-30 00:00,3.663201904
2018-10-01 00:00,4.448327637
2018-10-02 00:00,8.585168457
2018-10-03 00:00,9.775018311
2018-10-04 00:00,7.936242676
2018-10-05 00:00,8.570153809
2018-10-06 00:00,8.725854492
2018-10-07 00:00,9.034967041
2018-10-08 00:00,8.84130249
2018-10-09 00:00,8.946862793
2018-10-10 00:00,8.49151001
2018-10-11 00:00,11.1836792
2018-10-12 00:00,12.91518555
2018-10-13 00:00,10.30120239
2018-10-14 00:00,9.051171875
2018-10-15 00:00,11.18602905
2018-10-16 00:00,9.882501221
2018-10-17 00:00,8.261773682
2018-10-18 00:00,10.23751221
2018-10-19 00:00,10.88173828
2018-10-20 00:00,11.34511719
2018-10-21 00:00,7.605310059
2018-10-22 00:00,9.888482666
2018-10-23 00:00,10.27337036
2018-10-24 00:00,10.67208252
2018-10-25 00:00,10.77730713
2018-10-26 00:00,13.05785522
2018-10-27 00:00,8.99553833
2018-10-28 00:00,9.765527344
2018-10-29 00:00,6.537896729
2018-10-30 00:00,6.532891846
2018-10-31 00:00,9.592767334
2018-11-01 00:00,6.275354004
2018-11-02 00:00,6.20647583
2018-11-03 00:00,8.137353516
2018-11-04 00:00,7.234368896
2018-11-05 00:00,8.466912842
2018-11-06 00:00,6.911187744
2018-11-07 00:00,6.175256348
2018-11-08 00:00,8.351922607
2018-11-09 00:00,10.18135986
2018-11-10 00:00,8.2015625
2018-11-11 00:00,5.755426025
2018-11-12 00:00,7.64989624
2018-11-13 00:00,5.988946533
2018-11-14 00:00,4.338250732
2018-11-15 00:00,4.384851074
2018-11-16 00:00,4.884118652
2018-11-17 00:00,5.750512695
2018-11-18 00:00,4.50524292
2018-11-19 00:00,6.125726318
2018-11-20 00:00,6.586450195
2018-11-21 00:00,4.961755371
2018-11-22 00:00,4.900476074
2018-11-23 00:00,3.854547119
2018-11-24 00:00,4.561669922
2018-11-25 00:00,3.24642334
2018-11-26 00:00,1.199945068
2018-11-27 00:00,2.809259033
2018-11-28 00:00,2.516717529
2018-11-29 00:00,5.870446777
2018-11-30 00:00,7.10189209
2018-12-01 00:00,6.913842773
2018-12-02 00:00,6.129785156
2018-12-03 00:00,5.456201172
2018-12-04 00:00,8.225579834
2018-12-05 00:00,9.595819092
2018-12-06 00:00,7.797784424
2018-12-07 00:00,2.173791504
2018-12-08 00:00,4.677728271
2018-12-09 00:00,6.703179932
2018-12-10 00:00,5.846673584
2018-12-11 00:00,5.015588379
2018-12-12 00:00,0.974847412
2018-12-13 00:00,0.273858643
2018-12-14 00:00,4.321252441
2018-12-15 00:00,0.028161621
2018-12-16 00:00,-0.405615234
2018-12-17 00:00,2.833886719
2018-12-18 00:00,5.052972412
2018-12-19 00:00,8.361474609
2018-12-20 00:00,7.128137207
2018-12-21 00:00,8.568536377
2018-12-22 00:00,4.486627197
2018-12-23 00:00,3.052789307
2018-12-24 00:00,6.78548584
2018-12-25 00:00,6.350946045
2018-12-26 00:00,5.742578125
2018-12-27 00:00,5.009332275
2018-12-28 00:00,5.355737305
2018-12-29 00:00,5.089593506
2018-12-30 00:00,2.241021729
2018-12-31 00:00,0.705377197
