time,flow,PHS_frp,NIT_nit
2016-01-01 00:00,1.104,0.716,138.1454
2016-01-02 00:00,1.462,0.713905926,138.0781748
2016-01-03 00:00,1.96,0.711811852,138.0109496
2016-01-04 00:00,2.793,0.709717778,137.9437244
2016-01-05 00:00,3.247,0.707623704,137.8764993
2016-01-06 00:00,2.465,0.70552963,137.8092741
2016-01-07 00:00,3.066,0.703435556,137.7420489
2016-01-08 00:00,1.796,0.701341481,137.6748237
2016-01-09 00:00,1.869,0.699247407,137.6075985
2016-01-10 00:00,2.167,0.697153333,137.5403733
2016-01-11 00:00,1.674,0.695059259,137.4731481
2016-01-12 00:00,3.222,0.692965185,137.405923
2016-01-13 00:00,1.707,0.690871111,137.3386978
2016-01-14 00:00,1.264,0.688777037,137.2714726
2016-01-15 00:00,0.983,0.686682963,137.2042474
2016-01-16 00:00,0.805,0.684588889,137.1370222
2016-01-17 00:00,0.687,0.682494815,137.069797
2016-01-18 00:00,0.705,0.680400741,137.0025719
2016-01-19 00:00,0.634,0.678306667,136.9353467
2016-01-20 00:00,0.594,0.676212593,136.8681215
2016-01-21 00:00,0.744,0.674118519,136.8008963
2016-01-22 00:00,3.375,0.672024444,136.7336711
2016-01-23 00:00,1.538,0.66993037,136.6664459
2016-01-24 00:00,2.117,0.667836296,136.5992207
2016-01-25 00:00,1.348,0.665742222,136.5319956
2016-01-26 00:00,4.538,0.663648148,136.4647704
2016-01-27 00:00,3.182,0.661554074,136.3975452
2016-01-28 00:00,3.322,0.65946,136.33032
2016-01-29 00:00,3.501,0.657365926,136.2630948
2016-01-30 00:00,2.127,0.655271852,136.1958696
2016-01-31 00:00,2.423,0.653177778,136.1286444
2016-02-01 00:00,4.877,0.651083704,136.0614193
2016-02-02 00:00,2.579,0.64898963,135.9941941
2016-02-03 00:00,1.672,0.646895556,135.9269689
2016-02-04 00:00,1.316,0.644801481,135.8597437
2016-02-05 00:00,1.302,0.642707407,135.7925185
2016-02-06 00:00,1.165,0.640613333,135.7252933
2016-02-07 00:00,3.157,0.638519259,135.6580681
2016-02-08 00:00,1.918,0.636425185,135.590843
2016-02-09 00:00,1.371,0.634331111,135.5236178
2016-02-10 00:00,1.053,0.632237037,135.4563926
2016-02-11 00:00,0.893,0.630142963,135.3891674
2016-02-12 00:00,0.772,0.628048889,135.3219422
2016-02-13 00:00,0.842,0.625954815,135.254717
2016-02-14 00:00,0.67,0.623860741,135.1874919
2016-02-15 00:00,0.574,0.621766667,135.1202667
2016-02-16 00:00,2.324,0.619672593,135.0530415
2016-02-17 00:00,1.673,0.617578519,134.9858163
2016-02-18 00:00,1.206,0.615484444,134.9185911
2016-02-19 00:00,1.839,0.61339037,134.8513659
2016-02-20 00:00,1.389,0.611296296,134.7841407
2016-02-21 00:00,1.095,0.609202222,134.7169156
2016-02-22 00:00,0.858,0.607108148,134.6496904
2016-02-23 00:00,0.698,0.605014074,134.5824652
2016-02-24 00:00,0.594,0.60292,134.51524
2016-02-25 00:00,0.538,0.600825926,134.4480148
2016-02-26 00:00,0.487,0.598731852,134.3807896
2016-02-27 00:00,0.43,0.596637778,134.3135644
2016-02-28 00:00,0.39,0.594543704,134.2463393
2016-02-29 00:00,1.251,0.59244963,134.1791141
2016-03-01 00:00,1.499,0.590355556,134.1118889
2016-03-02 00:00,0.883,0.588261481,134.0446637
2016-03-03 00:00,0.728,0.586167407,133.9774385
2016-03-04 00:00,0.755,0.584073333,133.9102133
2016-03-05 00:00,0.581,0.581979259,133.8429881
2016-03-06 00:00,0.502,0.579885185,133.775763
2016-03-07 00:00,0.461,0.577791111,133.7085378
2016-03-08 00:00,0.495,0.575697037,133.6413126
2016-03-09 00:00,0.469,0.573602963,133.5740874
2016-03-10 00:00,0.403,0.571508889,133.5068622
2016-03-11 00:00,0.4,0.569414815,133.439637
2016-03-12 00:00,0.381,0.567320741,133.3724119
2016-03-13 00:00,0.347,0.565226667,133.3051867
2016-03-14 00:00,0.319,0.563132593,133.2379615
2016-03-15 00:00,0.301,0.561038519,133.1707363
2016-03-16 00:00,0.287,0.558944444,133.1035111
2016-03-17 00:00,0.276,0.55685037,133.0362859
2016-03-18 00:00,0.263,0.554756296,132.9690607
2016-03-19 00:00,0.248,0.552662222,132.9018356
2016-03-20 00:00,0.231,0.550568148,132.8346104
2016-03-21 00:00,0.222,0.548474074,132.7673852
2016-03-22 00:00,0.214,0.54638,132.70016
2016-03-23 00:00,0.207,0.544285926,132.6329348
2016-03-24 00:00,0.235,0.542191852,132.5657096
2016-03-25 00:00,0.21,0.540097778,132.4984844
2016-03-26 00:00,0.59,0.538003704,132.4312593
2016-03-27 00:00,0.545,0.53590963,132.3640341
2016-03-28 00:00,0.374,0.533815556,132.2968089
2016-03-29 00:00,0.332,0.531721481,132.2295837
2016-03-30 00:00,0.297,0.529627407,132.1623585
2016-03-31 00:00,0.268,0.527533333,132.0951333
2016-04-01 00:00,0.507,0.525439259,132.0279081
2016-04-02 00:00,0.48,0.523345185,131.960683
2016-04-03 00:00,0.623,0.521251111,131.8934578
2016-04-04 00:00,1.623,0.519157037,131.8262326
2016-04-05 00:00,1.186,0.517062963,131.7590074
2016-04-06 00:00,0.864,0.514968889,131.6917822
2016-04-07 00:00,0.655,0.512874815,131.624557
2016-04-08 00:00,0.604,0.510780741,131.5573319
2016-04-09 00:00,0.582,0.508686667,131.4901067
2016-04-10 00:00,0.478,0.506592593,131.4228815
2016-04-11 00:00,0.428,0.504498519,131.3556563
2016-04-12 00:00,0.498,0.502404444,131.2884311
2016-04-13 00:00,0.441,0.50031037,131.2212059
2016-04-14 00:00,0.388,0.498216296,131.1539807
2016-04-15 00:00,0.347,0.496122222,131.0867556
2016-04-16 00:00,0.323,0.494028148,131.0195304
2016-04-17 00:00,0.3,0.491934074,130.9523052
2016-04-18 00:00,0.273,0.48984,130.88508
2016-04-19 00:00,0.253,0.487745926,130.8178548
2016-04-20 00:00,0.24,0.485651852,130.7506296
2016-04-21 00:00,0.227,0.483557778,130.6834044
2016-04-22 00:00,0.223,0.481463704,130.6161793
2016-04-23 00:00,0.212,0.47936963,130.5489541
2016-04-24 00:00,0.201,0.477275556,130.4817289
2016-04-25 00:00,0.193,0.475181481,130.4145037
2016-04-26 00:00,0.183,0.473087407,130.3472785
2016-04-27 00:00,0.179,0.470993333,130.2800533
2016-04-28 00:00,0.209,0.468899259,130.2128281
2016-04-29 00:00,0.374,0.466805185,130.145603
2016-04-30 00:00,0.431,0.464711111,130.0783778
2016-05-01 00:00,0.481,0.462617037,130.0111526
2016-05-02 00:00,0.876,0.460522963,129.9439274
2016-05-03 00:00,0.44,0.458428889,129.8767022
2016-05-04 00:00,0.346,0.456334815,129.809477
2016-05-05 00:00,0.33,0.454240741,129.7422519
2016-05-06 00:00,0.27,0.452146667,129.6750267
2016-05-07 00:00,0.252,0.450052593,129.6078015
2016-05-08 00:00,0.238,0.447958519,129.5405763
2016-05-09 00:00,0.216,0.445864444,129.4733511
2016-05-10 00:00,0.199,0.44377037,129.4061259
2016-05-11 00:00,0.186,0.441676296,129.3389007
2016-05-12 00:00,0.175,0.439582222,129.2716756
2016-05-13 00:00,0.17,0.437488148,129.2044504
2016-05-14 00:00,0.16,0.431259783,129.1372252
2016-05-15 00:00,0.156,0.4333,129.07
2016-05-16 00:00,0.15,0.435340217,127.9197826
2016-05-17 00:00,0.149,0.437380435,126.7695652
2016-05-18 00:00,0.163,0.439420652,125.6193478
2016-05-19 00:00,0.196,0.44146087,124.4691304
2016-05-20 00:00,0.249,0.443501087,123.318913
2016-05-21 00:00,0.395,0.445541304,122.1686957
2016-05-22 00:00,0.208,0.447581522,121.0184783
2016-05-23 00:00,0.174,0.449621739,119.8682609
2016-05-24 00:00,0.165,0.451661957,118.7180435
2016-05-25 00:00,0.155,0.453702174,117.5678261
2016-05-26 00:00,0.148,0.455742391,116.4176087
2016-05-27 00:00,0.15,0.457782609,115.2673913
2016-05-28 00:00,0.145,0.459822826,114.1171739
2016-05-29 00:00,0.129,0.461863043,112.9669565
2016-05-30 00:00,0.125,0.463903261,111.8167391
2016-05-31 00:00,0.123,0.465943478,110.6665217
2016-06-01 00:00,0.12,0.467983696,109.5163043
2016-06-02 00:00,0.105,0.470023913,108.366087
2016-06-03 00:00,0.111,0.47206413,107.2158696
2016-06-04 00:00,0.106,0.474104348,106.0656522
2016-06-05 00:00,0.103,0.476144565,104.9154348
2016-06-06 00:00,0.097,0.478184783,103.7652174
2016-06-07 00:00,0.089,0.480225,102.615
2016-06-08 00:00,0.083,0.482265217,101.4647826
2016-06-09 00:00,0.084,0.484305435,100.3145652
2016-06-10 00:00,0.087,0.486345652,99.16434783
2016-06-11 00:00,0.09,0.48838587,98.01413043
2016-06-12 00:00,0.097,0.490426087,96.86391304
2016-06-13 00:00,0.083,0.492466304,95.71369565
2016-06-14 00:00,0.217,0.494506522,94.56347826
2016-06-15 00:00,0.262,0.496546739,93.41326087
2016-06-16 00:00,0.268,0.498586957,92.26304348
2016-06-17 00:00,0.235,0.500627174,91.11282609
2016-06-18 00:00,0.183,0.502667391,89.9626087
2016-06-19 00:00,0.781,0.504707609,88.8123913
2016-06-20 00:00,0.507,0.506747826,87.66217391
2016-06-21 00:00,0.293,0.508788043,86.51195652
2016-06-22 00:00,0.228,0.510828261,85.36173913
2016-06-23 00:00,0.19,0.512868478,84.21152174
2016-06-24 00:00,0.181,0.514908696,83.06130435
2016-06-25 00:00,0.196,0.516948913,81.91108696
2016-06-26 00:00,0.165,0.51898913,80.76086957
2016-06-27 00:00,0.146,0.521029348,79.61065217
2016-06-28 00:00,0.137,0.523069565,78.46043478
2016-06-29 00:00,0.134,0.525109783,77.31021739
2016-06-30 00:00,0.128,0.52715,76.16
2016-07-01 00:00,0.134,0.529190217,75.00978261
2016-07-02 00:00,0.123,0.531230435,73.85956522
2016-07-03 00:00,0.116,0.533270652,72.70934783
2016-07-04 00:00,0.123,0.53531087,71.55913043
2016-07-05 00:00,0.121,0.537351087,70.40891304
2016-07-06 00:00,0.113,0.539391304,69.25869565
2016-07-07 00:00,0.185,0.541431522,68.10847826
2016-07-08 00:00,0.345,0.543471739,66.95826087
2016-07-09 00:00,0.57,0.545511957,65.80804348
2016-07-10 00:00,0.734,0.547552174,64.65782609
2016-07-11 00:00,0.492,0.549592391,63.5076087
2016-07-12 00:00,0.324,0.551632609,62.3573913
2016-07-13 00:00,0.264,0.553672826,61.20717391
2016-07-14 00:00,0.211,0.555713043,60.05695652
2016-07-15 00:00,0.254,0.557753261,58.90673913
2016-07-16 00:00,0.223,0.559793478,57.75652174
2016-07-17 00:00,0.196,0.561833696,56.60630435
2016-07-18 00:00,0.182,0.563873913,55.45608696
2016-07-19 00:00,0.163,0.56591413,54.30586957
2016-07-20 00:00,0.599,0.567954348,53.15565217
2016-07-21 00:00,0.282,0.569994565,52.00543478
2016-07-22 00:00,0.246,0.572034783,50.85521739
2016-07-23 00:00,0.212,0.574075,49.705
2016-07-24 00:00,0.448,0.576115217,48.55478261
2016-07-25 00:00,0.386,0.578155435,47.40456522
2016-07-26 00:00,0.282,0.580195652,46.25434783
2016-07-27 00:00,0.242,0.58223587,45.10413043
2016-07-28 00:00,0.212,0.584276087,43.95391304
2016-07-29 00:00,0.193,0.586316304,42.80369565
2016-07-30 00:00,0.175,0.588356522,41.65347826
2016-07-31 00:00,0.161,0.590396739,40.50326087
2016-08-01 00:00,0.15,0.592436957,39.35304348
2016-08-02 00:00,0.407,0.594477174,38.20282609
2016-08-03 00:00,0.746,0.596517391,37.0526087
2016-08-04 00:00,0.406,0.598557609,35.9023913
2016-08-05 00:00,0.303,0.600597826,34.75217391
2016-08-06 00:00,0.286,0.602638043,33.60195652
2016-08-07 00:00,0.294,0.604678261,32.45173913
2016-08-08 00:00,0.261,0.606718478,31.30152174
2016-08-09 00:00,0.222,0.608758696,30.15130435
2016-08-10 00:00,0.276,0.610798913,29.00108696
2016-08-11 00:00,0.368,0.61283913,27.85086957
2016-08-12 00:00,0.408,0.614879348,26.70065217
2016-08-13 00:00,0.363,0.616919565,25.55043478
2016-08-14 00:00,0.283,0.618959783,24.40021739
2016-08-15 00:00,0.246,0.621,23.25
2016-08-16 00:00,0.221,0.620119565,23.09643478
2016-08-17 00:00,0.196,0.61923913,22.94286957
2016-08-18 00:00,0.183,0.618358696,22.78930435
2016-08-19 00:00,0.207,0.617478261,22.63573913
2016-08-20 00:00,0.258,0.616597826,22.48217391
2016-08-21 00:00,0.229,0.615717391,22.3286087
2016-08-22 00:00,0.191,0.614836957,22.17504348
2016-08-23 00:00,0.172,0.613956522,22.02147826
2016-08-24 00:00,0.16,0.613076087,21.86791304
2016-08-25 00:00,0.158,0.612195652,21.71434783
2016-08-26 00:00,0.156,0.611315217,21.56078261
2016-08-27 00:00,0.147,0.610434783,21.40721739
2016-08-28 00:00,0.15,0.609554348,21.25365217
2016-08-29 00:00,0.141,0.608673913,21.10008696
2016-08-30 00:00,0.132,0.607793478,20.94652174
2016-08-31 00:00,0.139,0.606913043,20.79295652
2016-09-01 00:00,0.158,0.606032609,20.6393913
2016-09-02 00:00,0.195,0.605152174,20.48582609
2016-09-03 00:00,0.17,0.604271739,20.33226087
2016-09-04 00:00,0.181,0.603391304,20.17869565
2016-09-05 00:00,0.18,0.60251087,20.02513043
2016-09-06 00:00,0.354,0.601630435,19.87156522
2016-09-07 00:00,0.316,0.60075,19.718
2016-09-08 00:00,0.864,0.599869565,19.56443478
2016-09-09 00:00,1.49,0.59898913,19.41086957
2016-09-10 00:00,0.826,0.598108696,19.25730435
2016-09-11 00:00,0.52,0.597228261,19.10373913
2016-09-12 00:00,0.417,0.596347826,18.95017391
2016-09-13 00:00,0.393,0.595467391,18.7966087
2016-09-14 00:00,0.348,0.594586957,18.64304348
2016-09-15 00:00,0.324,0.593706522,18.48947826
2016-09-16 00:00,0.322,0.592826087,18.33591304
2016-09-17 00:00,0.273,0.591945652,18.18234783
2016-09-18 00:00,0.251,0.591065217,18.02878261
2016-09-19 00:00,0.211,0.590184783,17.87521739
2016-09-20 00:00,0.204,0.589304348,17.72165217
2016-09-21 00:00,0.22,0.588423913,17.56808696
2016-09-22 00:00,0.217,0.587543478,17.41452174
2016-09-23 00:00,0.209,0.586663043,17.26095652
2016-09-24 00:00,0.337,0.585782609,17.1073913
2016-09-25 00:00,0.291,0.584902174,16.95382609
2016-09-26 00:00,0.514,0.584021739,16.80026087
2016-09-27 00:00,0.612,0.583141304,16.64669565
2016-09-28 00:00,1.407,0.58226087,16.49313043
2016-09-29 00:00,1.139,0.581380435,16.33956522
2016-09-30 00:00,0.713,0.5805,16.186
2016-10-01 00:00,0.544,0.579619565,16.03243478
2016-10-02 00:00,0.456,0.57873913,15.87886957
2016-10-03 00:00,0.396,0.577858696,15.72530435
2016-10-04 00:00,0.353,0.576978261,15.57173913
2016-10-05 00:00,0.317,0.576097826,15.41817391
2016-10-06 00:00,0.29,0.575217391,15.2646087
2016-10-07 00:00,0.264,0.574336957,15.11104348
2016-10-08 00:00,0.255,0.573456522,14.95747826
2016-10-09 00:00,0.248,0.572576087,14.80391304
2016-10-10 00:00,0.231,0.571695652,14.65034783
2016-10-11 00:00,0.231,0.570815217,14.49678261
2016-10-12 00:00,0.225,0.569934783,14.34321739
2016-10-13 00:00,0.275,0.569054348,14.18965217
2016-10-14 00:00,0.496,0.568173913,14.03608696
2016-10-15 00:00,0.559,0.567293478,13.88252174
2016-10-16 00:00,0.409,0.566413043,13.72895652
2016-10-17 00:00,0.531,0.565532609,13.5753913
2016-10-18 00:00,0.647,0.564652174,13.42182609
2016-10-19 00:00,0.442,0.563771739,13.26826087
2016-10-20 00:00,0.38,0.562891304,13.11469565
2016-10-21 00:00,0.346,0.56201087,12.96113043
2016-10-22 00:00,0.362,0.561130435,12.80756522
2016-10-23 00:00,0.419,0.56025,12.654
2016-10-24 00:00,0.394,0.559369565,12.50043478
2016-10-25 00:00,0.348,0.55848913,12.34686957
2016-10-26 00:00,0.325,0.557608696,12.19330435
2016-10-27 00:00,0.355,0.556728261,12.03973913
2016-10-28 00:00,0.329,0.555847826,11.88617391
2016-10-29 00:00,0.313,0.554967391,11.7326087
2016-10-30 00:00,0.299,0.554086957,11.57904348
2016-10-31 00:00,0.331,0.553206522,11.42547826
2016-11-01 00:00,0.318,0.552326087,11.27191304
2016-11-02 00:00,0.285,0.551445652,11.11834783
2016-11-03 00:00,0.294,0.550565217,10.96478261
2016-11-04 00:00,0.295,0.549684783,10.81121739
2016-11-05 00:00,0.281,0.548804348,10.65765217
2016-11-06 00:00,0.27,0.547923913,10.50408696
2016-11-07 00:00,0.245,0.547043478,10.35052174
2016-11-08 00:00,0.246,0.546163043,10.19695652
2016-11-09 00:00,0.268,0.545282609,10.0433913
2016-11-10 00:00,0.315,0.544402174,9.889826087
2016-11-11 00:00,0.523,0.543521739,9.73626087
2016-11-12 00:00,0.747,0.542641304,9.582695652
2016-11-13 00:00,0.677,0.54176087,9.429130435
2016-11-14 00:00,0.641,0.540880435,9.275565217
2016-11-15 00:00,0.566,0.54,9.122
2016-11-16 00:00,1.325,0.543826087,11.92685652
2016-11-17 00:00,2.03,0.547652174,14.73171304
2016-11-18 00:00,1.087,0.551478261,17.53656957
2016-11-19 00:00,0.824,0.555304348,20.34142609
2016-11-20 00:00,0.658,0.559130435,23.14628261
2016-11-21 00:00,0.575,0.562956522,25.95113913
2016-11-22 00:00,0.596,0.566782609,28.75599565
2016-11-23 00:00,0.49,0.570608696,31.56085217
2016-11-24 00:00,0.439,0.574434783,34.3657087
2016-11-25 00:00,0.404,0.57826087,37.17056522
2016-11-26 00:00,0.396,0.582086957,39.97542174
2016-11-27 00:00,0.379,0.585913043,42.78027826
2016-11-28 00:00,0.355,0.58973913,45.58513478
2016-11-29 00:00,0.334,0.593565217,48.3899913
2016-11-30 00:00,0.315,0.597391304,51.19484783
2016-12-01 00:00,0.296,0.601217391,53.99970435
2016-12-02 00:00,0.283,0.605043478,56.80456087
2016-12-03 00:00,0.273,0.608869565,59.60941739
2016-12-04 00:00,0.26,0.612695652,62.41427391
2016-12-05 00:00,0.214,0.616521739,65.21913043
2016-12-06 00:00,0.264,0.620347826,68.02398696
2016-12-07 00:00,0.313,0.624173913,70.82884348
2016-12-08 00:00,0.279,0.628,73.6337
2016-12-09 00:00,0.351,0.631826087,76.43855652
2016-12-10 00:00,0.326,0.635652174,79.24341304
2016-12-11 00:00,0.288,0.639478261,82.04826957
2016-12-12 00:00,0.272,0.643304348,84.85312609
2016-12-13 00:00,0.265,0.647130435,87.65798261
2016-12-14 00:00,0.264,0.650956522,90.46283913
2016-12-15 00:00,0.262,0.654782609,93.26769565
2016-12-16 00:00,0.342,0.658608696,96.07255217
2016-12-17 00:00,0.316,0.662434783,98.8774087
2016-12-18 00:00,0.313,0.66626087,101.6822652
2016-12-19 00:00,0.291,0.670086957,104.4871217
2016-12-20 00:00,0.369,0.673913043,107.2919783
2016-12-21 00:00,0.776,0.67773913,110.0968348
2016-12-22 00:00,1.81,0.681565217,112.9016913
2016-12-23 00:00,3.798,0.685391304,115.7065478
2016-12-24 00:00,3.223,0.689217391,118.5114043
2016-12-25 00:00,2.297,0.693043478,121.3162609
2016-12-26 00:00,2.116,0.696869565,124.1211174
2016-12-27 00:00,1.561,0.700695652,126.9259739
2016-12-28 00:00,1.123,0.704521739,129.7308304
2016-12-29 00:00,0.908,0.708347826,132.535687
2016-12-30 00:00,0.771,0.712173913,135.3405435
2016-12-31 00:00,0.744,0.716,138.1454
2017-01-01 00:00,0.629,0.716,138.1454
2017-01-02 00:00,0.553,0.713905926,138.0781748
2017-01-03 00:00,0.504,0.711811852,138.0109496
2017-01-04 00:00,0.442,0.709717778,137.9437244
2017-01-05 00:00,0.406,0.707623704,137.8764993
2017-01-06 00:00,0.397,0.70552963,137.8092741
2017-01-07 00:00,0.367,0.703435556,137.7420489
2017-01-08 00:00,0.364,0.701341481,137.6748237
2017-01-09 00:00,0.677,0.699247407,137.6075985
2017-01-10 00:00,0.53,0.697153333,137.5403733
2017-01-11 00:00,0.507,0.695059259,137.4731481
2017-01-12 00:00,0.44,0.692965185,137.405923
2017-01-13 00:00,0.389,0.690871111,137.3386978
2017-01-14 00:00,0.376,0.688777037,137.2714726
2017-01-15 00:00,0.497,0.686682963,137.2042474
2017-01-16 00:00,0.428,0.684588889,137.1370222
2017-01-17 00:00,0.39,0.682494815,137.069797
2017-01-18 00:00,0.366,0.680400741,137.0025719
2017-01-19 00:00,0.344,0.678306667,136.9353467
2017-01-20 00:00,0.334,0.676212593,136.8681215
2017-01-21 00:00,0.313,0.674118519,136.8008963
2017-01-22 00:00,0.299,0.672024444,136.7336711
2017-01-23 00:00,0.286,0.66993037,136.6664459
2017-01-24 00:00,0.318,0.667836296,136.5992207
2017-01-25 00:00,0.318,0.665742222,136.5319956
2017-01-26 00:00,0.278,0.663648148,136.4647704
2017-01-27 00:00,0.27,0.661554074,136.3975452
2017-01-28 00:00,0.413,0.65946,136.33032
2017-01-29 00:00,0.391,0.657365926,136.2630948
2017-01-30 00:00,0.349,0.655271852,136.1958696
2017-01-31 00:00,0.609,0.653177778,136.1286444
2017-02-01 00:00,0.493,0.651083704,136.0614193
2017-02-02 00:00,0.464,0.64898963,135.9941941
2017-02-03 00:00,0.434,0.646895556,135.9269689
2017-02-04 00:00,1.063,0.644801481,135.8597437
2017-02-05 00:00,0.781,0.642707407,135.7925185
2017-02-06 00:00,0.859,0.640613333,135.7252933
2017-02-07 00:00,1.499,0.638519259,135.6580681
2017-02-08 00:00,1.134,0.636425185,135.590843
2017-02-09 00:00,0.87,0.634331111,135.5236178
2017-02-10 00:00,0.727,0.632237037,135.4563926
2017-02-11 00:00,0.676,0.630142963,135.3891674
2017-02-12 00:00,0.635,0.628048889,135.3219422
2017-02-13 00:00,0.729,0.625954815,135.254717
2017-02-14 00:00,0.648,0.623860741,135.1874919
2017-02-15 00:00,0.557,0.621766667,135.1202667
2017-02-16 00:00,0.556,0.619672593,135.0530415
2017-02-17 00:00,0.495,0.617578519,134.9858163
2017-02-18 00:00,0.496,0.615484444,134.9185911
2017-02-19 00:00,0.452,0.61339037,134.8513659
2017-02-20 00:00,0.418,0.611296296,134.7841407
2017-02-21 00:00,0.428,0.609202222,134.7169156
2017-02-22 00:00,0.452,0.607108148,134.6496904
2017-02-23 00:00,0.805,0.605014074,134.5824652
2017-02-24 00:00,1.893,0.60292,134.51524
2017-02-25 00:00,4.53,0.600825926,134.4480148
2017-02-26 00:00,3.896,0.598731852,134.3807896
2017-02-27 00:00,2.058,0.596637778,134.3135644
2017-02-28 00:00,1.359,0.594543704,134.2463393
2017-03-01 00:00,0.992,0.59244963,134.1791141
2017-03-02 00:00,0.775,0.590355556,134.1118889
2017-03-03 00:00,0.772,0.588261481,134.0446637
2017-03-04 00:00,1.704,0.586167407,133.9774385
2017-03-05 00:00,1.341,0.584073333,133.9102133
2017-03-06 00:00,1.051,0.581979259,133.8429881
2017-03-07 00:00,1.115,0.579885185,133.775763
2017-03-08 00:00,1.263,0.577791111,133.7085378
2017-03-09 00:00,1.168,0.575697037,133.6413126
2017-03-10 00:00,0.921,0.573602963,133.5740874
2017-03-11 00:00,0.849,0.571508889,133.5068622
2017-03-12 00:00,0.734,0.569414815,133.439637
2017-03-13 00:00,0.64,0.567320741,133.3724119
2017-03-14 00:00,0.597,0.565226667,133.3051867
2017-03-15 00:00,0.53,0.563132593,133.2379615
2017-03-16 00:00,0.502,0.561038519,133.1707363
2017-03-17 00:00,0.514,0.558944444,133.1035111
2017-03-18 00:00,0.53,0.55685037,133.0362859
2017-03-19 00:00,0.563,0.554756296,132.9690607
2017-03-20 00:00,0.63,0.552662222,132.9018356
2017-03-21 00:00,0.82,0.550568148,132.8346104
2017-03-22 00:00,0.695,0.548474074,132.7673852
2017-03-23 00:00,0.591,0.54638,132.70016
2017-03-24 00:00,0.516,0.544285926,132.6329348
2017-03-25 00:00,0.46,0.542191852,132.5657096
2017-03-26 00:00,0.418,0.540097778,132.4984844
2017-03-27 00:00,0.385,0.538003704,132.4312593
2017-03-28 00:00,0.363,0.53590963,132.3640341
2017-03-29 00:00,0.421,0.533815556,132.2968089
2017-03-30 00:00,0.852,0.531721481,132.2295837
2017-03-31 00:00,0.933,0.529627407,132.1623585
2017-04-01 00:00,0.58,0.527533333,132.0951333
2017-04-02 00:00,0.481,0.525439259,132.0279081
2017-04-03 00:00,0.456,0.523345185,131.960683
2017-04-04 00:00,0.41,0.521251111,131.8934578
2017-04-05 00:00,0.367,0.519157037,131.8262326
2017-04-06 00:00,0.324,0.517062963,131.7590074
2017-04-07 00:00,0.311,0.514968889,131.6917822
2017-04-08 00:00,0.295,0.512874815,131.624557
2017-04-09 00:00,0.279,0.510780741,131.5573319
2017-04-10 00:00,0.26,0.508686667,131.4901067
2017-04-11 00:00,0.251,0.506592593,131.4228815
2017-04-12 00:00,0.235,0.504498519,131.3556563
2017-04-13 00:00,0.223,0.502404444,131.2884311
2017-04-14 00:00,0.215,0.50031037,131.2212059
2017-04-15 00:00,0.204,0.498216296,131.1539807
2017-04-16 00:00,0.203,0.496122222,131.0867556
2017-04-17 00:00,0.194,0.494028148,131.0195304
2017-04-18 00:00,0.186,0.491934074,130.9523052
2017-04-19 00:00,0.179,0.48984,130.88508
2017-04-20 00:00,0.172,0.487745926,130.8178548
2017-04-21 00:00,0.167,0.485651852,130.7506296
2017-04-22 00:00,0.161,0.483557778,130.6834044
2017-04-23 00:00,0.159,0.481463704,130.6161793
2017-04-24 00:00,0.163,0.47936963,130.5489541
2017-04-25 00:00,0.157,0.477275556,130.4817289
2017-04-26 00:00,0.147,0.475181481,130.4145037
2017-04-27 00:00,0.145,0.473087407,130.3472785
2017-04-28 00:00,0.141,0.470993333,130.2800533
2017-04-29 00:00,0.137,0.468899259,130.2128281
2017-04-30 00:00,0.133,0.466805185,130.145603
2017-05-01 00:00,0.116,0.464711111,130.0783778
2017-05-02 00:00,0.116,0.462617037,130.0111526
2017-05-03 00:00,0.118,0.460522963,129.9439274
2017-05-04 00:00,0.118,0.458428889,129.8767022
2017-05-05 00:00,0.115,0.456334815,129.809477
2017-05-06 00:00,0.112,0.454240741,129.7422519
2017-05-07 00:00,0.099,0.452146667,129.6750267
2017-05-08 00:00,0.101,0.450052593,129.6078015
2017-05-09 00:00,0.106,0.447958519,129.5405763
2017-05-10 00:00,0.107,0.445864444,129.4733511
2017-05-11 00:00,0.104,0.44377037,129.4061259
2017-05-12 00:00,0.102,0.441676296,129.3389007
2017-05-13 00:00,0.111,0.439582222,129.2716756
2017-05-14 00:00,0.11,0.437488148,129.2044504
2017-05-15 00:00,0.144,0.431259783,129.1372252
2017-05-16 00:00,0.139,0.4333,129.07
2017-05-17 00:00,0.099,0.435340217,127.9197826
2017-05-18 00:00,0.096,0.437380435,126.7695652
2017-05-19 00:00,0.094,0.439420652,125.6193478
2017-05-20 00:00,0.119,0.44146087,124.4691304
2017-05-21 00:00,0.153,0.443501087,123.318913
2017-05-22 00:00,0.17,0.445541304,122.1686957
2017-05-23 00:00,0.159,0.447581522,121.0184783
2017-05-24 00:00,0.123,0.449621739,119.8682609
2017-05-25 00:00,0.112,0.451661957,118.7180435
2017-05-26 00:00,0.102,0.453702174,117.5678261
2017-05-27 00:00,0.097,0.455742391,116.4176087
2017-05-28 00:00,0.092,0.457782609,115.2673913
2017-05-29 00:00,0.097,0.459822826,114.1171739
2017-05-30 00:00,0.094,0.461863043,112.9669565
2017-05-31 00:00,0.083,0.463903261,111.8167391
2017-06-01 00:00,0.088,0.465943478,110.6665217
2017-06-02 00:00,0.094,0.467983696,109.5163043
2017-06-03 00:00,0.094,0.470023913,108.366087
2017-06-04 00:00,0.091,0.47206413,107.2158696
2017-06-05 00:00,0.227,0.474104348,106.0656522
2017-06-06 00:00,3.273,0.476144565,104.9154348
2017-06-07 00:00,1.404,0.478184783,103.7652174
2017-06-08 00:00,2.187,0.480225,102.615
2017-06-09 00:00,1.763,0.482265217,101.4647826
2017-06-10 00:00,1.262,0.484305435,100.3145652
2017-06-11 00:00,1.551,0.486345652,99.16434783
2017-06-12 00:00,1.059,0.48838587,98.01413043
2017-06-13 00:00,0.726,0.490426087,96.86391304
2017-06-14 00:00,0.563,0.492466304,95.71369565
2017-06-15 00:00,0.534,0.494506522,94.56347826
2017-06-16 00:00,0.432,0.496546739,93.41326087
2017-06-17 00:00,0.364,0.498586957,92.26304348
2017-06-18 00:00,0.291,0.500627174,91.11282609
2017-06-19 00:00,0.261,0.502667391,89.9626087
2017-06-20 00:00,0.24,0.504707609,88.8123913
2017-06-21 00:00,0.239,0.506747826,87.66217391
2017-06-22 00:00,0.214,0.508788043,86.51195652
2017-06-23 00:00,0.204,0.510828261,85.36173913
2017-06-24 00:00,0.185,0.512868478,84.21152174
2017-06-25 00:00,0.174,0.514908696,83.06130435
2017-06-26 00:00,0.168,0.516948913,81.91108696
2017-06-27 00:00,0.214,0.51898913,80.76086957
2017-06-28 00:00,0.18,0.521029348,79.61065217
2017-06-29 00:00,0.486,0.523069565,78.46043478
2017-06-30 00:00,0.392,0.525109783,77.31021739
2017-07-01 00:00,0.253,0.52715,76.16
2017-07-02 00:00,0.207,0.529190217,75.00978261
2017-07-03 00:00,0.154,0.531230435,73.85956522
2017-07-04 00:00,0.175,0.533270652,72.70934783
2017-07-05 00:00,0.166,0.53531087,71.55913043
2017-07-06 00:00,0.161,0.537351087,70.40891304
2017-07-07 00:00,0.152,0.539391304,69.25869565
2017-07-08 00:00,0.135,0.541431522,68.10847826
2017-07-09 00:00,0.151,0.543471739,66.95826087
2017-07-10 00:00,0.157,0.545511957,65.80804348
2017-07-11 00:00,0.174,0.547552174,64.65782609
2017-07-12 00:00,0.144,0.549592391,63.5076087
2017-07-13 00:00,0.132,0.551632609,62.3573913
2017-07-14 00:00,0.127,0.553672826,61.20717391
2017-07-15 00:00,0.162,0.555713043,60.05695652
2017-07-16 00:00,0.128,0.557753261,58.90673913
2017-07-17 00:00,0.117,0.559793478,57.75652174
2017-07-18 00:00,0.113,0.561833696,56.60630435
2017-07-19 00:00,0.152,0.563873913,55.45608696
2017-07-20 00:00,0.255,0.56591413,54.30586957
2017-07-21 00:00,0.167,0.567954348,53.15565217
2017-07-22 00:00,0.264,0.569994565,52.00543478
2017-07-23 00:00,0.289,0.572034783,50.85521739
2017-07-24 00:00,0.195,0.574075,49.705
2017-07-25 00:00,0.17,0.576115217,48.55478261
2017-07-26 00:00,0.907,0.578155435,47.40456522
2017-07-27 00:00,0.405,0.580195652,46.25434783
2017-07-28 00:00,0.332,0.58223587,45.10413043
2017-07-29 00:00,0.544,0.584276087,43.95391304
2017-07-30 00:00,0.493,0.586316304,42.80369565
2017-07-31 00:00,0.665,0.588356522,41.65347826
2017-08-01 00:00,0.658,0.590396739,40.50326087
2017-08-02 00:00,0.891,0.592436957,39.35304348
2017-08-03 00:00,1.042,0.594477174,38.20282609
2017-08-04 00:00,1.152,0.596517391,37.0526087
2017-08-05 00:00,0.846,0.598557609,35.9023913
2017-08-06 00:00,0.903,0.600597826,34.75217391
2017-08-07 00:00,0.735,0.602638043,33.60195652
2017-08-08 00:00,0.541,0.604678261,32.45173913
2017-08-09 00:00,0.436,0.606718478,31.30152174
2017-08-10 00:00,0.374,0.608758696,30.15130435
2017-08-11 00:00,0.428,0.610798913,29.00108696
2017-08-12 00:00,0.367,0.61283913,27.85086957
2017-08-13 00:00,0.31,0.614879348,26.70065217
2017-08-14 00:00,1.078,0.616919565,25.55043478
2017-08-15 00:00,1.038,0.618959783,24.40021739
2017-08-16 00:00,1.306,0.621,23.25
2017-08-17 00:00,1.118,0.620119565,23.09643478
2017-08-18 00:00,0.831,0.61923913,22.94286957
2017-08-19 00:00,0.607,0.618358696,22.78930435
2017-08-20 00:00,0.495,0.617478261,22.63573913
2017-08-21 00:00,0.429,0.616597826,22.48217391
2017-08-22 00:00,0.403,0.615717391,22.3286087
2017-08-23 00:00,1.176,0.614836957,22.17504348
2017-08-24 00:00,0.56,0.613956522,22.02147826
2017-08-25 00:00,0.765,0.613076087,21.86791304
2017-08-26 00:00,0.65,0.612195652,21.71434783
2017-08-27 00:00,0.498,0.611315217,21.56078261
2017-08-28 00:00,0.473,0.610434783,21.40721739
2017-08-29 00:00,0.42,0.609554348,21.25365217
2017-08-30 00:00,0.371,0.608673913,21.10008696
2017-08-31 00:00,0.33,0.607793478,20.94652174
2017-09-01 00:00,0.282,0.606913043,20.79295652
2017-09-02 00:00,0.269,0.606032609,20.6393913
2017-09-03 00:00,0.269,0.605152174,20.48582609
2017-09-04 00:00,0.506,0.604271739,20.33226087
2017-09-05 00:00,0.389,0.603391304,20.17869565
2017-09-06 00:00,0.317,0.60251087,20.02513043
2017-09-07 00:00,0.531,0.601630435,19.87156522
2017-09-08 00:00,0.437,0.60075,19.718
2017-09-09 00:00,0.358,0.599869565,19.56443478
2017-09-10 00:00,0.887,0.59898913,19.41086957
2017-09-11 00:00,0.753,0.598108696,19.25730435
2017-09-12 00:00,0.523,0.597228261,19.10373913
2017-09-13 00:00,0.853,0.596347826,18.95017391
2017-09-14 00:00,0.66,0.595467391,18.7966087
2017-09-15 00:00,0.51,0.594586957,18.64304348
2017-09-16 00:00,0.442,0.593706522,18.48947826
2017-09-17 00:00,0.413,0.592826087,18.33591304
2017-09-18 00:00,0.379,0.591945652,18.18234783
2017-09-19 00:00,0.328,0.591065217,18.02878261
2017-09-20 00:00,0.389,0.590184783,17.87521739
2017-09-21 00:00,0.47,0.589304348,17.72165217
2017-09-22 00:00,0.394,0.588423913,17.56808696
2017-09-23 00:00,0.359,0.587543478,17.41452174
2017-09-24 00:00,1.446,0.586663043,17.26095652
2017-09-25 00:00,1.533,0.585782609,17.1073913
2017-09-26 00:00,0.89,0.584902174,16.95382609
2017-09-27 00:00,1.076,0.584021739,16.80026087
2017-09-28 00:00,1.05,0.583141304,16.64669565
2017-09-29 00:00,0.912,0.58226087,16.49313043
2017-09-30 00:00,0.675,0.581380435,16.33956522
2017-10-01 00:00,1.865,0.5805,16.186
2017-10-02 00:00,1.631,0.579619565,16.03243478
2017-10-03 00:00,1.001,0.57873913,15.87886957
2017-10-04 00:00,0.855,0.577858696,15.72530435
2017-10-05 00:00,0.721,0.576978261,15.57173913
2017-10-06 00:00,0.596,0.576097826,15.41817391
2017-10-07 00:00,0.519,0.575217391,15.2646087
2017-10-08 00:00,0.458,0.574336957,15.11104348
2017-10-09 00:00,0.61,0.573456522,14.95747826
2017-10-10 00:00,0.9,0.572576087,14.80391304
2017-10-11 00:00,1.658,0.571695652,14.65034783
2017-10-12 00:00,1.66,0.570815217,14.49678261
2017-10-13 00:00,2.764,0.569934783,14.34321739
2017-10-14 00:00,1.374,0.569054348,14.18965217
2017-10-15 00:00,0.994,0.568173913,14.03608696
2017-10-16 00:00,1.076,0.567293478,13.88252174
2017-10-17 00:00,1.137,0.566413043,13.72895652
2017-10-18 00:00,0.81,0.565532609,13.5753913
2017-10-19 00:00,1.02,0.564652174,13.42182609
2017-10-20 00:00,1.147,0.563771739,13.26826087
2017-10-21 00:00,1.203,0.562891304,13.11469565
2017-10-22 00:00,0.865,0.56201087,12.96113043
2017-10-23 00:00,0.932,0.561130435,12.80756522
2017-10-24 00:00,0.908,0.56025,12.654
2017-10-25 00:00,0.728,0.559369565,12.50043478
2017-10-26 00:00,0.625,0.55848913,12.34686957
2017-10-27 00:00,0.532,0.557608696,12.19330435
2017-10-28 00:00,0.503,0.556728261,12.03973913
2017-10-29 00:00,0.45,0.555847826,11.88617391
2017-10-30 00:00,0.409,0.554967391,11.7326087
2017-10-31 00:00,0.435,0.554086957,11.57904348
2017-11-01 00:00,0.459,0.553206522,11.42547826
2017-11-02 00:00,0.416,0.552326087,11.27191304
2017-11-03 00:00,0.385,0.551445652,11.11834783
2017-11-04 00:00,0.397,0.550565217,10.96478261
2017-11-05 00:00,0.357,0.549684783,10.81121739
2017-11-06 00:00,0.331,0.548804348,10.65765217
2017-11-07 00:00,0.394,0.547923913,10.50408696
2017-11-08 00:00,0.417,0.547043478,10.35052174
2017-11-09 00:00,0.469,0.546163043,10.19695652
2017-11-10 00:00,0.392,0.545282609,10.0433913
2017-11-11 00:00,0.353,0.544402174,9.889826087
2017-11-12 00:00,0.325,0.543521739,9.73626087
2017-11-13 00:00,0.318,0.542641304,9.582695652
2017-11-14 00:00,0.31,0.54176087,9.429130435
2017-11-15 00:00,0.295,0.540880435,9.275565217
2017-11-16 00:00,0.318,0.54,9.122
2017-11-17 00:00,0.287,0.543826087,11.92685652
2017-11-18 00:00,0.269,0.547652174,14.73171304
2017-11-19 00:00,0.264,0.551478261,17.53656957
2017-11-20 00:00,0.547,0.555304348,20.34142609
2017-11-21 00:00,0.967,0.559130435,23.14628261
2017-11-22 00:00,1.505,0.562956522,25.95113913
2017-11-23 00:00,1.133,0.566782609,28.75599565
2017-11-24 00:00,0.765,0.570608696,31.56085217
2017-11-25 00:00,0.616,0.574434783,34.3657087
2017-11-26 00:00,0.61,0.57826087,37.17056522
2017-11-27 00:00,0.605,0.582086957,39.97542174
2017-11-28 00:00,0.499,0.585913043,42.78027826
2017-11-29 00:00,0.445,0.58973913,45.58513478
2017-11-30 00:00,0.377,0.593565217,48.3899913
2017-12-01 00:00,0.368,0.597391304,51.19484783
2017-12-02 00:00,0.357,0.601217391,53.99970435
2017-12-03 00:00,0.335,0.605043478,56.80456087
2017-12-04 00:00,0.323,0.608869565,59.60941739
2017-12-05 00:00,0.306,0.612695652,62.41427391
2017-12-06 00:00,1.236,0.616521739,65.21913043
2017-12-07 00:00,1.077,0.620347826,68.02398696
2017-12-08 00:00,0.614,0.624173913,70.82884348
2017-12-09 00:00,0.471,0.628,73.6337
2017-12-10 00:00,0.421,0.631826087,76.43855652
2017-12-11 00:00,0.38,0.635652174,79.24341304
2017-12-12 00:00,0.361,0.639478261,82.04826957
2017-12-13 00:00,0.718,0.643304348,84.85312609
2017-12-14 00:00,0.453,0.647130435,87.65798261
2017-12-15 00:00,0.405,0.650956522,90.46283913
2017-12-16 00:00,0.369,0.654782609,93.26769565
2017-12-17 00:00,0.442,0.658608696,96.07255217
2017-12-18 00:00,0.379,0.662434783,98.8774087
2017-12-19 00:00,0.508,0.66626087,101.6822652
2017-12-20 00:00,0.577,0.670086957,104.4871217
2017-12-21 00:00,0.448,0.673913043,107.2919783
2017-12-22 00:00,0.405,0.67773913,110.0968348
2017-12-23 00:00,0.501,0.681565217,112.9016913
2017-12-24 00:00,1.165,0.685391304,115.7065478
2017-12-25 00:00,1.579,0.689217391,118.5114043
2017-12-26 00:00,1.094,0.693043478,121.3162609
2017-12-27 00:00,0.759,0.696869565,124.1211174
2017-12-28 00:00,0.609,0.700695652,126.9259739
2017-12-29 00:00,0.539,0.704521739,129.7308304
2017-12-30 00:00,0.585,0.708347826,132.535687
2017-12-31 00:00,2.378,0.712173913,135.3405435
2018-01-01 00:00,1.805,0.716,138.1454
2018-01-02 00:00,2.33,0.716,138.1454
2018-01-03 00:00,2.544,0.713905926,138.0781748
2018-01-04 00:00,2.425,0.711811852,138.0109496
2018-01-05 00:00,1.994,0.709717778,137.9437244
2018-01-06 00:00,1.395,0.707623704,137.8764993
2018-01-07 00:00,1.046,0.70552963,137.8092741
2018-01-08 00:00,0.846,0.703435556,137.7420489
2018-01-09 00:00,0.773,0.701341481,137.6748237
2018-01-10 00:00,0.684,0.699247407,137.6075985
2018-01-11 00:00,0.624,0.697153333,137.5403733
2018-01-12 00:00,0.577,0.695059259,137.4731481
2018-01-13 00:00,0.536,0.692965185,137.405923
2018-01-14 00:00,1.78,0.690871111,137.3386978
2018-01-15 00:00,1.32,0.688777037,137.2714726
2018-01-16 00:00,0.903,0.686682963,137.2042474
2018-01-17 00:00,0.696,0.684588889,137.1370222
2018-01-18 00:00,0.613,0.682494815,137.069797
2018-01-19 00:00,0.55,0.680400741,137.0025719
2018-01-20 00:00,0.485,0.678306667,136.9353467
2018-01-21 00:00,0.463,0.676212593,136.8681215
2018-01-22 00:00,1.17,0.674118519,136.8008963
2018-01-23 00:00,4.572,0.672024444,136.7336711
2018-01-24 00:00,3.738,0.66993037,136.6664459
2018-01-25 00:00,2.193,0.667836296,136.5992207
2018-01-26 00:00,1.552,0.665742222,136.5319956
2018-01-27 00:00,2.033,0.663648148,136.4647704
2018-01-28 00:00,2.296,0.661554074,136.3975452
2018-01-29 00:00,1.951,0.65946,136.33032
2018-01-30 00:00,2.607,0.657365926,136.2630948
2018-01-31 00:00,2.158,0.655271852,136.1958696
2018-02-01 00:00,1.416,0.653177778,136.1286444
2018-02-02 00:00,1.097,0.651083704,136.0614193
2018-02-03 00:00,1.057,0.64898963,135.9941941
2018-02-04 00:00,0.886,0.646895556,135.9269689
2018-02-05 00:00,0.745,0.644801481,135.8597437
2018-02-06 00:00,0.645,0.642707407,135.7925185
2018-02-07 00:00,0.597,0.640613333,135.7252933
2018-02-08 00:00,0.643,0.638519259,135.6580681
2018-02-09 00:00,0.561,0.636425185,135.590843
2018-02-10 00:00,0.882,0.634331111,135.5236178
2018-02-11 00:00,0.736,0.632237037,135.4563926
2018-02-12 00:00,0.591,0.630142963,135.3891674
2018-02-13 00:00,0.55,0.628048889,135.3219422
2018-02-14 00:00,0.544,0.625954815,135.254717
2018-02-15 00:00,0.532,0.623860741,135.1874919
2018-02-16 00:00,0.792,0.621766667,135.1202667
2018-02-17 00:00,0.954,0.619672593,135.0530415
2018-02-18 00:00,0.806,0.617578519,134.9858163
2018-02-19 00:00,0.833,0.615484444,134.9185911
2018-02-20 00:00,0.665,0.61339037,134.8513659
2018-02-21 00:00,0.585,0.611296296,134.7841407
2018-02-22 00:00,0.522,0.609202222,134.7169156
2018-02-23 00:00,0.471,0.607108148,134.6496904
2018-02-24 00:00,0.425,0.605014074,134.5824652
2018-02-25 00:00,0.392,0.60292,134.51524
2018-02-26 00:00,0.371,0.600825926,134.4480148
2018-02-27 00:00,0.357,0.598731852,134.3807896
2018-02-28 00:00,0.33,0.596637778,134.3135644
2018-03-01 00:00,0.334,0.594543704,134.2463393
2018-03-02 00:00,0.327,0.59244963,134.1791141
2018-03-03 00:00,0.307,0.590355556,134.1118889
2018-03-04 00:00,0.274,0.588261481,134.0446637
2018-03-05 00:00,0.806,0.586167407,133.9774385
2018-03-06 00:00,1.62,0.584073333,133.9102133
2018-03-07 00:00,1.278,0.581979259,133.8429881
2018-03-08 00:00,1.206,0.579885185,133.775763
2018-03-09 00:00,1.285,0.577791111,133.7085378
2018-03-10 00:00,2.655,0.575697037,133.6413126
2018-03-11 00:00,2.141,0.573602963,133.5740874
2018-03-12 00:00,1.487,0.571508889,133.5068622
2018-03-13 00:00,1.18,0.569414815,133.439637
2018-03-14 00:00,1.156,0.567320741,133.3724119
2018-03-15 00:00,1.685,0.565226667,133.3051867
2018-03-16 00:00,2.211,0.563132593,133.2379615
2018-03-17 00:00,1.29,0.561038519,133.1707363
2018-03-18 00:00,0.971,0.558944444,133.1035111
2018-03-19 00:00,0.831,0.55685037,133.0362859
2018-03-20 00:00,0.687,0.554756296,132.9690607
2018-03-21 00:00,0.649,0.552662222,132.9018356
2018-03-22 00:00,0.704,0.550568148,132.8346104
2018-03-23 00:00,1.466,0.548474074,132.7673852
2018-03-24 00:00,0.785,0.54638,132.70016
2018-03-25 00:00,0.634,0.544285926,132.6329348
2018-03-26 00:00,0.6,0.542191852,132.5657096
2018-03-27 00:00,0.76,0.540097778,132.4984844
2018-03-28 00:00,0.569,0.538003704,132.4312593
2018-03-29 00:00,0.493,0.53590963,132.3640341
2018-03-30 00:00,0.664,0.533815556,132.2968089
2018-03-31 00:00,0.747,0.531721481,132.2295837
2018-04-01 00:00,0.584,0.529627407,132.1623585
2018-04-02 00:00,0.581,0.527533333,132.0951333
2018-04-03 00:00,1.177,0.525439259,132.0279081
2018-04-04 00:00,1.474,0.523345185,131.960683
2018-04-05 00:00,1.51,0.521251111,131.8934578
2018-04-06 00:00,2.032,0.519157037,131.8262326
2018-04-07 00:00,2.436,0.517062963,131.7590074
2018-04-08 00:00,1.662,0.514968889,131.6917822
2018-04-09 00:00,1.215,0.512874815,131.624557
2018-04-10 00:00,1.055,0.510780741,131.5573319
2018-04-11 00:00,0.9,0.508686667,131.4901067
2018-04-12 00:00,0.76,0.506592593,131.4228815
2018-04-13 00:00,0.728,0.504498519,131.3556563
2018-04-14 00:00,0.612,0.502404444,131.2884311
2018-04-15 00:00,0.563,0.50031037,131.2212059
2018-04-16 00:00,0.561,0.498216296,131.1539807
2018-04-17 00:00,0.544,0.496122222,131.0867556
2018-04-18 00:00,0.475,0.494028148,131.0195304
2018-04-19 00:00,0.427,0.491934074,130.9523052
2018-04-20 00:00,0.378,0.48984,130.88508
2018-04-21 00:00,0.364,0.487745926,130.8178548
2018-04-22 00:00,0.355,0.485651852,130.7506296
2018-04-23 00:00,0.351,0.483557778,130.6834044
2018-04-24 00:00,0.322,0.481463704,130.6161793
2018-04-25 00:00,0.306,0.47936963,130.5489541
2018-04-26 00:00,0.287,0.477275556,130.4817289
2018-04-27 00:00,0.274,0.475181481,130.4145037
2018-04-28 00:00,0.262,0.473087407,130.3472785
2018-04-29 00:00,0.251,0.470993333,130.2800533
2018-04-30 00:00,0.248,0.468899259,130.2128281
2018-05-01 00:00,0.271,0.466805185,130.145603
2018-05-02 00:00,0.433,0.464711111,130.0783778
2018-05-03 00:00,0.316,0.462617037,130.0111526
2018-05-04 00:00,0.296,0.460522963,129.9439274
2018-05-05 00:00,0.262,0.458428889,129.8767022
2018-05-06 00:00,0.243,0.456334815,129.809477
2018-05-07 00:00,0.22,0.454240741,129.7422519
2018-05-08 00:00,0.23,0.452146667,129.6750267
2018-05-09 00:00,0.261,0.450052593,129.6078015
2018-05-10 00:00,0.241,0.447958519,129.5405763
2018-05-11 00:00,0.222,0.445864444,129.4733511
2018-05-12 00:00,0.226,0.44377037,129.4061259
2018-05-13 00:00,0.261,0.441676296,129.3389007
2018-05-14 00:00,0.212,0.439582222,129.2716756
2018-05-15 00:00,0.199,0.437488148,129.2044504
2018-05-16 00:00,0.187,0.431259783,129.1372252
2018-05-17 00:00,0.179,0.4333,129.07
2018-05-18 00:00,0.177,0.435340217,127.9197826
2018-05-19 00:00,0.168,0.437380435,126.7695652
2018-05-20 00:00,0.166,0.439420652,125.6193478
2018-05-21 00:00,0.16,0.44146087,124.4691304
2018-05-22 00:00,0.158,0.443501087,123.318913
2018-05-23 00:00,0.154,0.445541304,122.1686957
2018-05-24 00:00,0.146,0.447581522,121.0184783
2018-05-25 00:00,0.142,0.449621739,119.8682609
2018-05-26 00:00,0.138,0.451661957,118.7180435
2018-05-27 00:00,0.134,0.453702174,117.5678261
2018-05-28 00:00,0.13,0.455742391,116.4176087
2018-05-29 00:00,0.131,0.457782609,115.2673913
2018-05-30 00:00,0.128,0.459822826,114.1171739
2018-05-31 00:00,0.126,0.461863043,112.9669565
2018-06-01 00:00,0.124,0.463903261,111.8167391
2018-06-02 00:00,0.119,0.465943478,110.6665217
2018-06-03 00:00,0.115,0.467983696,109.5163043
2018-06-04 00:00,0.113,0.470023913,108.366087
2018-06-05 00:00,0.108,0.47206413,107.2158696
2018-06-06 00:00,0.105,0.474104348,106.0656522
2018-06-07 00:00,0.102,0.476144565,104.9154348
2018-06-08 00:00,0.098,0.478184783,103.7652174
2018-06-09 00:00,0.095,0.480225,102.615
2018-06-10 00:00,0.092,0.482265217,101.4647826
2018-06-11 00:00,0.09,0.484305435,100.3145652
2018-06-12 00:00,0.088,0.486345652,99.16434783
2018-06-13 00:00,0.118,0.48838587,98.01413043
2018-06-14 00:00,0.154,0.490426087,96.86391304
2018-06-15 00:00,0.105,0.492466304,95.71369565
2018-06-16 00:00,0.209,0.494506522,94.56347826
2018-06-17 00:00,0.156,0.496546739,93.41326087
2018-06-18 00:00,0.12,0.498586957,92.26304348
2018-06-19 00:00,0.146,0.500627174,91.11282609
2018-06-20 00:00,0.294,0.502667391,89.9626087
2018-06-21 00:00,0.158,0.504707609,88.8123913
2018-06-22 00:00,0.122,0.506747826,87.66217391
2018-06-23 00:00,0.106,0.508788043,86.51195652
2018-06-24 00:00,0.097,0.510828261,85.36173913
2018-06-25 00:00,0.088,0.512868478,84.21152174
2018-06-26 00:00,0.087,0.514908696,83.06130435
2018-06-27 00:00,0.072,0.516948913,81.91108696
2018-06-28 00:00,0.072,0.51898913,80.76086957
2018-06-29 00:00,0.077,0.521029348,79.61065217
2018-06-30 00:00,0.075,0.523069565,78.46043478
2018-07-01 00:00,0.064,0.525109783,77.31021739
2018-07-02 00:00,0.065,0.52715,76.16
2018-07-03 00:00,0.065,0.529190217,75.00978261
2018-07-04 00:00,0.063,0.531230435,73.85956522
2018-07-05 00:00,0.06,0.533270652,72.70934783
2018-07-06 00:00,0.057,0.53531087,71.55913043
2018-07-07 00:00,0.055,0.537351087,70.40891304
2018-07-08 00:00,0.055,0.539391304,69.25869565
2018-07-09 00:00,0.057,0.541431522,68.10847826
2018-07-10 00:00,0.044,0.543471739,66.95826087
2018-07-11 00:00,0.044,0.545511957,65.80804348
2018-07-12 00:00,0.05,0.547552174,64.65782609
2018-07-13 00:00,0.051,0.549592391,63.5076087
2018-07-14 00:00,0.048,0.551632609,62.3573913
2018-07-15 00:00,0.05,0.553672826,61.20717391
2018-07-16 00:00,0.054,0.555713043,60.05695652
2018-07-17 00:00,0.05,0.557753261,58.90673913
2018-07-18 00:00,0.047,0.559793478,57.75652174
2018-07-19 00:00,0.036,0.561833696,56.60630435
2018-07-20 00:00,0.033,0.563873913,55.45608696
2018-07-21 00:00,0.037,0.56591413,54.30586957
2018-07-22 00:00,0.035,0.567954348,53.15565217
2018-07-23 00:00,0.047,0.569994565,52.00543478
2018-07-24 00:00,0.046,0.572034783,50.85521739
2018-07-25 00:00,0.044,0.574075,49.705
2018-07-26 00:00,0.041,0.576115217,48.55478261
2018-07-27 00:00,0.042,0.578155435,47.40456522
2018-07-28 00:00,0.13,0.580195652,46.25434783
2018-07-29 00:00,0.105,0.58223587,45.10413043
2018-07-30 00:00,0.074,0.584276087,43.95391304
2018-07-31 00:00,0.072,0.586316304,42.80369565
2018-08-01 00:00,0.126,0.588356522,41.65347826
2018-08-02 00:00,0.184,0.590396739,40.50326087
2018-08-03 00:00,0.125,0.592436957,39.35304348
2018-08-04 00:00,0.094,0.594477174,38.20282609
2018-08-05 00:00,0.082,0.596517391,37.0526087
2018-08-06 00:00,0.081,0.598557609,35.9023913
2018-08-07 00:00,0.069,0.600597826,34.75217391
2018-08-08 00:00,0.067,0.602638043,33.60195652
2018-08-09 00:00,0.064,0.604678261,32.45173913
2018-08-10 00:00,0.068,0.606718478,31.30152174
2018-08-11 00:00,0.062,0.608758696,30.15130435
2018-08-12 00:00,0.07,0.610798913,29.00108696
2018-08-13 00:00,0.082,0.61283913,27.85086957
2018-08-14 00:00,0.088,0.614879348,26.70065217
2018-08-15 00:00,0.155,0.616919565,25.55043478
2018-08-16 00:00,0.123,0.618959783,24.40021739
2018-08-17 00:00,0.103,0.621,23.25
2018-08-18 00:00,0.101,0.620119565,23.09643478
2018-08-19 00:00,0.173,0.61923913,22.94286957
2018-08-20 00:00,0.168,0.618358696,22.78930435
2018-08-21 00:00,0.109,0.617478261,22.63573913
2018-08-22 00:00,0.202,0.616597826,22.48217391
2018-08-23 00:00,0.155,0.615717391,22.3286087
2018-08-24 00:00,0.14,0.614836957,22.17504348
2018-08-25 00:00,0.123,0.613956522,22.02147826
2018-08-26 00:00,0.163,0.613076087,21.86791304
2018-08-27 00:00,0.161,0.612195652,21.71434783
2018-08-28 00:00,0.13,0.611315217,21.56078261
2018-08-29 00:00,0.115,0.610434783,21.40721739
2018-08-30 00:00,0.105,0.609554348,21.25365217
2018-08-31 00:00,0.098,0.608673913,21.10008696
2018-09-01 00:00,0.095,0.607793478,20.94652174
2018-09-02 00:00,0.093,0.606913043,20.79295652
2018-09-03 00:00,0.119,0.606032609,20.6393913
2018-09-04 00:00,0.116,0.605152174,20.48582609
2018-09-05 00:00,0.102,0.604271739,20.33226087
2018-09-06 00:00,0.097,0.603391304,20.17869565
2018-09-07 00:00,0.096,0.60251087,20.02513043
2018-09-08 00:00,0.094,0.601630435,19.87156522
2018-09-09 00:00,0.119,0.60075,19.718
2018-09-10 00:00,0.187,0.599869565,19.56443478
2018-09-11 00:00,0.239,0.59898913,19.41086957
2018-09-12 00:00,0.163,0.598108696,19.25730435
2018-09-13 00:00,0.159,0.597228261,19.10373913
2018-09-14 00:00,0.154,0.596347826,18.95017391
2018-09-15 00:00,0.193,0.595467391,18.7966087
2018-09-16 00:00,0.715,0.594586957,18.64304348
2018-09-17 00:00,0.352,0.593706522,18.48947826
2018-09-18 00:00,0.355,0.592826087,18.33591304
2018-09-19 00:00,1.64,0.591945652,18.18234783
2018-09-20 00:00,1.173,0.591065217,18.02878261
2018-09-21 00:00,0.745,0.590184783,17.87521739
2018-09-22 00:00,0.504,0.589304348,17.72165217
2018-09-23 00:00,0.397,0.588423913,17.56808696
2018-09-24 00:00,0.332,0.587543478,17.41452174
2018-09-25 00:00,0.308,0.586663043,17.26095652
2018-09-26 00:00,0.329,0.585782609,17.1073913
2018-09-27 00:00,0.291,0.584902174,16.95382609
2018-09-28 00:00,0.252,0.584021739,16.80026087
2018-09-29 00:00,0.235,0.583141304,16.64669565
2018-09-30 00:00,0.219,0.58226087,16.49313043
2018-10-01 00:00,0.217,0.581380435,16.33956522
2018-10-02 00:00,0.186,0.5805,16.186
2018-10-03 00:00,0.178,0.579619565,16.03243478
2018-10-04 00:00,0.173,0.57873913,15.87886957
2018-10-05 00:00,0.17,0.577858696,15.72530435
2018-10-06 00:00,0.164,0.576978261,15.57173913
2018-10-07 00:00,0.252,0.576097826,15.41817391
2018-10-08 00:00,0.73,0.575217391,15.2646087
2018-10-09 00:00,3.069,0.574336957,15.11104348
2018-10-10 00:00,1.661,0.573456522,14.95747826
2018-10-11 00:00,1.134,0.572576087,14.80391304
2018-10-12 00:00,2.082,0.571695652,14.65034783
2018-10-13 00:00,2.955,0.570815217,14.49678261
2018-10-14 00:00,1.719,0.569934783,14.34321739
2018-10-15 00:00,1.142,0.569054348,14.18965217
2018-10-16 00:00,0.866,0.568173913,14.03608696
2018-10-17 00:00,0.657,0.567293478,13.88252174
2018-10-18 00:00,0.551,0.566413043,13.72895652
2018-10-19 00:00,0.483,0.565532609,13.5753913
2018-10-20 00:00,0.45,0.564652174,13.42182609
2018-10-21 00:00,0.462,0.563771739,13.26826087
2018-10-22 00:00,0.398,0.562891304,13.11469565
2018-10-23 00:00,0.362,0.56201087,12.96113043
2018-10-24 00:00,0.331,0.561130435,12.80756522
2018-10-25 00:00,0.31,0.56025,12.654
2018-10-26 00:00,0.277,0.559369565,12.50043478
2018-10-27 00:00,0.246,0.55848913,12.34686957
2018-10-28 00:00,0.238,0.557608696,12.19330435
2018-10-29 00:00,0.239,0.556728261,12.03973913
2018-10-30 00:00,0.236,0.555847826,11.88617391
2018-10-31 00:00,0.242,0.554967391,11.7326087
2018-11-01 00:00,0.285,0.554086957,11.57904348
2018-11-02 00:00,0.262,0.553206522,11.42547826
2018-11-03 00:00,1.72,0.552326087,11.27191304
2018-11-04 00:00,1.204,0.551445652,11.11834783
2018-11-05 00:00,0.845,0.550565217,10.96478261
2018-11-06 00:00,0.626,0.549684783,10.81121739
2018-11-07 00:00,0.546,0.548804348,10.65765217
2018-11-08 00:00,0.668,0.547923913,10.50408696
2018-11-09 00:00,0.859,0.547043478,10.35052174
2018-11-10 00:00,1.045,0.546163043,10.19695652
2018-11-11 00:00,1.212,0.545282609,10.0433913
2018-11-12 00:00,0.992,0.544402174,9.889826087
2018-11-13 00:00,0.791,0.543521739,9.73626087
2018-11-14 00:00,3.411,0.542641304,9.582695652
2018-11-15 00:00,1.91,0.54176087,9.429130435
2018-11-16 00:00,1.264,0.540880435,9.275565217
2018-11-17 00:00,0.953,0.54,9.122
2018-11-18 00:00,0.757,0.543826087,11.92685652
2018-11-19 00:00,0.634,0.547652174,14.73171304
2018-11-20 00:00,0.656,0.551478261,17.53656957
2018-11-21 00:00,1.665,0.555304348,20.34142609
2018-11-22 00:00,1.118,0.559130435,23.14628261
2018-11-23 00:00,1.361,0.562956522,25.95113913
2018-11-24 00:00,1.165,0.566782609,28.75599565
2018-11-25 00:00,1.012,0.570608696,31.56085217
2018-11-26 00:00,1.119,0.574434783,34.3657087
2018-11-27 00:00,1.171,0.57826087,37.17056522
2018-11-28 00:00,2.117,0.582086957,39.97542174
2018-11-29 00:00,3.462,0.585913043,42.78027826
2018-11-30 00:00,2.942,0.58973913,45.58513478
2018-12-01 00:00,1.95,0.593565217,48.3899913
2018-12-02 00:00,1.62,0.597391304,51.19484783
2018-12-03 00:00,1.316,0.601217391,53.99970435
2018-12-04 00:00,1.011,0.605043478,56.80456087
2018-12-05 00:00,0.972,0.608869565,59.60941739
2018-12-06 00:00,1.214,0.612695652,62.41427391
2018-12-07 00:00,1.94,0.616521739,65.21913043
2018-12-08 00:00,1.469,0.620347826,68.02398696
2018-12-09 00:00,1.067,0.624173913,70.82884348
2018-12-10 00:00,0.857,0.628,73.6337
2018-12-11 00:00,0.739,0.631826087,76.43855652
2018-12-12 00:00,0.625,0.635652174,79.24341304
2018-12-13 00:00,0.542,0.639478261,82.04826957
2018-12-14 00:00,0.471,0.643304348,84.85312609
2018-12-15 00:00,0.753,0.647130435,87.65798261
2018-12-16 00:00,1.33,0.650956522,90.46283913
2018-12-17 00:00,1.662,0.654782609,93.26769565
2018-12-18 00:00,1.851,0.658608696,96.07255217
2018-12-19 00:00,1.347,0.662434783,98.8774087
2018-12-20 00:00,1.494,0.66626087,101.6822652
2018-12-21 00:00,1.434,0.670086957,104.4871217
2018-12-22 00:00,1.069,0.673913043,107.2919783
2018-12-23 00:00,0.866,0.67773913,110.0968348
2018-12-24 00:00,0.712,0.681565217,112.9016913
2018-12-25 00:00,0.639,0.685391304,115.7065478
2018-12-26 00:00,0.574,0.689217391,118.5114043
2018-12-27 00:00,0.516,0.693043478,121.3162609
2018-12-28 00:00,0.515,0.696869565,124.1211174
2018-12-29 00:00,0.613,0.700695652,126.9259739
2018-12-30 00:00,0.5,0.704521739,129.7308304
2018-12-31 00:00,0.48,0.708347826,132.535687
