Date,flow,PHS_frp,NIT_nit
2016-01-01 00:00:00,1.104,1.209493058,204.9428979
2016-01-02 00:00:00,1.462,1.202285351,204.1527398
2016-01-03 00:00:00,1.96,1.195077644,203.3625816
2016-01-04 00:00:00,2.793,1.187869936,202.5724235
2016-01-05 00:00:00,3.247,1.180662229,201.7822654
2016-01-06 00:00:00,2.465,1.173454522,200.9921072
2016-01-07 00:00:00,3.066,1.166246815,200.2019491
2016-01-08 00:00:00,1.796,1.159039108,199.4117909
2016-01-09 00:00:00,1.869,1.151831401,198.6216328
2016-01-10 00:00:00,2.167,1.144623694,197.8314747
2016-01-11 00:00:00,1.674,1.137415987,197.0413165
2016-01-12 00:00:00,3.222,1.13020828,196.2511584
2016-01-13 00:00:00,1.707,1.123000573,195.4610002
2016-01-14 00:00:00,1.264,1.115792865,194.6708421
2016-01-15 00:00:00,0.983,1.108585158,193.880684
2016-01-16 00:00:00,0.805,1.101377451,193.0905258
2016-01-17 00:00:00,0.687,1.094169744,192.3003677
2016-01-18 00:00:00,0.705,1.086962037,191.5102095
2016-01-19 00:00:00,0.634,1.07975433,190.7200514
2016-01-20 00:00:00,0.594,1.072546623,189.9298933
2016-01-21 00:00:00,0.744,1.065338916,189.1397351
2016-01-22 00:00:00,3.375,1.058131209,188.349577
2016-01-23 00:00:00,1.538,1.050923501,187.5594188
2016-01-24 00:00:00,2.117,1.043715794,186.7692607
2016-01-25 00:00:00,1.348,1.036508087,185.9791026
2016-01-26 00:00:00,4.538,1.02930038,185.1889444
2016-01-27 00:00:00,3.182,1.022092673,184.3987863
2016-01-28 00:00:00,3.322,1.014884966,183.6086281
2016-01-29 00:00:00,3.501,1.007677259,182.81847
2016-01-30 00:00:00,2.127,1.000469552,182.0283119
2016-01-31 00:00:00,2.423,0.993261845,181.2381537
2016-02-01 00:00:00,4.877,0.986054138,180.4479956
2016-02-02 00:00:00,2.579,0.97884643,179.6578374
2016-02-03 00:00:00,1.672,0.971638723,178.8676793
2016-02-04 00:00:00,1.316,0.964431016,178.0775212
2016-02-05 00:00:00,1.302,0.957223309,177.287363
2016-02-06 00:00:00,1.165,0.950015602,176.4972049
2016-02-07 00:00:00,3.157,0.942807895,175.7070467
2016-02-08 00:00:00,1.918,0.935600188,174.9168886
2016-02-09 00:00:00,1.371,0.928392481,174.1267305
2016-02-10 00:00:00,1.053,0.921184774,173.3365723
2016-02-11 00:00:00,0.893,0.913977066,172.5464142
2016-02-12 00:00:00,0.772,0.906769359,171.756256
2016-02-13 00:00:00,0.842,0.899561652,170.9660979
2016-02-14 00:00:00,0.67,0.892353945,170.1759398
2016-02-15 00:00:00,0.574,0.885146238,169.3857816
2016-02-16 00:00:00,2.324,0.877938531,168.5956235
2016-02-17 00:00:00,1.673,0.870730824,167.8054653
2016-02-18 00:00:00,1.206,0.863523117,167.0153072
2016-02-19 00:00:00,1.839,0.85631541,166.2251491
2016-02-20 00:00:00,1.389,0.849107702,165.4349909
2016-02-21 00:00:00,1.095,0.841899995,164.6448328
2016-02-22 00:00:00,0.858,0.834692288,163.8546746
2016-02-23 00:00:00,0.698,0.827484581,163.0645165
2016-02-24 00:00:00,0.594,0.820276874,162.2743584
2016-02-25 00:00:00,0.538,0.813069167,161.4842002
2016-02-26 00:00:00,0.487,0.80586146,160.6940421
2016-02-27 00:00:00,0.43,0.798653753,159.9038839
2016-02-28 00:00:00,0.39,0.791446046,159.1137258
2016-02-29 00:00:00,1.251,0.784238339,158.3235677
2016-03-01 00:00:00,1.499,0.777030631,157.5334095
2016-03-02 00:00:00,0.883,0.769822924,156.7432514
2016-03-03 00:00:00,0.728,0.762615217,155.9530932
2016-03-04 00:00:00,0.755,0.75540751,155.1629351
2016-03-05 00:00:00,0.581,0.748199803,154.372777
2016-03-06 00:00:00,0.502,0.740992096,153.5826188
2016-03-07 00:00:00,0.461,0.733784389,152.7924607
2016-03-08 00:00:00,0.495,0.726576682,152.0023025
2016-03-09 00:00:00,0.469,0.719368975,151.2121444
2016-03-10 00:00:00,0.403,0.712161267,150.4219863
2016-03-11 00:00:00,0.4,0.70495356,149.6318281
2016-03-12 00:00:00,0.381,0.697745853,148.84167
2016-03-13 00:00:00,0.347,0.690538146,148.0515118
2016-03-14 00:00:00,0.319,0.683330439,147.2613537
2016-03-15 00:00:00,0.301,0.676122732,146.4711956
2016-03-16 00:00:00,0.287,0.668915025,145.6810374
2016-03-17 00:00:00,0.276,0.661707318,144.8908793
2016-03-18 00:00:00,0.263,0.654499611,144.1007211
2016-03-19 00:00:00,0.248,0.647291904,143.310563
2016-03-20 00:00:00,0.231,0.640084196,142.5204049
2016-03-21 00:00:00,0.222,0.632876489,141.7302467
2016-03-22 00:00:00,0.214,0.625668782,140.9400886
2016-03-23 00:00:00,0.207,0.618461075,140.1499304
2016-03-24 00:00:00,0.235,0.611253368,139.3597723
2016-03-25 00:00:00,0.21,0.604045661,138.5696142
2016-03-26 00:00:00,0.59,0.596837954,137.779456
2016-03-27 00:00:00,0.545,0.589630247,136.9892979
2016-03-28 00:00:00,0.374,0.58242254,136.1991397
2016-03-29 00:00:00,0.332,0.575214832,135.4089816
2016-03-30 00:00:00,0.297,0.568007125,134.6188235
2016-03-31 00:00:00,0.268,0.560799418,133.8286653
2016-04-01 00:00:00,0.507,0.553591711,133.0385072
2016-04-02 00:00:00,0.48,0.546384004,132.248349
2016-04-03 00:00:00,0.623,0.539176297,131.4581909
2016-04-04 00:00:00,1.623,0.53196859,130.6680328
2016-04-05 00:00:00,1.186,0.524760883,129.8778746
2016-04-06 00:00:00,0.864,0.517553176,129.0877165
2016-04-07 00:00:00,0.655,0.510345468,128.2975583
2016-04-08 00:00:00,0.604,0.503137761,127.5074002
2016-04-09 00:00:00,0.582,0.495930054,126.7172421
2016-04-10 00:00:00,0.478,0.488722347,125.9270839
2016-04-11 00:00:00,0.428,0.48151464,125.1369258
2016-04-12 00:00:00,0.498,0.474306933,124.3467676
2016-04-13 00:00:00,0.441,0.467099226,123.5566095
2016-04-14 00:00:00,0.388,0.459891519,122.7664513
2016-04-15 00:00:00,0.347,0.452683812,121.9762932
2016-04-16 00:00:00,0.323,0.445476105,121.1861351
2016-04-17 00:00:00,0.3,0.438268397,120.3959769
2016-04-18 00:00:00,0.273,0.43106069,119.6058188
2016-04-19 00:00:00,0.253,0.423852983,118.8156606
2016-04-20 00:00:00,0.24,0.416645276,118.0255025
2016-04-21 00:00:00,0.227,0.409437569,117.2353444
2016-04-22 00:00:00,0.223,0.402229862,116.4451862
2016-04-23 00:00:00,0.212,0.395022155,115.6550281
2016-04-24 00:00:00,0.201,0.387814448,114.8648699
2016-04-25 00:00:00,0.193,0.380606741,114.0747118
2016-04-26 00:00:00,0.183,0.373399033,113.2845537
2016-04-27 00:00:00,0.179,0.366191326,112.4943955
2016-04-28 00:00:00,0.209,0.358983619,111.7042374
2016-04-29 00:00:00,0.374,0.351775912,110.9140792
2016-04-30 00:00:00,0.431,0.344568205,110.1239211
2016-05-01 00:00:00,0.481,0.337360498,109.333763
2016-05-02 00:00:00,0.876,0.330152791,108.5436048
2016-05-03 00:00:00,0.44,0.322945084,107.7534467
2016-05-04 00:00:00,0.346,0.315737377,106.9632885
2016-05-05 00:00:00,0.33,0.30852967,106.1731304
2016-05-06 00:00:00,0.27,0.301321962,105.3829723
2016-05-07 00:00:00,0.252,0.294114255,104.5928141
2016-05-08 00:00:00,0.238,0.286906548,103.802656
2016-05-09 00:00:00,0.216,0.279698841,103.0124978
2016-05-10 00:00:00,0.199,0.272491134,102.2223397
2016-05-11 00:00:00,0.186,0.265283427,101.4321816
2016-05-12 00:00:00,0.175,0.25807572,100.6420234
2016-05-13 00:00:00,0.17,0.250868013,99.85186528
2016-05-14 00:00:00,0.16,0.243660306,99.06170714
2016-05-15 00:00:00,0.156,0.236452598,98.271549
2016-05-16 00:00:00,0.15,0.229244891,97.48139086
2016-05-17 00:00:00,0.149,0.230895397,96.83607013
2016-05-18 00:00:00,0.163,0.232545902,96.1907494
2016-05-19 00:00:00,0.196,0.234196408,95.54542866
2016-05-20 00:00:00,0.249,0.235846913,94.90010793
2016-05-21 00:00:00,0.395,0.237497419,94.25478719
2016-05-22 00:00:00,0.208,0.239147924,93.60946646
2016-05-23 00:00:00,0.174,0.24079843,92.96414572
2016-05-24 00:00:00,0.165,0.242448935,92.31882499
2016-05-25 00:00:00,0.155,0.244099441,91.67350426
2016-05-26 00:00:00,0.148,0.245749946,91.02818352
2016-05-27 00:00:00,0.15,0.247400452,90.38286279
2016-05-28 00:00:00,0.145,0.249050957,89.73754205
2016-05-29 00:00:00,0.129,0.250701463,89.09222132
2016-05-30 00:00:00,0.125,0.252351968,88.44690059
2016-05-31 00:00:00,0.123,0.254002474,87.80157985
2016-06-01 00:00:00,0.12,0.255652979,87.15625912
2016-06-02 00:00:00,0.105,0.257303485,86.51093838
2016-06-03 00:00:00,0.111,0.25895399,85.86561765
2016-06-04 00:00:00,0.106,0.260604496,85.22029691
2016-06-05 00:00:00,0.103,0.262255001,84.57497618
2016-06-06 00:00:00,0.097,0.263905507,83.92965545
2016-06-07 00:00:00,0.089,0.265556012,83.28433471
2016-06-08 00:00:00,0.083,0.267206517,82.63901398
2016-06-09 00:00:00,0.084,0.268857023,81.99369324
2016-06-10 00:00:00,0.087,0.270507528,81.34837251
2016-06-11 00:00:00,0.09,0.272158034,80.70305177
2016-06-12 00:00:00,0.097,0.273808539,80.05773104
2016-06-13 00:00:00,0.083,0.275459045,79.41241031
2016-06-14 00:00:00,0.217,0.27710955,78.76708957
2016-06-15 00:00:00,0.262,0.278760056,78.12176884
2016-06-16 00:00:00,0.268,0.280410561,77.4764481
2016-06-17 00:00:00,0.235,0.282061067,76.83112737
2016-06-18 00:00:00,0.183,0.283711572,76.18580664
2016-06-19 00:00:00,0.781,0.285362078,75.5404859
2016-06-20 00:00:00,0.507,0.287012583,74.89516517
2016-06-21 00:00:00,0.293,0.288663089,74.24984443
2016-06-22 00:00:00,0.228,0.290313594,73.6045237
2016-06-23 00:00:00,0.19,0.2919641,72.95920296
2016-06-24 00:00:00,0.181,0.293614605,72.31388223
2016-06-25 00:00:00,0.196,0.295265111,71.6685615
2016-06-26 00:00:00,0.165,0.296915616,71.02324076
2016-06-27 00:00:00,0.146,0.298566122,70.37792003
2016-06-28 00:00:00,0.137,0.300216627,69.73259929
2016-06-29 00:00:00,0.134,0.301867133,69.08727856
2016-06-30 00:00:00,0.128,0.303517638,68.44195783
2016-07-01 00:00:00,0.134,0.305168144,67.79663709
2016-07-02 00:00:00,0.123,0.306818649,67.15131636
2016-07-03 00:00:00,0.116,0.308469155,66.50599562
2016-07-04 00:00:00,0.123,0.31011966,65.86067489
2016-07-05 00:00:00,0.121,0.311770166,65.21535415
2016-07-06 00:00:00,0.113,0.313420671,64.57003342
2016-07-07 00:00:00,0.185,0.315071177,63.92471269
2016-07-08 00:00:00,0.345,0.316721682,63.27939195
2016-07-09 00:00:00,0.57,0.318372187,62.63407122
2016-07-10 00:00:00,0.734,0.320022693,61.98875048
2016-07-11 00:00:00,0.492,0.321673198,61.34342975
2016-07-12 00:00:00,0.324,0.323323704,60.69810901
2016-07-13 00:00:00,0.264,0.324974209,60.05278828
2016-07-14 00:00:00,0.211,0.326624715,59.40746755
2016-07-15 00:00:00,0.254,0.32827522,58.76214681
2016-07-16 00:00:00,0.223,0.329925726,58.11682608
2016-07-17 00:00:00,0.196,0.331576231,57.47150534
2016-07-18 00:00:00,0.182,0.333226737,56.82618461
2016-07-19 00:00:00,0.163,0.334877242,56.18086388
2016-07-20 00:00:00,0.599,0.336527748,55.53554314
2016-07-21 00:00:00,0.282,0.338178253,54.89022241
2016-07-22 00:00:00,0.246,0.339828759,54.24490167
2016-07-23 00:00:00,0.212,0.341479264,53.59958094
2016-07-24 00:00:00,0.448,0.34312977,52.9542602
2016-07-25 00:00:00,0.386,0.344780275,52.30893947
2016-07-26 00:00:00,0.282,0.346430781,51.66361874
2016-07-27 00:00:00,0.242,0.348081286,51.018298
2016-07-28 00:00:00,0.212,0.349731792,50.37297727
2016-07-29 00:00:00,0.193,0.351382297,49.72765653
2016-07-30 00:00:00,0.175,0.353032803,49.0823358
2016-07-31 00:00:00,0.161,0.354683308,48.43701507
2016-08-01 00:00:00,0.15,0.356333814,47.79169433
2016-08-02 00:00:00,0.407,0.357984319,47.1463736
2016-08-03 00:00:00,0.746,0.359634825,46.50105286
2016-08-04 00:00:00,0.406,0.36128533,45.85573213
2016-08-05 00:00:00,0.303,0.362935836,45.21041139
2016-08-06 00:00:00,0.286,0.364586341,44.56509066
2016-08-07 00:00:00,0.294,0.366236846,43.91976993
2016-08-08 00:00:00,0.261,0.367887352,43.27444919
2016-08-09 00:00:00,0.222,0.369537857,42.62912846
2016-08-10 00:00:00,0.276,0.371188363,41.98380772
2016-08-11 00:00:00,0.368,0.372838868,41.33848699
2016-08-12 00:00:00,0.408,0.374489374,40.69316626
2016-08-13 00:00:00,0.363,0.376139879,40.04784552
2016-08-14 00:00:00,0.283,0.377790385,39.40252479
2016-08-15 00:00:00,0.246,0.37944089,38.75720405
2016-08-16 00:00:00,0.221,0.381091396,38.11188332
2016-08-17 00:00:00,0.196,0.382741901,37.46656258
2016-08-18 00:00:00,0.183,0.384392407,36.82124185
2016-08-19 00:00:00,0.207,0.386042912,36.17592112
2016-08-20 00:00:00,0.258,0.387693418,35.53060038
2016-08-21 00:00:00,0.229,0.389343923,34.88527965
2016-08-22 00:00:00,0.191,0.390994429,34.23995891
2016-08-23 00:00:00,0.172,0.392644934,33.59463818
2016-08-24 00:00:00,0.16,0.39429544,32.94931744
2016-08-25 00:00:00,0.158,0.395945945,32.30399671
2016-08-26 00:00:00,0.156,0.397596451,31.65867598
2016-08-27 00:00:00,0.147,0.399246956,31.01335524
2016-08-28 00:00:00,0.15,0.400897462,30.36803451
2016-08-29 00:00:00,0.141,0.402547967,29.72271377
2016-08-30 00:00:00,0.132,0.404198473,29.07739304
2016-08-31 00:00:00,0.139,0.405848978,28.43207231
2016-09-01 00:00:00,0.158,0.405966908,28.25885746
2016-09-02 00:00:00,0.195,0.406084837,28.08564262
2016-09-03 00:00:00,0.17,0.406202767,27.91242778
2016-09-04 00:00:00,0.181,0.406320696,27.73921294
2016-09-05 00:00:00,0.18,0.406438626,27.5659981
2016-09-06 00:00:00,0.354,0.406556555,27.39278326
2016-09-07 00:00:00,0.316,0.406674485,27.21956842
2016-09-08 00:00:00,0.864,0.406792414,27.04635358
2016-09-09 00:00:00,1.49,0.406910344,26.87313874
2016-09-10 00:00:00,0.826,0.407028273,26.6999239
2016-09-11 00:00:00,0.52,0.407146203,26.52670905
2016-09-12 00:00:00,0.417,0.407264132,26.35349421
2016-09-13 00:00:00,0.393,0.407382061,26.18027937
2016-09-14 00:00:00,0.348,0.407499991,26.00706453
2016-09-15 00:00:00,0.324,0.40761792,25.83384969
2016-09-16 00:00:00,0.322,0.40773585,25.66063485
2016-09-17 00:00:00,0.273,0.407853779,25.48742001
2016-09-18 00:00:00,0.251,0.407971709,25.31420517
2016-09-19 00:00:00,0.211,0.408089638,25.14099033
2016-09-20 00:00:00,0.204,0.408207568,24.96777548
2016-09-21 00:00:00,0.22,0.408325497,24.79456064
2016-09-22 00:00:00,0.217,0.408443427,24.6213458
2016-09-23 00:00:00,0.209,0.408561356,24.44813096
2016-09-24 00:00:00,0.337,0.408679286,24.27491612
2016-09-25 00:00:00,0.291,0.408797215,24.10170128
2016-09-26 00:00:00,0.514,0.408915145,23.92848644
2016-09-27 00:00:00,0.612,0.409033074,23.7552716
2016-09-28 00:00:00,1.407,0.409151004,23.58205676
2016-09-29 00:00:00,1.139,0.409268933,23.40884192
2016-09-30 00:00:00,0.713,0.409386863,23.23562707
2016-10-01 00:00:00,0.544,0.409504792,23.06241223
2016-10-02 00:00:00,0.456,0.409622722,22.88919739
2016-10-03 00:00:00,0.396,0.409740651,22.71598255
2016-10-04 00:00:00,0.353,0.409858581,22.54276771
2016-10-05 00:00:00,0.317,0.40997651,22.36955287
2016-10-06 00:00:00,0.29,0.41009444,22.19633803
2016-10-07 00:00:00,0.264,0.410212369,22.02312319
2016-10-08 00:00:00,0.255,0.410330299,21.84990835
2016-10-09 00:00:00,0.248,0.410448228,21.6766935
2016-10-10 00:00:00,0.231,0.410566158,21.50347866
2016-10-11 00:00:00,0.231,0.410684087,21.33026382
2016-10-12 00:00:00,0.225,0.410802017,21.15704898
2016-10-13 00:00:00,0.275,0.410919946,20.98383414
2016-10-14 00:00:00,0.496,0.411037876,20.8106193
2016-10-15 00:00:00,0.559,0.411155805,20.63740446
2016-10-16 00:00:00,0.409,0.411273735,20.46418962
2016-10-17 00:00:00,0.531,0.411391664,20.29097478
2016-10-18 00:00:00,0.647,0.411509594,20.11775994
2016-10-19 00:00:00,0.442,0.411627523,19.94454509
2016-10-20 00:00:00,0.38,0.411745453,19.77133025
2016-10-21 00:00:00,0.346,0.411863382,19.59811541
2016-10-22 00:00:00,0.362,0.411981312,19.42490057
2016-10-23 00:00:00,0.419,0.412099241,19.25168573
2016-10-24 00:00:00,0.394,0.412217171,19.07847089
2016-10-25 00:00:00,0.348,0.4123351,18.90525605
2016-10-26 00:00:00,0.325,0.41245303,18.73204121
2016-10-27 00:00:00,0.355,0.412570959,18.55882637
2016-10-28 00:00:00,0.329,0.412688889,18.38561152
2016-10-29 00:00:00,0.313,0.412806818,18.21239668
2016-10-30 00:00:00,0.299,0.412924748,18.03918184
2016-10-31 00:00:00,0.331,0.413042677,17.865967
2016-11-01 00:00:00,0.318,0.413160607,17.69275216
2016-11-02 00:00:00,0.285,0.413278536,17.51953732
2016-11-03 00:00:00,0.294,0.413396466,17.34632248
2016-11-04 00:00:00,0.295,0.413514395,17.17310764
2016-11-05 00:00:00,0.281,0.413632325,16.9998928
2016-11-06 00:00:00,0.27,0.413750254,16.82667796
2016-11-07 00:00:00,0.245,0.413868184,16.65346311
2016-11-08 00:00:00,0.246,0.413986113,16.48024827
2016-11-09 00:00:00,0.268,0.414104043,16.30703343
2016-11-10 00:00:00,0.315,0.414221972,16.13381859
2016-11-11 00:00:00,0.523,0.414339901,15.96060375
2016-11-12 00:00:00,0.747,0.414457831,15.78738891
2016-11-13 00:00:00,0.677,0.41457576,15.61417407
2016-11-14 00:00:00,0.641,0.41469369,15.44095923
2016-11-15 00:00:00,0.566,0.414811619,15.26774439
2016-11-16 00:00:00,1.325,0.414929549,15.09452954
2016-11-17 00:00:00,2.03,0.415047478,14.9213147
2016-11-18 00:00:00,1.087,0.415165408,14.74809986
2016-11-19 00:00:00,0.824,0.415283337,14.57488502
2016-11-20 00:00:00,0.658,0.415401267,14.40167018
2016-11-21 00:00:00,0.575,0.415519196,14.22845534
2016-11-22 00:00:00,0.596,0.415637126,14.0552405
2016-11-23 00:00:00,0.49,0.415755055,13.88202566
2016-11-24 00:00:00,0.439,0.415872985,13.70881082
2016-11-25 00:00:00,0.404,0.415990914,13.53559598
2016-11-26 00:00:00,0.396,0.416108844,13.36238113
2016-11-27 00:00:00,0.379,0.416226773,13.18916629
2016-11-28 00:00:00,0.355,0.416344703,13.01595145
2016-11-29 00:00:00,0.334,0.416462632,12.84273661
2016-11-30 00:00:00,0.315,0.416580562,12.66952177
2016-12-01 00:00:00,0.296,0.443010978,18.87188874
2016-12-02 00:00:00,0.283,0.469441395,25.07425572
2016-12-03 00:00:00,0.273,0.495871811,31.27662269
2016-12-04 00:00:00,0.26,0.522302228,37.47898966
2016-12-05 00:00:00,0.214,0.548732644,43.68135663
2016-12-06 00:00:00,0.264,0.575163061,49.88372361
2016-12-07 00:00:00,0.313,0.601593478,56.08609058
2016-12-08 00:00:00,0.279,0.628023894,62.28845755
2016-12-09 00:00:00,0.351,0.654454311,68.49082453
2016-12-10 00:00:00,0.326,0.680884727,74.6931915
2016-12-11 00:00:00,0.288,0.707315144,80.89555847
2016-12-12 00:00:00,0.272,0.73374556,87.09792544
2016-12-13 00:00:00,0.265,0.760175977,93.30029242
2016-12-14 00:00:00,0.264,0.786606393,99.50265939
2016-12-15 00:00:00,0.262,0.81303681,105.7050264
2016-12-16 00:00:00,0.342,0.839467226,111.9073933
2016-12-17 00:00:00,0.316,0.865897643,118.1097603
2016-12-18 00:00:00,0.313,0.892328059,124.3121273
2016-12-19 00:00:00,0.291,0.918758476,130.5144943
2016-12-20 00:00:00,0.369,0.945188892,136.7168612
2016-12-21 00:00:00,0.776,0.971619309,142.9192282
2016-12-22 00:00:00,1.81,0.998049726,149.1215952
2016-12-23 00:00:00,3.798,1.024480142,155.3239621
2016-12-24 00:00:00,3.223,1.050910559,161.5263291
2016-12-25 00:00:00,2.297,1.077340975,167.7286961
2016-12-26 00:00:00,2.116,1.103771392,173.9310631
2016-12-27 00:00:00,1.561,1.130201808,180.13343
2016-12-28 00:00:00,1.123,1.156632225,186.335797
2016-12-29 00:00:00,0.908,1.183062641,192.538164
2016-12-30 00:00:00,0.771,1.209493058,198.740531
2016-12-31 00:00:00,0.744,1.235923474,204.9428979
2017-01-01 00:00:00,0.629,0.547667097,86.16845111
2017-01-02 00:00:00,0.553,0.547870372,86.47506508
2017-01-03 00:00:00,0.504,0.548073647,86.78167905
2017-01-04 00:00:00,0.442,0.548276923,87.08829303
2017-01-05 00:00:00,0.406,0.548480198,87.394907
2017-01-06 00:00:00,0.397,0.548683473,87.70152097
2017-01-07 00:00:00,0.367,0.548886748,88.00813495
2017-01-08 00:00:00,0.364,0.549090023,88.31474892
2017-01-09 00:00:00,0.677,0.549293298,88.62136289
2017-01-10 00:00:00,0.53,0.549496573,88.92797687
2017-01-11 00:00:00,0.507,0.549699848,89.23459084
2017-01-12 00:00:00,0.44,0.549903124,89.54120481
2017-01-13 00:00:00,0.389,0.550106399,89.84781878
2017-01-14 00:00:00,0.376,0.550309674,90.15443276
2017-01-15 00:00:00,0.497,0.550512949,90.46104673
2017-01-16 00:00:00,0.428,0.550716224,90.7676607
2017-01-17 00:00:00,0.39,0.550919499,91.07427468
2017-01-18 00:00:00,0.366,0.551122774,91.38088865
2017-01-19 00:00:00,0.344,0.551326049,91.68750262
2017-01-20 00:00:00,0.334,0.551529325,91.9941166
2017-01-21 00:00:00,0.313,0.5517326,92.30073057
2017-01-22 00:00:00,0.299,0.551935875,92.60734454
2017-01-23 00:00:00,0.286,0.55213915,92.91395852
2017-01-24 00:00:00,0.318,0.552342425,93.22057249
2017-01-25 00:00:00,0.318,0.5525457,93.52718646
2017-01-26 00:00:00,0.278,0.552748975,93.83380044
2017-01-27 00:00:00,0.27,0.55295225,94.14041441
2017-01-28 00:00:00,0.413,0.553155526,94.44702838
2017-01-29 00:00:00,0.391,0.553358801,94.75364236
2017-01-30 00:00:00,0.349,0.553562076,95.06025633
2017-01-31 00:00:00,0.609,0.553765351,95.3668703
2017-02-01 00:00:00,0.493,0.553968626,95.67348428
2017-02-02 00:00:00,0.464,0.554171901,95.98009825
2017-02-03 00:00:00,0.434,0.554375176,96.28671222
2017-02-04 00:00:00,1.063,0.554578451,96.5933262
2017-02-05 00:00:00,0.781,0.554781727,96.89994017
2017-02-06 00:00:00,0.859,0.554985002,97.20655414
2017-02-07 00:00:00,1.499,0.555188277,97.51316812
2017-02-08 00:00:00,1.134,0.555391552,97.81978209
2017-02-09 00:00:00,0.87,0.555594827,98.12639606
2017-02-10 00:00:00,0.727,0.555798102,98.43301003
2017-02-11 00:00:00,0.676,0.556001377,98.73962401
2017-02-12 00:00:00,0.635,0.556204652,99.04623798
2017-02-13 00:00:00,0.729,0.556407928,99.35285195
2017-02-14 00:00:00,0.648,0.556611203,99.65946593
2017-02-15 00:00:00,0.557,0.556814478,99.9660799
2017-02-16 00:00:00,0.556,0.557017753,100.2726939
2017-02-17 00:00:00,0.495,0.557221028,100.5793078
2017-02-18 00:00:00,0.496,0.557424303,100.8859218
2017-02-19 00:00:00,0.452,0.557627578,101.1925358
2017-02-20 00:00:00,0.418,0.557830853,101.4991498
2017-02-21 00:00:00,0.428,0.558034129,101.8057637
2017-02-22 00:00:00,0.452,0.558237404,102.1123777
2017-02-23 00:00:00,0.805,0.558440679,102.4189917
2017-02-24 00:00:00,1.893,0.558643954,102.7256057
2017-02-25 00:00:00,4.53,0.558847229,103.0322196
2017-02-26 00:00:00,3.896,0.559050504,103.3388336
2017-02-27 00:00:00,2.058,0.559253779,103.6454476
2017-02-28 00:00:00,1.359,0.559457054,103.9520616
2017-03-01 00:00:00,0.992,0.55966033,104.2586755
2017-03-02 00:00:00,0.775,0.559863605,104.5652895
2017-03-03 00:00:00,0.772,0.56006688,104.8719035
2017-03-04 00:00:00,1.704,0.560270155,105.1785174
2017-03-05 00:00:00,1.341,0.56047343,105.4851314
2017-03-06 00:00:00,1.051,0.560676705,105.7917454
2017-03-07 00:00:00,1.115,0.56087998,106.0983594
2017-03-08 00:00:00,1.263,0.561083255,106.4049733
2017-03-09 00:00:00,1.168,0.561286531,106.7115873
2017-03-10 00:00:00,0.921,0.561489806,107.0182013
2017-03-11 00:00:00,0.849,0.561693081,107.3248153
2017-03-12 00:00:00,0.734,0.561896356,107.6314292
2017-03-13 00:00:00,0.64,0.562099631,107.9380432
2017-03-14 00:00:00,0.597,0.562302906,108.2446572
2017-03-15 00:00:00,0.53,0.562506181,108.5512712
2017-03-16 00:00:00,0.502,0.562709457,108.8578851
2017-03-17 00:00:00,0.514,0.562912732,109.1644991
2017-03-18 00:00:00,0.53,0.563116007,109.4711131
2017-03-19 00:00:00,0.563,0.563319282,109.777727
2017-03-20 00:00:00,0.63,0.563522557,110.084341
2017-03-21 00:00:00,0.82,0.563725832,110.390955
2017-03-22 00:00:00,0.695,0.563929107,110.697569
2017-03-23 00:00:00,0.591,0.564132382,111.0041829
2017-03-24 00:00:00,0.516,0.564335658,111.3107969
2017-03-25 00:00:00,0.46,0.564538933,111.6174109
2017-03-26 00:00:00,0.418,0.564742208,111.9240249
2017-03-27 00:00:00,0.385,0.564945483,112.2306388
2017-03-28 00:00:00,0.363,0.565148758,112.5372528
2017-03-29 00:00:00,0.421,0.565352033,112.8438668
2017-03-30 00:00:00,0.852,0.565555308,113.1504807
2017-03-31 00:00:00,0.933,0.565758583,113.4570947
2017-04-01 00:00:00,0.58,0.565961859,113.7637087
2017-04-02 00:00:00,0.481,0.566165134,114.0703227
2017-04-03 00:00:00,0.456,0.566368409,114.3769366
2017-04-04 00:00:00,0.41,0.566571684,114.6835506
2017-04-05 00:00:00,0.367,0.566774959,114.9901646
2017-04-06 00:00:00,0.324,0.566978234,115.2967786
2017-04-07 00:00:00,0.311,0.567181509,115.6033925
2017-04-08 00:00:00,0.295,0.567384784,115.9100065
2017-04-09 00:00:00,0.279,0.56758806,116.2166205
2017-04-10 00:00:00,0.26,0.567791335,116.5232345
2017-04-11 00:00:00,0.251,0.56799461,116.8298484
2017-04-12 00:00:00,0.235,0.568197885,117.1364624
2017-04-13 00:00:00,0.223,0.56840116,117.4430764
2017-04-14 00:00:00,0.215,0.568604435,117.7496903
2017-04-15 00:00:00,0.204,0.56880771,118.0563043
2017-04-16 00:00:00,0.203,0.569010985,118.3629183
2017-04-17 00:00:00,0.194,0.569214261,118.6695323
2017-04-18 00:00:00,0.186,0.569417536,118.9761462
2017-04-19 00:00:00,0.179,0.569620811,119.2827602
2017-04-20 00:00:00,0.172,0.569824086,119.5893742
2017-04-21 00:00:00,0.167,0.570027361,119.8959882
2017-04-22 00:00:00,0.161,0.570230636,120.2026021
2017-04-23 00:00:00,0.159,0.570433911,120.5092161
2017-04-24 00:00:00,0.163,0.570637186,120.8158301
2017-04-25 00:00:00,0.157,0.570840462,121.1224441
2017-04-26 00:00:00,0.147,0.571043737,121.429058
2017-04-27 00:00:00,0.145,0.571247012,121.735672
2017-04-28 00:00:00,0.141,0.571450287,122.042286
2017-04-29 00:00:00,0.137,0.571653562,122.3488999
2017-04-30 00:00:00,0.133,0.571856837,122.6555139
2017-05-01 00:00:00,0.116,0.572060112,122.9621279
2017-05-02 00:00:00,0.116,0.572263387,123.2687419
2017-05-03 00:00:00,0.118,0.572466663,123.5753558
2017-05-04 00:00:00,0.118,0.572669938,123.8819698
2017-05-05 00:00:00,0.115,0.572873213,124.1885838
2017-05-06 00:00:00,0.112,0.573076488,124.4951978
2017-05-07 00:00:00,0.099,0.573279763,124.8018117
2017-05-08 00:00:00,0.101,0.573483038,125.1084257
2017-05-09 00:00:00,0.106,0.573686313,125.4150397
2017-05-10 00:00:00,0.107,0.573889588,125.7216537
2017-05-11 00:00:00,0.104,0.574092864,126.0282676
2017-05-12 00:00:00,0.102,0.574296139,126.3348816
2017-05-13 00:00:00,0.111,0.574499414,126.6414956
2017-05-14 00:00:00,0.11,0.574702689,126.9481095
2017-05-15 00:00:00,0.144,0.574905964,127.2547235
2017-05-16 00:00:00,0.139,0.575109239,127.5613375
2017-05-17 00:00:00,0.099,0.575312514,127.8679515
2017-05-18 00:00:00,0.096,0.574785625,126.8324695
2017-05-19 00:00:00,0.094,0.574258736,125.7969875
2017-05-20 00:00:00,0.119,0.573731847,124.7615055
2017-05-21 00:00:00,0.153,0.573204958,123.7260235
2017-05-22 00:00:00,0.17,0.572678069,122.6905415
2017-05-23 00:00:00,0.159,0.572151179,121.6550595
2017-05-24 00:00:00,0.123,0.57162429,120.6195775
2017-05-25 00:00:00,0.112,0.571097401,119.5840955
2017-05-26 00:00:00,0.102,0.570570512,118.5486135
2017-05-27 00:00:00,0.097,0.570043623,117.5131315
2017-05-28 00:00:00,0.092,0.569516734,116.4776495
2017-05-29 00:00:00,0.097,0.568989844,115.4421675
2017-05-30 00:00:00,0.094,0.568462955,114.4066855
2017-05-31 00:00:00,0.083,0.567936066,113.3712035
2017-06-01 00:00:00,0.088,0.567409177,112.3357215
2017-06-02 00:00:00,0.094,0.566882288,111.3002395
2017-06-03 00:00:00,0.094,0.566355399,110.2647575
2017-06-04 00:00:00,0.091,0.56582851,109.2292755
2017-06-05 00:00:00,0.227,0.56530162,108.1937935
2017-06-06 00:00:00,3.273,0.564774731,107.1583115
2017-06-07 00:00:00,1.404,0.564247842,106.1228295
2017-06-08 00:00:00,2.187,0.563720953,105.0873475
2017-06-09 00:00:00,1.763,0.563194064,104.0518655
2017-06-10 00:00:00,1.262,0.562667175,103.0163835
2017-06-11 00:00:00,1.551,0.562140286,101.9809015
2017-06-12 00:00:00,1.059,0.561613396,100.9454195
2017-06-13 00:00:00,0.726,0.561086507,99.90993749
2017-06-14 00:00:00,0.563,0.560559618,98.8744555
2017-06-15 00:00:00,0.534,0.560032729,97.8389735
2017-06-16 00:00:00,0.432,0.55950584,96.8034915
2017-06-17 00:00:00,0.364,0.558978951,95.7680095
2017-06-18 00:00:00,0.291,0.558452061,94.7325275
2017-06-19 00:00:00,0.261,0.557925172,93.6970455
2017-06-20 00:00:00,0.24,0.557398283,92.6615635
2017-06-21 00:00:00,0.239,0.556871394,91.6260815
2017-06-22 00:00:00,0.214,0.556344505,90.59059951
2017-06-23 00:00:00,0.204,0.555817616,89.55511751
2017-06-24 00:00:00,0.185,0.555290727,88.51963551
2017-06-25 00:00:00,0.174,0.554763837,87.48415351
2017-06-26 00:00:00,0.168,0.554236948,86.44867151
2017-06-27 00:00:00,0.214,0.553710059,85.41318951
2017-06-28 00:00:00,0.18,0.55318317,84.37770751
2017-06-29 00:00:00,0.486,0.552656281,83.34222551
2017-06-30 00:00:00,0.392,0.552129392,82.30674351
2017-07-01 00:00:00,0.253,0.551602503,81.27126152
2017-07-02 00:00:00,0.207,0.551075613,80.23577952
2017-07-03 00:00:00,0.154,0.550548724,79.20029752
2017-07-04 00:00:00,0.175,0.550021835,78.16481552
2017-07-05 00:00:00,0.166,0.549494946,77.12933352
2017-07-06 00:00:00,0.161,0.548968057,76.09385152
2017-07-07 00:00:00,0.152,0.548441168,75.05836952
2017-07-08 00:00:00,0.135,0.547914278,74.02288752
2017-07-09 00:00:00,0.151,0.547387389,72.98740552
2017-07-10 00:00:00,0.157,0.5468605,71.95192353
2017-07-11 00:00:00,0.174,0.546333611,70.91644153
2017-07-12 00:00:00,0.144,0.545806722,69.88095953
2017-07-13 00:00:00,0.132,0.545279833,68.84547753
2017-07-14 00:00:00,0.127,0.544752944,67.80999553
2017-07-15 00:00:00,0.162,0.544226054,66.77451353
2017-07-16 00:00:00,0.128,0.543699165,65.73903153
2017-07-17 00:00:00,0.117,0.543172276,64.70354953
2017-07-18 00:00:00,0.113,0.542645387,63.66806754
2017-07-19 00:00:00,0.152,0.542118498,62.63258554
2017-07-20 00:00:00,0.255,0.541591609,61.59710354
2017-07-21 00:00:00,0.167,0.541064719,60.56162154
2017-07-22 00:00:00,0.264,0.54053783,59.52613954
2017-07-23 00:00:00,0.289,0.540010941,58.49065754
2017-07-24 00:00:00,0.195,0.539484052,57.45517554
2017-07-25 00:00:00,0.17,0.538957163,56.41969354
2017-07-26 00:00:00,0.907,0.538430274,55.38421154
2017-07-27 00:00:00,0.405,0.537903385,54.34872955
2017-07-28 00:00:00,0.332,0.537376495,53.31324755
2017-07-29 00:00:00,0.544,0.536849606,52.27776555
2017-07-30 00:00:00,0.493,0.536322717,51.24228355
2017-07-31 00:00:00,0.665,0.535795828,50.20680155
2017-08-01 00:00:00,0.658,0.535268939,49.17131955
2017-08-02 00:00:00,0.891,0.53474205,48.13583755
2017-08-03 00:00:00,1.042,0.534215161,47.10035555
2017-08-04 00:00:00,1.152,0.533688271,46.06487355
2017-08-05 00:00:00,0.846,0.533161382,45.02939156
2017-08-06 00:00:00,0.903,0.532634493,43.99390956
2017-08-07 00:00:00,0.735,0.532107604,42.95842756
2017-08-08 00:00:00,0.541,0.531580715,41.92294556
2017-08-09 00:00:00,0.436,0.531053826,40.88746356
2017-08-10 00:00:00,0.374,0.530526936,39.85198156
2017-08-11 00:00:00,0.428,0.530000047,38.81649956
2017-08-12 00:00:00,0.367,0.529473158,37.78101756
2017-08-13 00:00:00,0.31,0.528946269,36.74553557
2017-08-14 00:00:00,1.078,0.52841938,35.71005357
2017-08-15 00:00:00,1.038,0.527892491,34.67457157
2017-08-16 00:00:00,1.306,0.527365602,33.63908957
2017-08-17 00:00:00,1.118,0.526838712,32.60360757
2017-08-18 00:00:00,0.831,0.526311823,31.56812557
2017-08-19 00:00:00,0.607,0.525784934,30.53264357
2017-08-20 00:00:00,0.495,0.525258045,29.49716157
2017-08-21 00:00:00,0.429,0.524731156,28.46167957
2017-08-22 00:00:00,0.403,0.524204267,27.42619758
2017-08-23 00:00:00,1.176,0.523677377,26.39071558
2017-08-24 00:00:00,0.56,0.523150488,25.35523358
2017-08-25 00:00:00,0.765,0.522623599,24.31975158
2017-08-26 00:00:00,0.65,0.52209671,23.28426958
2017-08-27 00:00:00,0.498,0.521569821,22.24878758
2017-08-28 00:00:00,0.473,0.521042932,21.21330558
2017-08-29 00:00:00,0.42,0.520516043,20.17782358
2017-08-30 00:00:00,0.371,0.519989153,19.14234159
2017-08-31 00:00:00,0.33,0.519462264,18.10685959
2017-09-01 00:00:00,0.282,0.518935375,17.07137759
2017-09-02 00:00:00,0.269,0.520009996,16.9379015
2017-09-03 00:00:00,0.269,0.521084617,16.80442541
2017-09-04 00:00:00,0.506,0.522159237,16.67094932
2017-09-05 00:00:00,0.389,0.523233858,16.53747323
2017-09-06 00:00:00,0.317,0.524308479,16.40399714
2017-09-07 00:00:00,0.531,0.5253831,16.27052106
2017-09-08 00:00:00,0.437,0.52645772,16.13704497
2017-09-09 00:00:00,0.358,0.527532341,16.00356888
2017-09-10 00:00:00,0.887,0.528606962,15.87009279
2017-09-11 00:00:00,0.753,0.529681583,15.7366167
2017-09-12 00:00:00,0.523,0.530756203,15.60314061
2017-09-13 00:00:00,0.853,0.531830824,15.46966453
2017-09-14 00:00:00,0.66,0.532905445,15.33618844
2017-09-15 00:00:00,0.51,0.533980066,15.20271235
2017-09-16 00:00:00,0.442,0.535054686,15.06923626
2017-09-17 00:00:00,0.413,0.536129307,14.93576017
2017-09-18 00:00:00,0.379,0.537203928,14.80228408
2017-09-19 00:00:00,0.328,0.538278549,14.66880799
2017-09-20 00:00:00,0.389,0.539353169,14.53533191
2017-09-21 00:00:00,0.47,0.54042779,14.40185582
2017-09-22 00:00:00,0.394,0.541502411,14.26837973
2017-09-23 00:00:00,0.359,0.542577032,14.13490364
2017-09-24 00:00:00,1.446,0.543651653,14.00142755
2017-09-25 00:00:00,1.533,0.544726273,13.86795146
2017-09-26 00:00:00,0.89,0.545800894,13.73447537
2017-09-27 00:00:00,1.076,0.546875515,13.60099929
2017-09-28 00:00:00,1.05,0.547950136,13.4675232
2017-09-29 00:00:00,0.912,0.549024756,13.33404711
2017-09-30 00:00:00,0.675,0.550099377,13.20057102
2017-10-01 00:00:00,1.865,0.551173998,13.06709493
2017-10-02 00:00:00,1.631,0.552248619,12.93361884
2017-10-03 00:00:00,1.001,0.553323239,12.80014276
2017-10-04 00:00:00,0.855,0.55439786,12.66666667
2017-10-05 00:00:00,0.721,0.555472481,12.53319058
2017-10-06 00:00:00,0.596,0.556547102,12.39971449
2017-10-07 00:00:00,0.519,0.557621722,12.2662384
2017-10-08 00:00:00,0.458,0.558696343,12.13276231
2017-10-09 00:00:00,0.61,0.559770964,11.99928622
2017-10-10 00:00:00,0.9,0.560845585,11.86581014
2017-10-11 00:00:00,1.658,0.561920205,11.73233405
2017-10-12 00:00:00,1.66,0.562994826,11.59885796
2017-10-13 00:00:00,2.764,0.564069447,11.46538187
2017-10-14 00:00:00,1.374,0.565144068,11.33190578
2017-10-15 00:00:00,0.994,0.566218688,11.19842969
2017-10-16 00:00:00,1.076,0.567293309,11.0649536
2017-10-17 00:00:00,1.137,0.56836793,10.93147752
2017-10-18 00:00:00,0.81,0.569442551,10.79800143
2017-10-19 00:00:00,1.02,0.570517171,10.66452534
2017-10-20 00:00:00,1.147,0.571591792,10.53104925
2017-10-21 00:00:00,1.203,0.572666413,10.39757316
2017-10-22 00:00:00,0.865,0.573741034,10.26409707
2017-10-23 00:00:00,0.932,0.574815654,10.13062099
2017-10-24 00:00:00,0.908,0.575890275,9.997144897
2017-10-25 00:00:00,0.728,0.576964896,9.863668808
2017-10-26 00:00:00,0.625,0.578039517,9.730192719
2017-10-27 00:00:00,0.532,0.579114137,9.596716631
2017-10-28 00:00:00,0.503,0.580188758,9.463240542
2017-10-29 00:00:00,0.45,0.581263379,9.329764454
2017-10-30 00:00:00,0.409,0.582338,9.196288365
2017-10-31 00:00:00,0.435,0.58341262,9.062812277
2017-11-01 00:00:00,0.459,0.584487241,8.929336188
2017-11-02 00:00:00,0.416,0.585561862,8.7958601
2017-11-03 00:00:00,0.385,0.586636483,8.662384011
2017-11-04 00:00:00,0.397,0.587711103,8.528907923
2017-11-05 00:00:00,0.357,0.588785724,8.395431834
2017-11-06 00:00:00,0.331,0.589860345,8.261955746
2017-11-07 00:00:00,0.394,0.590934966,8.128479657
2017-11-08 00:00:00,0.417,0.592009586,7.995003569
2017-11-09 00:00:00,0.469,0.593084207,7.86152748
2017-11-10 00:00:00,0.392,0.594158828,7.728051392
2017-11-11 00:00:00,0.353,0.595233449,7.594575303
2017-11-12 00:00:00,0.325,0.59630807,7.461099215
2017-11-13 00:00:00,0.318,0.59738269,7.327623126
2017-11-14 00:00:00,0.31,0.598457311,7.194147038
2017-11-15 00:00:00,0.295,0.599531932,7.060670949
2017-11-16 00:00:00,0.318,0.600606553,6.927194861
2017-11-17 00:00:00,0.287,0.601681173,6.793718772
2017-11-18 00:00:00,0.269,0.602755794,6.660242684
2017-11-19 00:00:00,0.264,0.603830415,6.526766595
2017-11-20 00:00:00,0.547,0.604905036,6.393290507
2017-11-21 00:00:00,0.967,0.605979656,6.259814418
2017-11-22 00:00:00,1.505,0.607054277,6.12633833
2017-11-23 00:00:00,1.133,0.608128898,5.992862241
2017-11-24 00:00:00,0.765,0.609203519,5.859386153
2017-11-25 00:00:00,0.616,0.610278139,5.725910064
2017-11-26 00:00:00,0.61,0.61135276,5.592433976
2017-11-27 00:00:00,0.605,0.612427381,5.458957887
2017-11-28 00:00:00,0.499,0.613502002,5.325481799
2017-11-29 00:00:00,0.445,0.614576622,5.19200571
2017-11-30 00:00:00,0.377,0.615651243,5.058529622
2017-12-01 00:00:00,0.368,0.616725864,4.925053533
2017-12-02 00:00:00,0.357,0.614498168,7.633166786
2017-12-03 00:00:00,0.335,0.612270472,10.34128004
2017-12-04 00:00:00,0.323,0.610042776,13.04939329
2017-12-05 00:00:00,0.306,0.60781508,15.75750654
2017-12-06 00:00:00,1.236,0.605587384,18.4656198
2017-12-07 00:00:00,1.077,0.603359688,21.17373305
2017-12-08 00:00:00,0.614,0.601131993,23.8818463
2017-12-09 00:00:00,0.471,0.598904297,26.58995955
2017-12-10 00:00:00,0.421,0.596676601,29.29807281
2017-12-11 00:00:00,0.38,0.594448905,32.00618606
2017-12-12 00:00:00,0.361,0.592221209,34.71429931
2017-12-13 00:00:00,0.718,0.589993513,37.42241256
2017-12-14 00:00:00,0.453,0.587765817,40.13052581
2017-12-15 00:00:00,0.405,0.585538121,42.83863907
2017-12-16 00:00:00,0.369,0.583310425,45.54675232
2017-12-17 00:00:00,0.442,0.581082729,48.25486557
2017-12-18 00:00:00,0.379,0.578855034,50.96297882
2017-12-19 00:00:00,0.508,0.576627338,53.67109208
2017-12-20 00:00:00,0.577,0.574399642,56.37920533
2017-12-21 00:00:00,0.448,0.572171946,59.08731858
2017-12-22 00:00:00,0.405,0.56994425,61.79543183
2017-12-23 00:00:00,0.501,0.567716554,64.50354509
2017-12-24 00:00:00,1.165,0.565488858,67.21165834
2017-12-25 00:00:00,1.579,0.563261162,69.91977159
2017-12-26 00:00:00,1.094,0.561033466,72.62788484
2017-12-27 00:00:00,0.759,0.55880577,75.3359981
2017-12-28 00:00:00,0.609,0.556578075,78.04411135
2017-12-29 00:00:00,0.539,0.554350379,80.7522246
2017-12-30 00:00:00,0.585,0.552122683,83.46033785
2017-12-31 00:00:00,2.378,0.549894987,86.16845111
2018-01-01 00:00:00,1.805,0.584436551,120.0035689
2018-01-02 00:00:00,2.33,0.583985451,119.83684
2018-01-03 00:00:00,2.544,0.58353435,119.6701111
2018-01-04 00:00:00,2.425,0.583083249,119.5033822
2018-01-05 00:00:00,1.994,0.582632149,119.3366533
2018-01-06 00:00:00,1.395,0.582181048,119.1699244
2018-01-07 00:00:00,1.046,0.581729947,119.0031955
2018-01-08 00:00:00,0.846,0.581278847,118.8364666
2018-01-09 00:00:00,0.773,0.580827746,118.6697377
2018-01-10 00:00:00,0.684,0.580376645,118.5030088
2018-01-11 00:00:00,0.624,0.579925545,118.3362799
2018-01-12 00:00:00,0.577,0.579474444,118.169551
2018-01-13 00:00:00,0.536,0.579023343,118.0028221
2018-01-14 00:00:00,1.78,0.578572242,117.8360932
2018-01-15 00:00:00,1.32,0.578121142,117.6693643
2018-01-16 00:00:00,0.903,0.577670041,117.5026354
2018-01-17 00:00:00,0.696,0.57721894,117.3359065
2018-01-18 00:00:00,0.613,0.57676784,117.1691776
2018-01-19 00:00:00,0.55,0.576316739,117.0024487
2018-01-20 00:00:00,0.485,0.575865638,116.8357198
2018-01-21 00:00:00,0.463,0.575414538,116.6689909
2018-01-22 00:00:00,1.17,0.574963437,116.502262
2018-01-23 00:00:00,4.572,0.574512336,116.3355331
2018-01-24 00:00:00,3.738,0.574061236,116.1688043
2018-01-25 00:00:00,2.193,0.573610135,116.0020754
2018-01-26 00:00:00,1.552,0.573159034,115.8353465
2018-01-27 00:00:00,2.033,0.572707934,115.6686176
2018-01-28 00:00:00,2.296,0.572256833,115.5018887
2018-01-29 00:00:00,1.951,0.571805732,115.3351598
2018-01-30 00:00:00,2.607,0.571354632,115.1684309
2018-01-31 00:00:00,2.158,0.570903531,115.001702
2018-02-01 00:00:00,1.416,0.57045243,114.8349731
2018-02-02 00:00:00,1.097,0.570001329,114.6682442
2018-02-03 00:00:00,1.057,0.569550229,114.5015153
2018-02-04 00:00:00,0.886,0.569099128,114.3347864
2018-02-05 00:00:00,0.745,0.568648027,114.1680575
2018-02-06 00:00:00,0.645,0.568196927,114.0013286
2018-02-07 00:00:00,0.597,0.567745826,113.8345997
2018-02-08 00:00:00,0.643,0.567294725,113.6678708
2018-02-09 00:00:00,0.561,0.566843625,113.5011419
2018-02-10 00:00:00,0.882,0.566392524,113.334413
2018-02-11 00:00:00,0.736,0.565941423,113.1676841
2018-02-12 00:00:00,0.591,0.565490323,113.0009552
2018-02-13 00:00:00,0.55,0.565039222,112.8342263
2018-02-14 00:00:00,0.544,0.564588121,112.6674974
2018-02-15 00:00:00,0.532,0.564137021,112.5007685
2018-02-16 00:00:00,0.792,0.56368592,112.3340396
2018-02-17 00:00:00,0.954,0.563234819,112.1673107
2018-02-18 00:00:00,0.806,0.562783719,112.0005818
2018-02-19 00:00:00,0.833,0.562332618,111.8338529
2018-02-20 00:00:00,0.665,0.561881517,111.667124
2018-02-21 00:00:00,0.585,0.561430416,111.5003951
2018-02-22 00:00:00,0.522,0.560979316,111.3336662
2018-02-23 00:00:00,0.471,0.560528215,111.1669373
2018-02-24 00:00:00,0.425,0.560077114,111.0002084
2018-02-25 00:00:00,0.392,0.559626014,110.8334795
2018-02-26 00:00:00,0.371,0.559174913,110.6667507
2018-02-27 00:00:00,0.357,0.558723812,110.5000218
2018-02-28 00:00:00,0.33,0.558272712,110.3332929
2018-03-01 00:00:00,0.334,0.557821611,110.166564
2018-03-02 00:00:00,0.327,0.55737051,109.9998351
2018-03-03 00:00:00,0.307,0.55691941,109.8331062
2018-03-04 00:00:00,0.274,0.556468309,109.6663773
2018-03-05 00:00:00,0.806,0.556017208,109.4996484
2018-03-06 00:00:00,1.62,0.555566108,109.3329195
2018-03-07 00:00:00,1.278,0.555115007,109.1661906
2018-03-08 00:00:00,1.206,0.554663906,108.9994617
2018-03-09 00:00:00,1.285,0.554212805,108.8327328
2018-03-10 00:00:00,2.655,0.553761705,108.6660039
2018-03-11 00:00:00,2.141,0.553310604,108.499275
2018-03-12 00:00:00,1.487,0.552859503,108.3325461
2018-03-13 00:00:00,1.18,0.552408403,108.1658172
2018-03-14 00:00:00,1.156,0.551957302,107.9990883
2018-03-15 00:00:00,1.685,0.551506201,107.8323594
2018-03-16 00:00:00,2.211,0.551055101,107.6656305
2018-03-17 00:00:00,1.29,0.550604,107.4989016
2018-03-18 00:00:00,0.971,0.550152899,107.3321727
2018-03-19 00:00:00,0.831,0.549701799,107.1654438
2018-03-20 00:00:00,0.687,0.549250698,106.9987149
2018-03-21 00:00:00,0.649,0.548799597,106.831986
2018-03-22 00:00:00,0.704,0.548348497,106.6652571
2018-03-23 00:00:00,1.466,0.547897396,106.4985282
2018-03-24 00:00:00,0.785,0.547446295,106.3317993
2018-03-25 00:00:00,0.634,0.546995195,106.1650704
2018-03-26 00:00:00,0.6,0.546544094,105.9983415
2018-03-27 00:00:00,0.76,0.546092993,105.8316126
2018-03-28 00:00:00,0.569,0.545641892,105.6648837
2018-03-29 00:00:00,0.493,0.545190792,105.4981548
2018-03-30 00:00:00,0.664,0.544739691,105.331426
2018-03-31 00:00:00,0.747,0.54428859,105.1646971
2018-04-01 00:00:00,0.584,0.54383749,104.9979682
2018-04-02 00:00:00,0.581,0.543386389,104.8312393
2018-04-03 00:00:00,1.177,0.542935288,104.6645104
2018-04-04 00:00:00,1.474,0.542484188,104.4977815
2018-04-05 00:00:00,1.51,0.542033087,104.3310526
2018-04-06 00:00:00,2.032,0.541581986,104.1643237
2018-04-07 00:00:00,2.436,0.541130886,103.9975948
2018-04-08 00:00:00,1.662,0.540679785,103.8308659
2018-04-09 00:00:00,1.215,0.540228684,103.664137
2018-04-10 00:00:00,1.055,0.539777584,103.4974081
2018-04-11 00:00:00,0.9,0.539326483,103.3306792
2018-04-12 00:00:00,0.76,0.538875382,103.1639503
2018-04-13 00:00:00,0.728,0.538424282,102.9972214
2018-04-14 00:00:00,0.612,0.537973181,102.8304925
2018-04-15 00:00:00,0.563,0.53752208,102.6637636
2018-04-16 00:00:00,0.561,0.537070979,102.4970347
2018-04-17 00:00:00,0.544,0.536619879,102.3303058
2018-04-18 00:00:00,0.475,0.536168778,102.1635769
2018-04-19 00:00:00,0.427,0.535717677,101.996848
2018-04-20 00:00:00,0.378,0.535266577,101.8301191
2018-04-21 00:00:00,0.364,0.534815476,101.6633902
2018-04-22 00:00:00,0.355,0.534364375,101.4966613
2018-04-23 00:00:00,0.351,0.533913275,101.3299324
2018-04-24 00:00:00,0.322,0.533462174,101.1632035
2018-04-25 00:00:00,0.306,0.533011073,100.9964746
2018-04-26 00:00:00,0.287,0.532559973,100.8297457
2018-04-27 00:00:00,0.274,0.532108872,100.6630168
2018-04-28 00:00:00,0.262,0.531657771,100.4962879
2018-04-29 00:00:00,0.251,0.531206671,100.329559
2018-04-30 00:00:00,0.248,0.53075557,100.1628301
2018-05-01 00:00:00,0.271,0.530304469,99.99610125
2018-05-02 00:00:00,0.433,0.529853369,99.82937235
2018-05-03 00:00:00,0.316,0.529402268,99.66264346
2018-05-04 00:00:00,0.296,0.528951167,99.49591456
2018-05-05 00:00:00,0.262,0.528500066,99.32918566
2018-05-06 00:00:00,0.243,0.528048966,99.16245677
2018-05-07 00:00:00,0.22,0.527597865,98.99572787
2018-05-08 00:00:00,0.23,0.527146764,98.82899897
2018-05-09 00:00:00,0.261,0.526695664,98.66227008
2018-05-10 00:00:00,0.241,0.526244563,98.49554118
2018-05-11 00:00:00,0.222,0.525793462,98.32881228
2018-05-12 00:00:00,0.226,0.525342362,98.16208339
2018-05-13 00:00:00,0.261,0.524891261,97.99535449
2018-05-14 00:00:00,0.212,0.52444016,97.82862559
2018-05-15 00:00:00,0.199,0.52398906,97.66189669
2018-05-16 00:00:00,0.187,0.523537959,97.4951678
2018-05-17 00:00:00,0.179,0.523086858,97.3284389
2018-05-18 00:00:00,0.177,0.526966749,96.53667817
2018-05-19 00:00:00,0.168,0.53084664,95.74491743
2018-05-20 00:00:00,0.166,0.53472653,94.9531567
2018-05-21 00:00:00,0.16,0.538606421,94.16139597
2018-05-22 00:00:00,0.158,0.542486312,93.36963524
2018-05-23 00:00:00,0.154,0.546366202,92.5778745
2018-05-24 00:00:00,0.146,0.550246093,91.78611377
2018-05-25 00:00:00,0.142,0.554125983,90.99435304
2018-05-26 00:00:00,0.138,0.558005874,90.2025923
2018-05-27 00:00:00,0.134,0.561885765,89.41083157
2018-05-28 00:00:00,0.13,0.565765655,88.61907084
2018-05-29 00:00:00,0.131,0.569645546,87.8273101
2018-05-30 00:00:00,0.128,0.573525437,87.03554937
2018-05-31 00:00:00,0.126,0.577405327,86.24378864
2018-06-01 00:00:00,0.124,0.581285218,85.45202791
2018-06-02 00:00:00,0.119,0.585165109,84.66026717
2018-06-03 00:00:00,0.115,0.589044999,83.86850644
2018-06-04 00:00:00,0.113,0.59292489,83.07674571
2018-06-05 00:00:00,0.108,0.596804781,82.28498497
2018-06-06 00:00:00,0.105,0.600684671,81.49322424
2018-06-07 00:00:00,0.102,0.604564562,80.70146351
2018-06-08 00:00:00,0.098,0.608444453,79.90970278
2018-06-09 00:00:00,0.095,0.612324343,79.11794204
2018-06-10 00:00:00,0.092,0.616204234,78.32618131
2018-06-11 00:00:00,0.09,0.620084125,77.53442058
2018-06-12 00:00:00,0.088,0.623964015,76.74265984
2018-06-13 00:00:00,0.118,0.627843906,75.95089911
2018-06-14 00:00:00,0.154,0.631723797,75.15913838
2018-06-15 00:00:00,0.105,0.635603687,74.36737764
2018-06-16 00:00:00,0.209,0.639483578,73.57561691
2018-06-17 00:00:00,0.156,0.643363469,72.78385618
2018-06-18 00:00:00,0.12,0.647243359,71.99209545
2018-06-19 00:00:00,0.146,0.65112325,71.20033471
2018-06-20 00:00:00,0.294,0.655003141,70.40857398
2018-06-21 00:00:00,0.158,0.658883031,69.61681325
2018-06-22 00:00:00,0.122,0.662762922,68.82505251
2018-06-23 00:00:00,0.106,0.666642812,68.03329178
2018-06-24 00:00:00,0.097,0.670522703,67.24153105
2018-06-25 00:00:00,0.088,0.674402594,66.44977031
2018-06-26 00:00:00,0.087,0.678282484,65.65800958
2018-06-27 00:00:00,0.072,0.682162375,64.86624885
2018-06-28 00:00:00,0.072,0.686042266,64.07448812
2018-06-29 00:00:00,0.077,0.689922156,63.28272738
2018-06-30 00:00:00,0.075,0.693802047,62.49096665
2018-07-01 00:00:00,0.064,0.697681938,61.69920592
2018-07-02 00:00:00,0.065,0.701561828,60.90744518
2018-07-03 00:00:00,0.065,0.705441719,60.11568445
2018-07-04 00:00:00,0.063,0.70932161,59.32392372
2018-07-05 00:00:00,0.06,0.7132015,58.53216298
2018-07-06 00:00:00,0.057,0.717081391,57.74040225
2018-07-07 00:00:00,0.055,0.720961282,56.94864152
2018-07-08 00:00:00,0.055,0.724841172,56.15688079
2018-07-09 00:00:00,0.057,0.728721063,55.36512005
2018-07-10 00:00:00,0.044,0.732600954,54.57335932
2018-07-11 00:00:00,0.044,0.736480844,53.78159859
2018-07-12 00:00:00,0.05,0.740360735,52.98983785
2018-07-13 00:00:00,0.051,0.744240626,52.19807712
2018-07-14 00:00:00,0.048,0.748120516,51.40631639
2018-07-15 00:00:00,0.05,0.752000407,50.61455565
2018-07-16 00:00:00,0.054,0.755880298,49.82279492
2018-07-17 00:00:00,0.05,0.759760188,49.03103419
2018-07-18 00:00:00,0.047,0.763640079,48.23927346
2018-07-19 00:00:00,0.036,0.767519969,47.44751272
2018-07-20 00:00:00,0.033,0.77139986,46.65575199
2018-07-21 00:00:00,0.037,0.775279751,45.86399126
2018-07-22 00:00:00,0.035,0.779159641,45.07223052
2018-07-23 00:00:00,0.047,0.783039532,44.28046979
2018-07-24 00:00:00,0.046,0.786919423,43.48870906
2018-07-25 00:00:00,0.044,0.790799313,42.69694832
2018-07-26 00:00:00,0.041,0.794679204,41.90518759
2018-07-27 00:00:00,0.042,0.798559095,41.11342686
2018-07-28 00:00:00,0.13,0.802438985,40.32166613
2018-07-29 00:00:00,0.105,0.806318876,39.52990539
2018-07-30 00:00:00,0.074,0.810198767,38.73814466
2018-07-31 00:00:00,0.072,0.814078657,37.94638393
2018-08-01 00:00:00,0.126,0.817958548,37.15462319
2018-08-02 00:00:00,0.184,0.821838439,36.36286246
2018-08-03 00:00:00,0.125,0.825718329,35.57110173
2018-08-04 00:00:00,0.094,0.82959822,34.77934099
2018-08-05 00:00:00,0.082,0.833478111,33.98758026
2018-08-06 00:00:00,0.081,0.837358001,33.19581953
2018-08-07 00:00:00,0.069,0.841237892,32.4040588
2018-08-08 00:00:00,0.067,0.845117783,31.61229806
2018-08-09 00:00:00,0.064,0.848997673,30.82053733
2018-08-10 00:00:00,0.068,0.852877564,30.0287766
2018-08-11 00:00:00,0.062,0.856757455,29.23701586
2018-08-12 00:00:00,0.07,0.860637345,28.44525513
2018-08-13 00:00:00,0.082,0.864517236,27.6534944
2018-08-14 00:00:00,0.088,0.868397127,26.86173366
2018-08-15 00:00:00,0.155,0.872277017,26.06997293
2018-08-16 00:00:00,0.123,0.876156908,25.2782122
2018-08-17 00:00:00,0.103,0.880036798,24.48645147
2018-08-18 00:00:00,0.101,0.883916689,23.69469073
2018-08-19 00:00:00,0.173,0.88779658,22.90293
2018-08-20 00:00:00,0.168,0.89167647,22.11116927
2018-08-21 00:00:00,0.109,0.895556361,21.31940853
2018-08-22 00:00:00,0.202,0.899436252,20.5276478
2018-08-23 00:00:00,0.155,0.903316142,19.73588707
2018-08-24 00:00:00,0.14,0.907196033,18.94412633
2018-08-25 00:00:00,0.123,0.911075924,18.1523656
2018-08-26 00:00:00,0.163,0.914955814,17.36060487
2018-08-27 00:00:00,0.161,0.918835705,16.56884414
2018-08-28 00:00:00,0.13,0.922715596,15.7770834
2018-08-29 00:00:00,0.115,0.926595486,14.98532267
2018-08-30 00:00:00,0.105,0.930475377,14.19356194
2018-08-31 00:00:00,0.098,0.934355268,13.4018012
2018-09-01 00:00:00,0.095,0.938235158,12.61004047
2018-09-02 00:00:00,0.093,0.934382744,12.52872754
2018-09-03 00:00:00,0.119,0.93053033,12.44741461
2018-09-04 00:00:00,0.116,0.926677916,12.36610168
2018-09-05 00:00:00,0.102,0.922825502,12.28478875
2018-09-06 00:00:00,0.097,0.918973088,12.20347582
2018-09-07 00:00:00,0.096,0.915120674,12.12216289
2018-09-08 00:00:00,0.094,0.91126826,12.04084996
2018-09-09 00:00:00,0.119,0.907415846,11.95953703
2018-09-10 00:00:00,0.187,0.903563432,11.87822411
2018-09-11 00:00:00,0.239,0.899711018,11.79691118
2018-09-12 00:00:00,0.163,0.895858604,11.71559825
2018-09-13 00:00:00,0.159,0.89200619,11.63428532
2018-09-14 00:00:00,0.154,0.888153776,11.55297239
2018-09-15 00:00:00,0.193,0.884301362,11.47165946
2018-09-16 00:00:00,0.715,0.880448948,11.39034653
2018-09-17 00:00:00,0.352,0.876596534,11.3090336
2018-09-18 00:00:00,0.355,0.87274412,11.22772067
2018-09-19 00:00:00,1.64,0.868891706,11.14640774
2018-09-20 00:00:00,1.173,0.865039292,11.06509481
2018-09-21 00:00:00,0.745,0.861186878,10.98378188
2018-09-22 00:00:00,0.504,0.857334464,10.90246895
2018-09-23 00:00:00,0.397,0.85348205,10.82115602
2018-09-24 00:00:00,0.332,0.849629636,10.73984309
2018-09-25 00:00:00,0.308,0.845777222,10.65853016
2018-09-26 00:00:00,0.329,0.841924808,10.57721723
2018-09-27 00:00:00,0.291,0.838072394,10.4959043
2018-09-28 00:00:00,0.252,0.83421998,10.41459137
2018-09-29 00:00:00,0.235,0.830367566,10.33327844
2018-09-30 00:00:00,0.219,0.826515152,10.25196551
2018-10-01 00:00:00,0.217,0.822662738,10.17065258
2018-10-02 00:00:00,0.186,0.818810324,10.08933966
2018-10-03 00:00:00,0.178,0.81495791,10.00802673
2018-10-04 00:00:00,0.173,0.811105496,9.926713796
2018-10-05 00:00:00,0.17,0.807253082,9.845400867
2018-10-06 00:00:00,0.164,0.803400668,9.764087937
2018-10-07 00:00:00,0.252,0.799548254,9.682775008
2018-10-08 00:00:00,0.73,0.79569584,9.601462078
2018-10-09 00:00:00,3.069,0.791843426,9.520149149
2018-10-10 00:00:00,1.661,0.787991012,9.438836219
2018-10-11 00:00:00,1.134,0.784138598,9.357523289
2018-10-12 00:00:00,2.082,0.780286184,9.27621036
2018-10-13 00:00:00,2.955,0.77643377,9.19489743
2018-10-14 00:00:00,1.719,0.772581356,9.113584501
2018-10-15 00:00:00,1.142,0.768728942,9.032271571
2018-10-16 00:00:00,0.866,0.764876528,8.950958642
2018-10-17 00:00:00,0.657,0.761024114,8.869645712
2018-10-18 00:00:00,0.551,0.7571717,8.788332783
2018-10-19 00:00:00,0.483,0.753319286,8.707019853
2018-10-20 00:00:00,0.45,0.749466872,8.625706924
2018-10-21 00:00:00,0.462,0.745614457,8.544393994
2018-10-22 00:00:00,0.398,0.741762043,8.463081065
2018-10-23 00:00:00,0.362,0.737909629,8.381768135
2018-10-24 00:00:00,0.331,0.734057215,8.300455205
2018-10-25 00:00:00,0.31,0.730204801,8.219142276
2018-10-26 00:00:00,0.277,0.726352387,8.137829346
2018-10-27 00:00:00,0.246,0.722499973,8.056516417
2018-10-28 00:00:00,0.238,0.718647559,7.975203487
2018-10-29 00:00:00,0.239,0.714795145,7.893890558
2018-10-30 00:00:00,0.236,0.710942731,7.812577628
2018-10-31 00:00:00,0.242,0.707090317,7.731264699
2018-11-01 00:00:00,0.285,0.703237903,7.649951769
2018-11-02 00:00:00,0.262,0.699385489,7.56863884
2018-11-03 00:00:00,1.72,0.695533075,7.48732591
2018-11-04 00:00:00,1.204,0.691680661,7.406012981
2018-11-05 00:00:00,0.845,0.687828247,7.324700051
2018-11-06 00:00:00,0.626,0.683975833,7.243387121
2018-11-07 00:00:00,0.546,0.680123419,7.162074192
2018-11-08 00:00:00,0.668,0.676271005,7.080761262
2018-11-09 00:00:00,0.859,0.672418591,6.999448333
2018-11-10 00:00:00,1.045,0.668566177,6.918135403
2018-11-11 00:00:00,1.212,0.664713763,6.836822474
2018-11-12 00:00:00,0.992,0.660861349,6.755509544
2018-11-13 00:00:00,0.791,0.657008935,6.674196615
2018-11-14 00:00:00,3.411,0.653156521,6.592883685
2018-11-15 00:00:00,1.91,0.649304107,6.511570756
2018-11-16 00:00:00,1.264,0.645451693,6.430257826
2018-11-17 00:00:00,0.953,0.641599279,6.348944897
2018-11-18 00:00:00,0.757,0.637746865,6.267631967
2018-11-19 00:00:00,0.634,0.633894451,6.186319037
2018-11-20 00:00:00,0.656,0.630042037,6.105006108
2018-11-21 00:00:00,1.665,0.626189623,6.023693178
2018-11-22 00:00:00,1.118,0.622337209,5.942380249
2018-11-23 00:00:00,1.361,0.618484795,5.861067319
2018-11-24 00:00:00,1.165,0.614632381,5.77975439
2018-11-25 00:00:00,1.012,0.610779967,5.69844146
2018-11-26 00:00:00,1.119,0.606927553,5.617128531
2018-11-27 00:00:00,1.171,0.603075139,5.535815601
2018-11-28 00:00:00,2.117,0.599222725,5.454502672
2018-11-29 00:00:00,3.462,0.595370311,5.373189742
2018-11-30 00:00:00,2.942,0.591517897,5.291876812
2018-12-01 00:00:00,1.95,0.587665483,5.210563883
2018-12-02 00:00:00,1.62,0.587561282,6.682528354
2018-12-03 00:00:00,1.316,0.587457081,8.154492824
2018-12-04 00:00:00,1.011,0.587352881,9.626457295
2018-12-05 00:00:00,0.972,0.58724868,11.09842177
2018-12-06 00:00:00,1.214,0.587144479,12.57038624
2018-12-07 00:00:00,1.94,0.587040278,14.04235071
2018-12-08 00:00:00,1.469,0.586936078,15.51431518
2018-12-09 00:00:00,1.067,0.586831877,16.98627965
2018-12-10 00:00:00,0.857,0.586727676,18.45824412
2018-12-11 00:00:00,0.739,0.586623475,19.93020859
2018-12-12 00:00:00,0.625,0.586519275,21.40217306
2018-12-13 00:00:00,0.542,0.586415074,22.87413753
2018-12-14 00:00:00,0.471,0.586310873,24.346102
2018-12-15 00:00:00,0.753,0.586206673,25.81806647
2018-12-16 00:00:00,1.33,0.586102472,27.29003094
2018-12-17 00:00:00,1.662,0.585998271,28.76199541
2018-12-18 00:00:00,1.851,0.58589407,30.23395988
2018-12-19 00:00:00,1.347,0.58578987,31.70592435
2018-12-20 00:00:00,1.494,0.585685669,33.17788882
2018-12-21 00:00:00,1.434,0.585581468,34.6498533
2018-12-22 00:00:00,1.069,0.585477267,36.12181777
2018-12-23 00:00:00,0.866,0.585373067,37.59378224
2018-12-24 00:00:00,0.712,0.585268866,39.06574671
2018-12-25 00:00:00,0.639,0.585164665,40.53771118
2018-12-26 00:00:00,0.574,0.585060464,42.00967565
2018-12-27 00:00:00,0.516,0.584956264,43.48164012
2018-12-28 00:00:00,0.515,0.584852063,44.95360459
2018-12-29 00:00:00,0.613,0.584747862,46.42556906
2018-12-30 00:00:00,0.5,0.584643661,47.89753353
2018-12-31 00:00:00,0.48,0.584539461,49.369498
