time,AirTemp,ShortWave,LongWave,RelHum,WindSpeed,Rain
2016-01-01 00:00,7.299279785,19.88923073,318.9893188,93.43470764,3.155581474,0.01194
2016-01-02 00:00,6.074609375,18.86857414,309.4617615,84.63179779,5.064240456,0.00659
2016-01-03 00:00,5.180291748,12.46145725,302.9970398,76.39728546,8.68328476,0.00293
2016-01-04 00:00,3.942254639,25.41599274,285.8925171,80.94600677,4.704588413,0.00146
2016-01-05 00:00,5.139703369,12.11763382,312.4177551,90.74043274,4.637485981,0.01051
2016-01-06 00:00,1.915155029,25.86851692,285.3524475,80.21700287,2.831932068,0
2016-01-07 00:00,-0.017858887,28.17130661,243.8148804,73.59526825,3.6533885,0
2016-01-08 00:00,1.306726074,12.29229355,291.9952087,88.40189362,2.530055285,0.00434
2016-01-09 00:00,7.181359863,11.44784832,320.6783752,84.16364288,7.428395271,0.00404
2016-01-10 00:00,2.696588135,7.675498962,296.805542,79.84139252,7.592872143,0.00379
2016-01-11 00:00,3.168084717,15.82170391,299.3100281,78.077034,7.558833122,0.00194
2016-01-12 00:00,2.198358154,28.48912048,289.8416443,80.23600006,4.785252094,0.00027
2016-01-13 00:00,0.145318604,19.24734879,279.2290344,86.87177277,1.476507306,0
2016-01-14 00:00,1.529138184,32.27191162,273.7158508,82.5003891,4.014743328,0
2016-01-15 00:00,0.422052002,25.28640938,273.6992798,85.38617706,2.17320323,0
2016-01-16 00:00,-0.341802979,28.80366898,273.5930481,85.44764709,1.743343234,0.00395
2016-01-17 00:00,0.654473877,17.86618805,289.34021,94.06873322,2.96738553,0.01901
2016-01-18 00:00,3.0480896,28.57377625,295.0946045,91.26251221,3.365258932,0.00084
2016-01-19 00:00,3.805566406,22.45947456,306.249939,91.45103455,3.266462088,0.02236
2016-01-20 00:00,6.252008057,19.95412064,314.5904236,71.49141693,10.76778126,0.00863
2016-01-21 00:00,3.750604248,22.25490379,290.2032471,73.88186646,6.566684246,0
2016-01-22 00:00,0.882501221,37.00701904,266.2269592,72.37310791,4.119608879,0
2016-01-23 00:00,0.056329346,30.22176361,270.8891602,91.85654449,1.789374352,0.00349
2016-01-24 00:00,9.738793945,24.16677666,337.5763245,91.85991669,7.138506413,0.00079
2016-01-25 00:00,9.627862549,18.66503143,334.2121582,87.35347748,8.543131828,0.00065
2016-01-26 00:00,5.22701416,42.95557785,278.8236084,78.93127441,4.995666981,0.00118
2016-01-27 00:00,4.674035645,17.01468849,293.755249,86.89513397,3.236000538,0.00014
2016-01-28 00:00,6.450708008,16.98210526,319.3586731,91.92087555,2.830721617,0.00334
2016-01-29 00:00,6.075280762,20.14436531,315.1846008,92.8477478,2.569149494,0.00203
2016-01-30 00:00,5.210656738,26.6995697,312.0745544,83.34605408,2.899624109,0.00006
2016-01-31 00:00,9.684838867,22.83903885,336.9665833,91.75650024,6.295141697,0.00319
2016-02-01 00:00,8.059533691,30.19693375,325.7465515,83.52716827,6.154923916,0.00785
2016-02-02 00:00,4.227258301,40.22551727,275.366394,75.56970215,4.806398869,0.00002
2016-02-03 00:00,7.174859619,21.36157799,321.683136,90.41648865,6.645913601,0.00093
2016-02-04 00:00,6.337670898,44.33235931,318.7718201,84.67925262,4.165921688,0.00123
2016-02-05 00:00,3.704553223,51.43340302,292.280304,75.54878998,6.16039753,0.00088
2016-02-06 00:00,4.441552734,17.92453766,308.5114441,84.41035461,6.545342922,0.0088
2016-02-07 00:00,2.048638916,29.49314308,290.8266907,83.32405853,2.002544641,0.00695
2016-02-08 00:00,1.213250732,11.92661572,287.0881042,86.8158493,4.803367615,0.01556
2016-02-09 00:00,2.793786621,37.31181335,297.1220093,76.98122406,9.147125244,0.00291
2016-02-10 00:00,5.198480225,16.86955643,298.2901917,83.17326355,6.486123562,0.00833
2016-02-11 00:00,8.376062012,19.21485519,329.5791016,87.44918823,4.916784286,0.01578
2016-02-12 00:00,6.532739258,58.63408279,305.6352539,75.48010254,7.769454956,0.00135
2016-02-13 00:00,5.330865479,43.83164597,302.8354187,76.96637726,5.577226639,0.00664
2016-02-14 00:00,6.144464111,30.18454933,315.5479736,81.75744629,8.268322945,0.00979
2016-02-15 00:00,5.29519043,55.92472076,306.364502,82.37397003,5.166509151,0.00691
2016-02-16 00:00,1.615594482,76.62886047,259.025116,73.23012543,4.171504021,0.00022
2016-02-17 00:00,0.275079346,84.22161102,256.6753845,68.8368454,2.201048136,0
2016-02-18 00:00,6.102044678,34.97663498,317.6505737,85.83332062,7.32115221,0.00205
2016-02-19 00:00,5.224664307,43.97192764,308.3625183,68.2199173,8.559937477,0.00506
2016-02-20 00:00,7.494256592,49.97691727,324.8842163,83.16900635,10.79411507,0.00946
2016-02-21 00:00,9.352410889,52.7134285,332.6098938,82.17462921,9.709256172,0.00032
2016-02-22 00:00,9.958856201,83.62293243,313.8237305,81.81736755,8.658270836,0.00002
2016-02-23 00:00,8.969995117,70.01660919,323.0161743,87.29954529,4.716715813,0.00031
2016-02-24 00:00,6.274163818,38.27650452,314.5862122,84.61154175,5.593855858,0.00192
2016-02-25 00:00,4.093621826,52.18197632,302.0535889,78.52406311,7.029993057,0.00501
2016-02-26 00:00,4.873529053,63.92067337,299.8546753,73.16893768,7.478290558,0.00161
2016-02-27 00:00,2.324761963,25.0712471,284.5430298,86.40667725,3.508681297,0.0118
2016-02-28 00:00,4.092492676,49.1275444,301.6947632,85.59728241,4.054860115,0.0103
2016-02-29 00:00,7.318994141,60.09247971,313.1469421,74.11402893,8.313727379,0.01434
2016-03-01 00:00,5.667749023,80.16804504,300.9108887,69.99794006,9.049836159,0.00307
2016-03-02 00:00,6.860131836,36.36855698,311.1043091,78.05602264,7.26207304,0.0052
2016-03-03 00:00,4.340264893,72.8908844,297.1929016,81.21549225,6.10014677,0.00531
2016-03-04 00:00,3.431756592,41.80871201,276.6999512,82.84426117,8.114334106,0.0252
2016-03-05 00:00,3.631799316,101.3893051,276.1080933,78.52261353,4.742203236,0.00822
2016-03-06 00:00,2.81206665,23.22686577,290.40271,89.26789093,10.21498775,0.01205
2016-03-07 00:00,5.706262207,146.0219116,280.1707153,74.30841064,6.489450932,0.00051
2016-03-08 00:00,5.695855713,28.75467491,304.1687927,83.11204529,6.624054909,0.00243
2016-03-09 00:00,2.744470215,56.2808342,287.6568604,86.06303406,7.259897709,0.00365
2016-03-10 00:00,3.513726807,115.7646332,283.4515076,77.46663666,5.234876156,0.00018
2016-03-11 00:00,2.400445557,84.37462616,284.9388733,81.13516235,1.166722178,0.00008
2016-03-12 00:00,2.061853027,144.1587219,257.5050354,75.32514191,3.567775011,0.00016
2016-03-13 00:00,1.807122803,115.431572,257.37146,69.90274048,5.394448757,0.00017
2016-03-14 00:00,1.785668945,113.17202,272.0568542,70.49055481,3.089469671,0.00002
2016-03-15 00:00,1.025994873,55.86086655,279.9069824,88.94842529,1.614434958,0.00428
2016-03-16 00:00,9.079278564,112.5367279,322.7128906,90.18778992,4.981143951,0.00131
2016-03-17 00:00,11.16781006,90.01449585,336.8531799,86.52850342,6.439962387,0.00368
2016-03-18 00:00,10.83574829,123.5817642,327.2004395,86.79608917,5.614055634,0.00275
2016-03-19 00:00,11.44939575,98.65033722,338.6251221,85.97422028,5.972816944,0.00206
2016-03-20 00:00,10.53954468,157.1466064,328.2225952,77.96514893,5.09992218,0.00027
2016-03-21 00:00,8.86348877,141.8834991,308.559082,66.92661285,7.345970631,0.00105
2016-03-22 00:00,8.060540771,109.4977188,317.1993103,71.57822418,2.34169817,0.00006
2016-03-23 00:00,8.959985352,91.17570496,322.6449585,86.93700409,4.469116211,0.0007
2016-03-24 00:00,10.11812744,105.3716736,331.7163086,88.90956879,3.101380825,0.00184
2016-03-25 00:00,8.531945801,147.655777,312.6374817,75.27487183,5.287734509,0.00342
2016-03-26 00:00,7.60894165,109.3135147,314.0027771,84.95039368,4.188149452,0.01246
2016-03-27 00:00,6.767602539,144.8268738,292.1808777,81.40026855,1.888789654,0.00101
2016-03-28 00:00,6.522393799,119.1783676,297.8319092,80.74508667,2.395879269,0.00269
2016-03-29 00:00,5.544152832,107.7039185,304.7609253,89.85572815,2.738850355,0.00504
2016-03-30 00:00,5.994592285,85.21747589,309.1645813,92.34381104,3.558701515,0.00568
2016-03-31 00:00,3.936669922,62.17769623,297.3985596,92.00878906,6.729606152,0.02025
2016-04-01 00:00,3.582971191,65.66423798,293.553833,84.2195816,6.472187042,0.00916
2016-04-02 00:00,3.35100708,107.8523102,284.6490173,60.02240372,5.800890446,0.00002
2016-04-03 00:00,3.122033691,148.3123169,278.3690186,68.67476654,3.219248772,0.00023
2016-04-04 00:00,3.46819458,140.3053284,264.6985779,68.78913116,2.144481897,0.00035
2016-04-05 00:00,3.126031494,143.3519897,261.2365723,73.00410461,1.218013644,0.00002
2016-04-06 00:00,2.982141113,143.7327118,262.6760254,76.96808624,3.167399168,0.00026
2016-04-07 00:00,3.683312988,122.6560593,290.4833984,74.75655365,3.276968956,0.0055
2016-04-08 00:00,2.610772705,114.7578354,282.2160645,71.67218781,3.738949537,0.0002
2016-04-09 00:00,2.125787354,71.61217499,282.4515686,84.82364655,5.834181786,0.00627
2016-04-10 00:00,4.132104492,90.10890961,298.0407104,90.77223969,3.808577061,0.0063
2016-04-11 00:00,5.456903076,116.3512726,304.9501953,89.47732544,1.127560496,0.0031
2016-04-12 00:00,6.134179688,129.5570679,307.1371155,86.39129639,0.407283902,0.0012
2016-04-13 00:00,5.923364258,104.5142059,305.7145081,87.81771088,0.998306215,0.00319
2016-04-14 00:00,6.153253174,113.6033096,308.1635437,84.73480988,2.740557671,0.00076
2016-04-15 00:00,6.544213867,100.7912674,310.9103394,85.49730682,3.127034903,0.00055
2016-04-16 00:00,7.687158203,117.909874,317.0498962,87.6700592,1.859594464,0.00062
2016-04-17 00:00,9.020196533,138.0363617,314.6920776,85.31962585,0.566680491,0.00008
2016-04-18 00:00,10.61156616,172.2861023,319.2228394,75.33394623,1.413268924,0.00006
2016-04-19 00:00,8.873254395,171.0993958,308.3822937,84.35021973,1.559639454,0.00026
2016-04-20 00:00,10.60692749,240.9580688,322.8712463,76.28672791,1.91814816,0
2016-04-21 00:00,11.04796753,172.699295,332.971405,82.94945526,4.847312927,0.00018
2016-04-22 00:00,11.22628174,170.8703766,330.646759,75.3816452,4.833866119,0
2016-04-23 00:00,10.58446655,180.2455444,321.8730774,71.85773468,7.91244936,0.00033
2016-04-24 00:00,7.748071289,185.7935181,294.5162354,59.97499466,8.670969963,0.00037
2016-04-25 00:00,6.992730713,168.3166046,286.8252563,65.51686859,4.767906189,0.00098
2016-04-26 00:00,6.312188721,181.7795715,285.9256287,69.2623291,2.020748615,0.00353
2016-04-27 00:00,6.674401855,177.4511261,303.921936,75.73690796,2.381378412,0.00319
2016-04-28 00:00,8.141473389,172.9803009,302.1004333,68.24191284,4.044425011,0.00011
2016-04-29 00:00,8.976739502,147.1706085,317.2320251,71.70848083,7.872499466,0.00104
2016-04-30 00:00,11.91112671,173.8158569,336.8316956,72.25588226,6.935920715,0.00024
2016-05-01 00:00,13.32027588,180.9254303,343.6413574,74.0157547,7.873613834,0.00002
2016-05-02 00:00,10.68795166,114.3340683,333.5575562,84.35939789,5.376988888,0.00957
2016-05-03 00:00,7.064141846,138.106842,297.2618408,76.35764313,6.165819168,0.00423
2016-05-04 00:00,7.079705811,162.0344696,296.0801697,67.89311981,6.497750282,0.00307
2016-05-05 00:00,6.570245361,145.6352386,303.057251,71.39812469,2.898297787,0.004
2016-05-06 00:00,5.388970947,117.5146255,303.4805908,83.94680786,2.719377041,0.00494
2016-05-07 00:00,6.449517822,89.23284149,309.1981506,85.12501526,4.287315369,0.01098
2016-05-08 00:00,6.235803223,114.3553085,305.2459412,82.48712921,4.865266323,0.00429
2016-05-09 00:00,6.091943359,77.5072937,306.727478,82.2731781,6.39387989,0.00579
2016-05-10 00:00,7.53057251,170.567337,306.3987122,64.38646698,4.939554214,0.00012
2016-05-11 00:00,6.83526001,164.0617676,304.9985352,66.86392212,2.72655797,0.00198
2016-05-12 00:00,6.728387451,171.1766663,301.0808411,68.0711441,2.402050257,0.00014
2016-05-13 00:00,6.024407959,162.215332,296.496521,59.73257828,4.663798809,0.00005
2016-05-14 00:00,8.895501709,166.2272949,319.6684875,67.18641663,4.196769238,0.00005
2016-05-15 00:00,10.57946167,146.7148895,329.9785461,72.65139008,3.847838163,0.00198
2016-05-16 00:00,10.70079956,189.8077393,325.2989807,79.73696899,3.1463899612426798,0.01229
2016-05-17 00:00,8.50725708,117.680481,318.8258057,75.43432617,5.308790207,0.00627
2016-05-18 00:00,10.10839233,192.4931946,320.4728699,70.73503876,2.502837896,0.00022
2016-05-19 00:00,10.98879395,200.2085876,324.4322815,69.37998962,2.202694416,0.00016
2016-05-20 00:00,10.17815552,206.5625305,306.350647,77.63700104,2.51275444,0.00212
2016-05-21 00:00,10.90563354,225.3853455,315.7348328,80.46011353,3.315520763,0.00069
2016-05-22 00:00,10.85601196,243.0265656,316.8904419,80.14794922,3.252053738,0.00023
2016-05-23 00:00,9.559106445,157.4811401,328.5726929,87.26281738,6.660759926,0.00184
2016-05-24 00:00,12.64885864,120.2625809,328.3537292,88.34658051,5.848895073,0.00421
2016-05-25 00:00,13.10088501,168.8982697,327.0450439,79.21231079,3.075202942,0.00021
2016-05-26 00:00,14.35338745,207.5266571,340.9882507,74.46284485,5.294611454,0.00183
2016-05-27 00:00,14.31118164,214.2700958,340.2198486,73.34088135,4.268139839,0.00294
2016-05-28 00:00,12.71077881,229.7973785,318.8625793,65.62888336,2.803220987,0.00009
2016-05-29 00:00,11.75744019,214.0537567,311.6567078,71.78069305,2.073808908,0.00056
2016-05-30 00:00,12.01879272,211.6024475,318.0284424,71.30975342,1.784190655,0.00203
2016-05-31 00:00,11.30993042,204.4418335,308.2024841,76.22527313,1.440027118,0.00083
2016-06-01 00:00,10.60540161,168.8859406,334.2763977,85.94477844,3.696755648,0.0042
2016-06-02 00:00,8.108361816,62.6735878,328.3190002,93.19224548,6.530123234,0.03435
2016-06-03 00:00,8.413201904,128.8606873,319.355072,73.80400085,4.313673973,0.00443
2016-06-04 00:00,8.800714111,173.9577026,300.9449463,64.78356171,4.844070911,0.00024
2016-06-05 00:00,9.491693115,126.8704605,330.7650757,77.87918854,4.029428005,0.00266
2016-06-06 00:00,9.968164063,148.3068237,330.2624207,77.29727173,2.917081118,0.00695
2016-06-07 00:00,10.05184326,211.8668213,316.0493164,71.29559326,3.945582628,0.00126
2016-06-08 00:00,11.76018677,202.1929779,335.1405029,79.9712677,6.222677708,0.00488
2016-06-09 00:00,12.11507568,181.6459961,342.4268188,83.62264252,6.278220654,0.00332
2016-06-10 00:00,12.3800293,252.7661896,314.7217102,66.48577118,4.214048862,0.00004
2016-06-11 00:00,12.40053711,219.3759613,341.7319336,76.70983124,2.325110197,0.00013
2016-06-12 00:00,15.95543823,230.2627411,356.710968,82.92932129,2.521143913,0.00078
2016-06-13 00:00,14.42870483,229.9265594,346.0748901,88.36732483,1.893696785,0.00043
2016-06-14 00:00,15.52996216,183.993103,364.2530823,86.45574951,1.300918818,0.00061
2016-06-15 00:00,16.05376587,200.3986969,359.9186096,84.13991547,3.075799465,0.01169
2016-06-16 00:00,14.55196533,238.4135895,325.5209045,72.52017212,3.546804428,0.00002
2016-06-17 00:00,12.2517334,208.3451996,316.1807861,64.93663788,4.088366032,0.00001
2016-06-18 00:00,11.59411011,227.1824493,312.7936401,62.6156044,4.097835541,0.00003
2016-06-19 00:00,11.54165039,298.1104126,320.5346985,74.74295807,1.344797015,0.00001
2016-06-20 00:00,11.93364868,180.3642578,331.4359741,85.74616241,1.201290965,0.00006
2016-06-21 00:00,13.14486084,157.1061096,345.8176575,86.00131226,0.809413254,0.0006
2016-06-22 00:00,11.8467041,103.3150635,343.8763123,91.69304657,1.84269166,0.01064
2016-06-23 00:00,9.607202148,128.3498993,322.8497925,70.21640778,4.041323185,0.00007
2016-06-24 00:00,10.10357056,163.5280151,328.8869324,63.97946548,3.480623245,0.00016
2016-06-25 00:00,10.14785156,140.4173584,334.3986511,74.192276,3.738145113,0.00028
2016-06-26 00:00,11.00548706,256.4169312,321.6495056,73.39239502,2.886953592,0.00005
2016-06-27 00:00,11.48226318,247.9494171,318.8216858,71.72958374,0.671959281,0.00005
2016-06-28 00:00,14.28817139,192.1898804,348.5994263,75.96975708,1.975593925,0.00053
2016-06-29 00:00,15.4182373,244.7415314,344.2351379,76.37327576,2.364132881,0.00233
2016-06-30 00:00,13.67739258,269.7611084,320.6861267,78.13333893,2.979893684,0.00008
2016-07-01 00:00,12.09075317,109.2673187,340.4608765,87.57033539,2.086777687,0.00973
2016-07-02 00:00,12.9777771,231.9918518,325.2474976,75.63043213,4.049477577,0.0016
2016-07-03 00:00,12.01009521,135.0942993,337.8696899,89.3183136,3.059220552,0.00748
2016-07-04 00:00,12.512323,222.3059082,319.346405,78.61368561,4.35128212,0.00168
2016-07-05 00:00,11.99776611,112.9235611,343.3588562,91.85170746,0.972039402,0.00268
2016-07-06 00:00,13.3635498,205.4455566,334.2184753,77.1627121,3.836407661,0.00034
2016-07-07 00:00,13.52153931,197.2800598,336.6691284,76.49731445,4.755422115,0.00318
2016-07-08 00:00,13.42592773,221.839386,326.6834412,70.08120728,5.650608063,0.00003
2016-07-09 00:00,13.16536865,164.0062408,331.5695496,73.01229858,4.856864929,0.00026
2016-07-10 00:00,13.35198364,184.8104553,345.8560486,72.90893555,4.159594059,0.00027
2016-07-11 00:00,12.6635376,211.7650909,319.6787109,80.31323242,1.317290425,0.0058
2016-07-12 00:00,12.93551025,168.145462,341.3037415,78.75796509,2.436655521,0.00261
2016-07-13 00:00,12.42467651,200.9651184,346.2250061,78.07033539,1.799051881,0.0001
2016-07-14 00:00,12.89074097,149.0176544,351.3986206,90.82211304,3.70851922,0.00569
2016-07-15 00:00,13.48824463,238.3148804,323.512085,77.52336884,3.583893538,0.00005
2016-07-16 00:00,13.64928589,220.5349731,340.09198,78.86323547,2.28266263,0.00007
2016-07-17 00:00,14.28768311,231.8201599,358.7475891,77.22346497,1.759393692,0
2016-07-18 00:00,14.90737305,243.2918549,363.0118713,68.45880127,4.344796658,0
2016-07-19 00:00,13.61031494,282.835022,299.4460144,74.33257294,1.356173277,0
2016-07-20 00:00,15.21639404,249.4352417,355.92453,81.36256409,0.794549465,0.00005
2016-07-21 00:00,16.84224854,246.1613617,344.852417,79.7256012,1.043370485,0.00028
2016-07-22 00:00,16.79723511,170.6340027,371.0135498,78.37546539,0.856609225,0.00004
2016-07-23 00:00,17.23543701,243.7684631,343.3384399,77.88079071,0.738617182,0.0001
2016-07-24 00:00,18.27300415,225.7499695,369.9335022,81.2717514,1.114627361,0.00032
2016-07-25 00:00,18.16228638,221.6890259,364.0477905,80.46533966,1.28974092,0.00271
2016-07-26 00:00,18.72866211,236.9249725,366.0537415,76.64038849,1.265653253,0.00003
2016-07-27 00:00,16.55999146,165.1626587,361.1773682,85.38950348,2.261311531,0.0003
2016-07-28 00:00,15.71428833,170.7237091,355.6590576,86.08010101,1.687058806,0.00011
2016-07-29 00:00,18.01903687,252.2670441,346.9970093,81.21430206,1.905189753,0.00005
2016-07-30 00:00,19.53954468,184.9430237,382.9745178,82.36669159,1.190140963,0.00008
2016-07-31 00:00,19.40661011,133.8271027,382.499176,85.85243988,1.58574605,0.01729
2016-08-01 00:00,18.25643311,237.4591064,354.5467224,76.68028259,2.847076416,0.00092
2016-08-02 00:00,16.04223022,123.5399933,366.1856995,89.9165802,2.091491938,0.00786
2016-08-03 00:00,17.26955566,180.5856476,351.6682129,85.172966,2.485184669,0.01259
2016-08-04 00:00,15.51049194,153.6459198,347.5457153,85.95897675,3.40196228,0.01252
2016-08-05 00:00,17.30263672,205.1486664,359.7806396,78.24510956,3.677612782,0.0012
2016-08-06 00:00,17.48595581,199.8093262,359.3256531,84.43697357,4.27010107,0.00459
2016-08-07 00:00,16.07268677,188.2566528,353.0814514,89.51655579,3.877550364,0.01805
2016-08-08 00:00,12.76433716,85.05063629,351.8092651,89.56890106,4.82862711,0.00891
2016-08-09 00:00,13.67748413,152.0697479,348.5772095,72.0801239,1.988344908,0.00002
2016-08-10 00:00,13.88329468,161.1627655,341.1834412,74.47877502,0.36989519,0.00006
2016-08-11 00:00,14.49758301,217.4295807,318.9603271,73.08613586,1.091707587,0.00054
2016-08-12 00:00,14.76439819,181.4252167,330.6322021,78.32089233,2.731964827,0.00337
2016-08-13 00:00,14.67797241,120.616478,360.7756958,83.79860687,3.019481421,0.00468
2016-08-14 00:00,15.89876709,195.2879333,337.8127747,79.19236755,4.312506199,0.00183
2016-08-15 00:00,15.26439819,206.3996887,341.0783386,76.8818512,2.606569529,0.00043
2016-08-16 00:00,15.6831604,170.1690979,363.068512,83.50184631,2.456654787,0.00079
2016-08-17 00:00,17.43639526,189.6902313,354.0232544,86.68897247,3.270090103,0.00334
2016-08-18 00:00,17.62044678,176.2480011,355.542572,89.87883759,1.128240585,0.00596
2016-08-19 00:00,16.78838501,192.9120941,368.9378052,83.9052124,1.606920958,0.00019
2016-08-20 00:00,14.63637695,134.5892639,360.7394104,77.7313385,2.319150448,0.00173
2016-08-21 00:00,13.41433105,135.8601685,344.6440735,77.54271698,2.19652009,0.00069
2016-08-22 00:00,13.49395142,139.1773987,353.6048584,80.36201477,0.9358477,0.00225
2016-08-23 00:00,15.27144775,190.1696472,323.5795898,74.44880676,1.793987632,0.00003
2016-08-24 00:00,15.20980225,161.8980255,345.0265198,76.34931183,1.668408275,0.00002
2016-08-25 00:00,15.0251709,151.0570831,354.8215027,79.91621399,2.926317215,0.00006
2016-08-26 00:00,15.19967041,121.0589371,360.7151794,83.41651917,4.483905315,0.00067
2016-08-27 00:00,12.52770386,123.9400024,342.5931091,72.36305237,1.909020066,0.00306
2016-08-28 00:00,10.29076538,105.9212723,323.6768494,67.59379578,2.352557182,0.00431
2016-08-29 00:00,11.54485474,123.4885712,338.4333801,67.2167511,2.954458475,0.00016
2016-08-30 00:00,13.5826355,116.8025665,354.0810852,81.66026306,3.746876478,0.00011
2016-08-31 00:00,14.7645813,75.00429535,361.9178162,89.04152679,6.374904156,0.00451
2016-09-01 00:00,14.38790283,99.66927338,345.1233826,82.19822693,5.692602158,0.00289
2016-09-02 00:00,13.09707031,143.8943024,335.7688599,73.67719269,5.364082336,0.00022
2016-09-03 00:00,13.61797485,134.5782318,350.7244568,82.14733124,5.613605022,0.00877
2016-09-04 00:00,12.77764282,91.78642273,336.7306519,87.34836578,4.745546341,0.01567
2016-09-05 00:00,12.93267212,129.1851654,338.0361023,74.91297913,6.678916454,0.00007
2016-09-06 00:00,13.58983765,140.4266968,352.5827942,83.2293396,5.533659935,0.00206
2016-09-07 00:00,13.44289551,43.21917725,355.006073,96.14071655,1.288954854,0.019
2016-09-08 00:00,13.40575562,33.52947998,353.934906,95.67126465,1.904331684,0.00872
2016-09-09 00:00,12.34719238,137.2093048,335.526886,79.49364471,5.869039536,0.00207
2016-09-10 00:00,14.0380188,34.65098953,358.2800293,93.00706482,4.186448097,0.03644
2016-09-11 00:00,14.61321411,139.7126923,351.4224548,85.76122284,5.769207954,0.0202
2016-09-12 00:00,11.65862427,144.7476807,321.8634644,71.49207306,1.661440611,0.00001
2016-09-13 00:00,11.77941284,27.38972855,346.8061829,93.11927795,5.039670467,0.03077
2016-09-14 00:00,11.26824341,65.13449097,341.3135071,85.04184723,7.421496391,0.00264
2016-09-15 00:00,11.72963867,152.9751587,311.1945801,71.11096191,6.136171818,0.00006
2016-09-16 00:00,13.26156006,27.44862175,351.9450073,85.91844177,6.282473087,0.02909
2016-09-17 00:00,11.7446228,129.1434174,299.1464539,67.73001099,9.511991501,0.00111
2016-09-18 00:00,11.46270142,101.6672211,305.2571106,80.17098236,2.678471804,0.00012
2016-09-19 00:00,10.71395264,141.9224396,294.9629822,78.99765778,2.705044508,0.00007
2016-09-20 00:00,9.372644043,91.56339264,307.1470642,83.94364166,2.17566824,0.00355
2016-09-21 00:00,9.907617188,123.8827209,311.0817261,83.64064026,1.724636912,0.00131
2016-09-22 00:00,10.03295288,72.44985962,331.7510986,91.01177216,2.310768366,0.00531
2016-09-23 00:00,12.65929565,94.91228485,326.3606567,84.11513519,6.205710888,0.03003
2016-09-24 00:00,10.5130249,77.53308105,307.1685791,80.73127747,4.68340683,0.00011
2016-09-25 00:00,10.58809814,74.51420593,333.9825745,85.53308868,4.617425919,0.0002
2016-09-26 00:00,11.87716064,66.18547821,346.8152161,83.58135986,5.783854961,0.00093
2016-09-27 00:00,10.32409058,18.64526367,340.1880493,93.47265625,2.107101679,0.02439
2016-09-28 00:00,7.310601807,111.1551971,298.8426208,68.44077301,4.655770302,0.00005
2016-09-29 00:00,6.160241699,108.9324875,282.2485352,72.8278656,1.334561586,0.00005
2016-09-30 00:00,7.538995361,103.828331,315.8370667,76.04829407,0.877542555,0.00006
2016-10-01 00:00,6.968988037,78.26904297,293.1807251,77.59368134,0.518969417,0.00007
2016-10-02 00:00,7.936364746,68.35926056,312.3230591,75.74528503,1.481780648,0.00013
2016-10-03 00:00,8.827264404,100.4225693,295.3492126,76.27693176,2.593378782,0.00001
2016-10-04 00:00,9.109460449,65.05987549,323.8430176,82.91269684,0.853480697,0.00017
2016-10-05 00:00,8.548364258,88.35910797,308.2068176,83.1424408,2.302414179,0.00008
2016-10-06 00:00,7.790734863,63.63063049,317.2846375,89.22254181,0.949595809,0.00209
2016-10-07 00:00,8.682427979,64.7038269,328.7120972,92.52838898,1.964869022,0.00364
2016-10-08 00:00,8.913079834,98.02742767,301.3513794,85.26226807,3.743402958,0
2016-10-09 00:00,10.42629395,54.21332169,335.8231506,92.8931427,2.468969345,0.00523
2016-10-10 00:00,11.33101807,68.77983856,338.4507751,89.55449677,0.944462359,0.00013
2016-10-11 00:00,11.01650391,39.1771431,342.9234314,95.47109985,3.717800856,0.00279
2016-10-12 00:00,10.61742554,47.45453262,338.537323,89.28455353,4.960235119,0.00155
2016-10-13 00:00,8.80602417,50.91893768,317.5329895,84.54457092,2.613234282,0.00062
2016-10-14 00:00,6.881463623,62.02939224,308.3602295,79.26815796,3.77329278,0.00052
2016-10-15 00:00,7.081689453,48.84191513,318.5213318,87.9059906,2.245252609,0.00086
2016-10-16 00:00,8.557061768,14.33639336,327.7802734,93.56764984,2.476898432,0.01706
2016-10-17 00:00,12.01253662,47.87220001,336.0701294,88.54611206,4.014371395,0.0095
2016-10-18 00:00,11.36528931,12.06161213,334.6716614,91.63173676,3.738642693,0.01996
2016-10-19 00:00,9.051049805,23.93732643,316.4316406,92.10621643,2.653581619,0.00004
2016-10-20 00:00,7.503411865,47.00631714,304.6895447,76.07897186,3.203551531,0.00002
2016-10-21 00:00,6.405999756,48.42998505,317.132843,77.83408356,1.397843838,0.00004
2016-10-22 00:00,11.30797729,27.82806778,345.0817871,93.10289001,4.52886343,0.00303
2016-10-23 00:00,11.44143066,50.80469894,341.3497925,85.85406494,3.877066374,0.0001
2016-10-24 00:00,10.36037598,16.95974922,340.2571411,92.40222931,2.535115004,0.00437
2016-10-25 00:00,9.982995605,53.54979324,296.7918091,83.38169861,7.005453587,0.00018
2016-10-26 00:00,8.180596924,51.3400383,323.6747742,76.26586151,3.905982256,0.00001
2016-10-27 00:00,6.742547607,21.95575714,314.0684814,65.61768341,4.212894917,0.00005
2016-10-28 00:00,7.199517822,27.62895966,315.3963318,67.91954803,2.662760973,0.00007
2016-10-29 00:00,4.715875244,41.02744675,294.7033997,76.36335754,2.329026222,0.00292
2016-10-30 00:00,7.453546143,32.35064697,324.2970581,95.09046173,0.656113446,0.00167
2016-10-31 00:00,7.638879395,26.47821045,325.7019958,94.46303558,1.408858061,0.00066
2016-11-01 00:00,7.500665283,34.95365524,306.4061279,82.78475189,3.432459831,0.00024
2016-11-02 00:00,8.154870605,13.92280865,327.3012695,79.21800995,9.259882927,0.03363
2016-11-03 00:00,10.10665283,15.34468555,335.7953796,95.42986298,2.756866693,0.01898
2016-11-04 00:00,8.4878479,24.82613564,324.9599609,95.40981293,1.538434505,0.00322
2016-11-05 00:00,8.834893799,25.79118538,330.0371704,93.72383118,1.389972806,0.00104
2016-11-06 00:00,9.340997314,16.72702026,331.9196777,94.58056641,4.622313976,0.01422
2016-11-07 00:00,10.19957886,7.955435276,339.5877075,94.39347076,5.735272884,0.02177
2016-11-08 00:00,9.506005859,18.4414196,334.726532,95.00457001,2.975743532,0.00933
2016-11-09 00:00,8.766687012,17.25887299,331.524231,95.44239044,3.128088713,0.00539
2016-11-10 00:00,5.034204102,40.77033997,288.3001709,91.12330627,1.077350974,0.00001
2016-11-11 00:00,5.974969482,15.32266712,317.3399963,93.47454834,2.880201578,0.01074
2016-11-12 00:00,10.65441284,33.03030396,334.9103394,88.87887573,4.555566311,0.00224
2016-11-13 00:00,10.88170776,26.60730171,339.2359009,88.44590759,4.3034482,0.00249
2016-11-14 00:00,10.14522705,20.8960228,337.6474915,88.19747162,4.534018993,0.00259
2016-11-15 00:00,8.658166504,17.14943314,326.1404419,88.36192322,4.55486536,0.00209
2016-11-16 00:00,3.606652832,35.0337944,266.7140808,66.61577606,5.08725214,0
2016-11-17 00:00,0.59697876,28.83626938,271.6693726,68.82278442,4.239943981,0
2016-11-18 00:00,0.263909912,7.515575409,285.7203979,87.60493469,1.036588311,0.00375
2016-11-19 00:00,5.339074707,11.93582344,311.5990601,96.29490662,1.269209146,0.00338
2016-11-20 00:00,7.217218018,21.0469265,319.9960327,96.28146362,1.50501883,0.00008
2016-11-21 00:00,8.492456055,7.829019547,330.96875,97.0383606,1.472584009,0.01153
2016-11-22 00:00,8.518182373,6.849461555,331.1130981,97.98826599,0.504266024,0.00093
2016-11-23 00:00,7.923272705,14.96783543,308.480896,94.12657928,2.276632071,0.001
2016-11-24 00:00,5.496331787,26.38611984,278.0858154,89.54364014,2.396221399,0.00003
2016-11-25 00:00,3.664910889,26.06077385,297.1616821,89.39881134,0.431183368,0.00008
2016-11-26 00:00,6.094262695,25.50431061,299.6017761,83.48870087,3.486438274,0
2016-11-27 00:00,8.768304443,9.973230362,330.5552368,90.36203766,3.855324745,0.00903
2016-11-28 00:00,9.505273438,12.71415424,326.8851624,89.79370117,6.097813606,0.01187
2016-11-29 00:00,10.14940796,21.43863869,330.8413696,79.11422729,8.370280266,0.00357
2016-11-30 00:00,8.236169434,10.76568985,322.0926819,74.6180191,10.26623058,0.00693
2016-12-01 00:00,7.489587402,15.72734261,311.8283691,81.07648468,9.963728905,0.00922
2016-12-02 00:00,6.046960449,5.753412724,314.0042114,89.20081329,2.619876146,0.00193
2016-12-03 00:00,6.800134277,20.72310448,315.7475281,86.46469879,4.56983757,0.00013
2016-12-04 00:00,9.06887207,7.023088932,333.7310181,87.14946747,6.470255375,0.01497
2016-12-05 00:00,8.398858643,15.10286617,321.5673523,87.5997467,4.57366848,0.00558
2016-12-06 00:00,4.264093018,17.60560036,289.9812012,78.06748962,3.21866107,0
2016-12-07 00:00,5.327844238,3.097425699,312.8526306,81.75636292,6.591845989,0.03365
2016-12-08 00:00,5.188745117,15.81121254,311.5644226,79.14897156,7.050296783,0.00002
2016-12-09 00:00,5.600671387,22.07193184,285.4672546,63.23675537,6.584258556,0.00001
2016-12-10 00:00,4.38036499,24.42755318,276.1577759,76.03955841,3.202524424,0
2016-12-11 00:00,1.616082764,15.21087265,289.5964661,88.38014984,0.096614912,0.00001
2016-12-12 00:00,0.268609619,10.13607597,282.0754089,91.73625946,0.74321574,0.00069
2016-12-13 00:00,3.191949463,8.934069633,299.5915527,82.280159,2.679196596,0.00118
2016-12-14 00:00,2.579187012,11.8089323,297.5921021,85.17230225,3.192531824,0.00898
2016-12-15 00:00,3.226739502,9.38103199,299.9300232,75.64665985,6.992090702,0.00453
2016-12-16 00:00,4.124291992,2.47423768,305.5809021,78.42063904,10.90472889,0.03118
2016-12-17 00:00,6.125024414,5.797104359,318.7012939,91.91710663,7.964636326,0.03317
2016-12-18 00:00,5.211236572,15.94549084,302.2807617,90.76644897,4.4062047,0.01169
2016-12-19 00:00,4.029595947,9.249308586,305.7914429,88.99137878,5.570638657,0.00498
2016-12-20 00:00,2.466119385,8.290570259,297.4398193,83.77270508,6.470774174,0.00361
2016-12-21 00:00,1.797692871,14.6633358,291.9573975,78.62071991,3.371503353,0.00068
2016-12-22 00:00,2.97802124,14.13970375,289.4507141,65.34342194,3.203867435,0.00007
2016-12-23 00:00,2.775292969,8.634566307,293.0299072,75.09217072,5.365813255,0.00686
2016-12-24 00:00,2.319543457,7.860430717,297.6266174,87.86810303,5.973711491,0.00942
2016-12-25 00:00,2.585534668,8.136089325,297.8511963,82.58555603,5.509728909,0.00898
2016-12-26 00:00,1.412805176,14.03631496,283.6554565,83.8769455,1.864143968,0.0014
2016-12-27 00:00,2.389642334,13.43288994,290.5163879,79.17974091,4.178128719,0.00062
2016-12-28 00:00,1.55602417,12.22106266,284.5233459,75.39307404,4.55684185,0.00478
2016-12-29 00:00,-0.964575195,16.74437904,277.0137329,90.9653244,3.54241991,0.00468
2016-12-30 00:00,-0.929968262,7.025238514,280.302948,91.14599609,4.467120647,0.01454
2016-12-31 00:00,-0.77890625,6.945144176,281.2488098,89.20903015,9.546383858,0.02678
2017-01-01 00:00,0.575128174,3.417726517,289.3686523,93.86449432,11.14596558,0.05205
2017-01-02 00:00,0.037011719,11.7701931,272.32901,86.31504059,6.755343914,0.00419
2017-01-03 00:00,-2.868475342,25.07543373,218.3252258,77.60507965,5.253334522,0.00002
2017-01-04 00:00,0.947015381,19.60509872,283.2792969,83.43412018,6.738244057,0.00149
2017-01-05 00:00,2.994104004,7.21564579,302.2085571,93.4524231,3.770133734,0.01706
2017-01-06 00:00,7.738366699,19.13768959,326.0855408,87.94579315,7.088485718,0.00471
2017-01-07 00:00,9.513024902,14.74610233,335.7875977,90.92169189,6.315794468,0.0017
2017-01-08 00:00,10.3492981,18.41836548,340.042511,84.83469391,9.378185272,0.00292
2017-01-09 00:00,7.78359375,21.42037392,313.7557373,81.39677429,6.940727711,0.00097
2017-01-10 00:00,5.158074951,10.69686508,311.0103455,84.95610046,3.472267866,0.01005
2017-01-11 00:00,2.317651367,34.43051529,292.3527527,91.69832611,1.217491508,0.0025
2017-01-12 00:00,3.872979736,13.24601269,307.046051,94.62863922,2.836873055,0.00193
2017-01-13 00:00,7.220178223,12.92608356,323.7698364,94.06018829,3.576814175,0.00083
2017-01-14 00:00,6.288751221,23.1502285,318.224823,92.58495331,2.673009396,0.00017
2017-01-15 00:00,6.310174561,16.39951324,319.4933167,91.32393646,3.11819005,0.00086
2017-01-16 00:00,5.131982422,18.98042679,311.9150696,87.76448059,3.036674023,0.00003
2017-01-17 00:00,3.777947998,18.73440933,293.0756531,90.15402985,2.081868172,0.00478
2017-01-18 00:00,3.049981689,24.67830658,274.145874,85.1068573,4.697049618,0.00317
2017-01-19 00:00,8.814416504,18.34845543,332.7465515,90.05122375,5.670277596,0.00355
2017-01-20 00:00,8.541070557,17.80023956,331.4894409,92.60012054,5.1658144,0.01621
2017-01-21 00:00,6.50411377,26.8625927,314.5443726,88.70752716,6.326541901,0.00289
2017-01-22 00:00,5.314080811,44.18611526,304.1474304,72.64272308,6.487031937,0.00527
2017-01-23 00:00,6.817041016,28.47680664,314.1669617,62.51695251,7.576213837,0.0001
2017-01-24 00:00,6.458093262,19.61291885,320.1668396,89.57163239,3.803834438,0.00192
2017-01-25 00:00,6.762902832,24.13273621,319.4143982,77.92418671,9.157495499,0.00445
2017-01-26 00:00,5.06005249,33.64668274,303.6897278,72.09734344,6.444524288,0.00221
2017-01-27 00:00,5.919976807,28.72205544,316.7446594,90.68076324,3.341248035,0.00865
2017-01-28 00:00,8.2746521,15.60545158,326.0629883,74.45983124,10.25034428,0.00382
2017-01-29 00:00,5.908197021,44.18718719,305.8059692,76.74474335,8.220578194,0.0036
2017-01-30 00:00,4.459558105,8.483691216,308.9298096,91.06625366,3.784018278,0.01823
2017-01-31 00:00,4.878961182,38.59515762,311.1705933,88.33140564,2.175409317,0.00169
2017-02-01 00:00,4.873895264,33.30104446,307.2190247,84.04027557,5.249943256,0.00097
2017-02-02 00:00,5.182305908,38.85426712,307.4371338,82.78366089,3.862614155,0.00053
2017-02-03 00:00,4.941888428,39.4454422,291.4457397,88.11585999,3.433792114,0.00049
2017-02-04 00:00,4.645379639,40.98343658,306.884613,80.94315338,1.157290578,0.00033
2017-02-05 00:00,3.355493164,57.99423599,290.769989,85.61554718,0.673113585,0.00024
2017-02-06 00:00,5.02666626,49.41170502,309.0647583,86.65354156,2.570424318,0.0002
2017-02-07 00:00,8.583917236,32.87683487,331.2687683,88.21058655,7.342681408,0.00005
2017-02-08 00:00,7.529504395,45.43565369,323.3705444,72.9675827,4.405237198,0.00016
2017-02-09 00:00,9.66427002,57.32479095,332.4205627,85.12824249,7.270694256,0.00007
2017-02-10 00:00,7.861779785,37.86045837,325.6075134,85.1096344,9.014567375,0.00449
2017-02-11 00:00,1.103631592,40.16772079,267.0601196,69.68829346,6.205619812,0.00093
2017-02-12 00:00,0.055535889,80.69482422,276.0954895,69.71337128,3.195017815,0
2017-02-13 00:00,2.02489624,86.9942627,290.166626,71.50283051,3.910670042,0
2017-02-14 00:00,0.807641602,92.95953369,286.5432129,78.62453461,1.018771172,0
2017-02-15 00:00,2.065148926,55.91349411,294.8640442,81.43432617,3.136024952,0.00033
2017-02-16 00:00,0.742272949,76.83895874,275.0510559,85.52131653,1.010767341,0.00044
2017-02-17 00:00,1.169335938,104.3875275,236.4521484,77.89216614,0.790021479,0
2017-02-18 00:00,2.225305176,91.17558289,274.0342712,81.96936798,2.07626462,0.00042
2017-02-19 00:00,2.750421143,49.67041779,299.9742432,90.61730194,1.52722621,0.00041
2017-02-20 00:00,3.248223877,68.01702881,299.5328064,90.13615417,2.460564375,0.00029
2017-02-21 00:00,4.123254395,54.20597076,306.3044434,91.05347443,3.141639948,0.00107
2017-02-22 00:00,2.297814941,44.78280258,297.8632202,90.03933716,0.354525268,0.00054
2017-02-23 00:00,3.020623779,71.09506226,290.8942566,82.72676086,1.93057704,0.00145
2017-02-24 00:00,1.597467041,90.44419861,266.212677,68.56581116,4.296930313,0.00001
2017-02-25 00:00,0.943597412,92.5901947,252.0520172,72.98501587,4.612002373,0.00085
2017-02-26 00:00,0.375268555,102.9517822,232.4110718,66.897789,3.381997347,0.00001
2017-02-27 00:00,-0.113806152,148.9952087,219.8201141,71.06770325,1.022625685,0.00007
2017-02-28 00:00,0.247766113,140.025177,241.9551544,67.45101929,1.594110966,0.00001
2017-03-01 00:00,1.627770996,104.5754623,257.9821472,73.86847687,3.750803471,0.00005
2017-03-02 00:00,2.373803711,131.2246399,259.558136,72.67932892,3.642853498,0.00007
2017-03-03 00:00,1.394433594,135.7966766,259.1072693,72.9577713,2.443526745,0.00129
2017-03-04 00:00,1.49855957,155.9828339,267.9416199,69.34786224,1.70910728,0
2017-03-05 00:00,4.167138672,41.96174622,295.3346863,76.99586487,5.9084692,0.0026
2017-03-06 00:00,7.373834229,44.38301086,315.2478943,83.27013397,5.796897888,0.0077
2017-03-07 00:00,9.78182373,126.0276871,327.7174988,85.48999023,3.399330378,0.00392
2017-03-08 00:00,9.126306152,120.0361557,319.9724426,82.11204529,4.780740261,0.00059
2017-03-09 00:00,8.37456665,74.8098526,320.106781,89.57553864,2.951705456,0.00631
2017-03-10 00:00,8.188134766,118.9362488,319.333374,81.27059174,2.636324167,0.00254
2017-03-11 00:00,5.178765869,145.0389557,273.7080994,65.81752014,1.758761048,0.00024
2017-03-12 00:00,4.59887085,100.9283066,293.6387024,83.19296265,1.242832422,0.00219
2017-03-13 00:00,6.595727539,75.12065887,312.5563049,92.34824371,3.410750866,0.01433
2017-03-14 00:00,5.915917969,65.24980164,308.6972046,92.23583221,3.06951952,0.00669
2017-03-15 00:00,6.264611816,60.93980026,310.6558838,92.09580231,3.992609024,0.01087
2017-03-16 00:00,3.919061279,112.3170776,290.7149658,71.96211243,5.186385632,0.00035
2017-03-17 00:00,2.993554688,164.7813568,276.8365784,66.77207947,4.258261681,0.00002
2017-03-18 00:00,1.257958984,125.7854385,253.2696533,60.92536926,5.962841511,0.00002
2017-03-19 00:00,-0.996923828,108.192421,252.5061035,75.29345703,2.028651476,0.0024
2017-03-20 00:00,-0.682043457,196.4149628,234.9833832,72.60295868,0.775342107,0
2017-03-21 00:00,1.697106934,195.5187073,266.0469055,72.2734375,1.334157228,0.00001
2017-03-22 00:00,2.506921387,153.7763824,276.2179871,70.22846985,3.050189734,0.00002
2017-03-23 00:00,1.381646729,117.1014557,263.8609924,75.77548218,3.541570663,0.00143
2017-03-24 00:00,2.521783447,31.96173286,288.7541504,91.46957397,4.86689949,0.01371
2017-03-25 00:00,7.209710693,149.8804932,311.6437378,84.05091095,3.312805176,0.0029
2017-03-26 00:00,7.897241211,112.4409332,314.2911072,84.88604736,4.687994003,0.00291
2017-03-27 00:00,7.344384766,115.7697525,303.7297363,75.42023468,4.348115921,0.00063
2017-03-28 00:00,6.420220947,113.937088,296.4257813,79.14051056,2.27303648,0.0027
2017-03-29 00:00,6.459069824,141.0842743,305.5799561,82.7277298,1.818048596,0.00054
2017-03-30 00:00,6.615380859,91.853302,312.4222107,91.75115204,5.681714058,0.01112
2017-03-31 00:00,6.876855469,125.5492783,311.1227417,85.39105988,5.630567074,0.00292
2017-04-01 00:00,7.117089844,110.6892853,309.5112305,75.86685944,3.145398617,0.00026
2017-04-02 00:00,7.21340332,181.5020752,306.165863,75.61972809,1.510894299,0.00246
2017-04-03 00:00,9.766717529,102.4453354,330.0005798,90.23574066,2.206361771,0.00772
2017-04-04 00:00,10.10765991,159.0216217,326.1335144,76.84204102,6.178920746,0.00312
2017-04-05 00:00,9.140679932,96.0756073,326.2776794,87.61530304,3.286193371,0.00233
2017-04-06 00:00,8.324884033,165.3758545,312.4397888,67.31246185,5.191143036,0.00042
2017-04-07 00:00,7.121240234,156.8170776,305.8966675,68.62374115,2.899031162,0.00119
2017-04-08 00:00,7.524987793,109.606369,312.8536987,73.55332947,4.501935959,0.00079
2017-04-09 00:00,7.078759766,127.1367493,310.3833923,84.6128006,1.945791245,0.00391
2017-04-10 00:00,6.603631592,123.4695206,307.6116943,86.71348572,4.201235294,0.00388
2017-04-11 00:00,5.701165771,149.1081543,296.9974976,75.11566162,5.003123283,0.00105
2017-04-12 00:00,5.944543457,119.9712372,304.1490173,86.55814362,3.366835594,0.00457
2017-04-13 00:00,6.672113037,155.6522064,292.6402588,80.18031311,3.304652691,0.00044
2017-04-14 00:00,7.019250488,145.1350098,307.4429932,69.23513031,3.756398201,0.00014
2017-04-15 00:00,6.823297119,139.4613342,305.2528992,67.77228546,2.889359474,0.00012
2017-04-16 00:00,7.037225342,138.7007751,306.8669739,65.82238007,3.225777626,0.00006
2017-04-17 00:00,7.400994873,169.4774475,305.869873,67.06300354,1.428384662,0.00008
2017-04-18 00:00,8.326928711,102.1092148,317.3572388,79.82794189,3.415187359,0.00525
2017-04-19 00:00,8.236627197,192.4347992,289.4581604,69.7866745,2.406260967,0.00008
2017-04-20 00:00,8.9621521,104.2385941,323.5157166,76.55387115,5.922513962,0.00839
2017-04-21 00:00,7.603997803,156.7933807,301.5220032,73.15422821,6.147014141,0.00036
2017-04-22 00:00,7.186914063,168.5396271,297.0395813,70.67949677,3.316705942,0.00125
2017-04-23 00:00,6.648828125,179.4055634,295.4172058,81.11219788,0.588642418,0.00285
2017-04-24 00:00,8.448907471,174.1373901,311.4881897,77.03347778,1.073989034,0.00034
2017-04-25 00:00,11.08236084,144.6139069,333.4261169,87.45657349,1.879661918,0.00369
2017-04-26 00:00,11.41924438,223.9626465,329.1555786,79.64038849,1.886560082,0.00002
2017-04-27 00:00,8.639215088,150.946579,308.4345703,76.78526306,4.8560462,0.0022
2017-04-28 00:00,8.256311035,156.5847626,304.4698181,69.97208405,2.564830542,0.00017
2017-04-29 00:00,8.852380371,149.9890442,322.4093933,77.32341766,2.051847219,0.00151
2017-04-30 00:00,6.235192871,88.33318329,308.7238159,82.08514404,5.062967777,0.00993
2017-05-01 00:00,5.281488037,83.35641479,301.3686523,74.80323029,7.451178551,0.00383
2017-05-02 00:00,6.125054932,168.1097412,297.5499268,59.69051743,5.698267937,0.00001
2017-05-03 00:00,6.351251221,174.7351379,294.290802,59.26037216,3.287139654,0.00002
2017-05-04 00:00,8.548120117,177.5843964,315.6558228,75.97452545,2.552453995,0.00022
2017-05-05 00:00,12.02233276,158.3358612,336.8051758,79.65434265,2.990056038,0.00095
2017-05-06 00:00,13.48772583,199.6396027,344.449646,73.56620026,2.094699144,0.00006
2017-05-07 00:00,13.62267456,225.1054077,331.0708923,71.98555756,4.551369667,0.00021
2017-05-08 00:00,10.93670044,167.2662048,330.905304,79.62683868,3.533250332,0.00301
2017-05-09 00:00,12.16964111,181.985199,333.1667175,68.80118561,3.529728413,0.00009
2017-05-10 00:00,11.49208984,218.3465881,321.4897461,69.08617401,4.671327114,0.00005
2017-05-11 00:00,9.681390381,156.8838654,324.8428345,78.14598083,6.705662727,0.00112
2017-05-12 00:00,6.249230957,185.5554047,284.7685852,59.94400406,4.779154778,0.00003
2017-05-13 00:00,4.544549561,171.6752625,286.0104675,64.14607239,4.203498363,0.00172
2017-05-14 00:00,5.679864502,159.6911926,289.6573181,61.01391983,3.158351898,0.00002
2017-05-15 00:00,7.534112549,124.3466187,306.3626404,78.67514801,5.113050461,0.00605
2017-05-16 00:00,10.82860718,218.6670837,306.4335938,65.75585175,6.833067894,0.00007
2017-05-17 00:00,10.82979736,164.7846375,326.7884216,70.01990509,4.450546265,0.00007
2017-05-18 00:00,10.50002441,196.0071716,313.0637817,70.20161438,5.110266209,0.00027
2017-05-19 00:00,10.24788818,100.7924423,331.2539978,86.01470947,5.173838615,0.00303
2017-05-20 00:00,11.884729,196.0389404,335.8598938,65.82962799,5.325676441,0.00007
2017-05-21 00:00,13.76033936,234.8109894,332.9611816,68.27946472,2.651556015,0.00002
2017-05-22 00:00,15.34053955,206.1680603,359.2643433,72.26860809,1.2190485,0.00006
2017-05-23 00:00,14.91155396,210.6494598,357.6871643,78.23053741,1.389934897,0.00004
2017-05-24 00:00,13.6553894,189.9187622,350.3857117,81.40558624,2.687962532,0.00012
2017-05-25 00:00,12.09002075,221.7832336,321.8242188,85.62001038,1.702671885,0.00055
2017-05-26 00:00,14.56575928,274.4637451,333.3701477,74.90881348,2.250151396,0.00008
2017-05-27 00:00,13.1440979,183.0131836,349.224762,70.58657837,5.429816246,0.00063
2017-05-28 00:00,10.77474365,184.7234955,325.4255371,63.31851959,4.440337658,0.00026
2017-05-29 00:00,10.83275757,141.5783234,339.7729797,83.07764435,4.567083836,0.0043
2017-05-30 00:00,11.8336731,211.367157,323.4612427,64.41481781,8.983480453,0.00041
2017-05-31 00:00,10.40154419,148.8348999,334.146698,60.53343964,3.520640135,0.00031
2017-06-01 00:00,8.897698975,82.22522736,331.3703003,87.23098755,2.854278088,0.01171
2017-06-02 00:00,10.36638794,186.7734985,332.0330505,84.50708008,4.497886658,0.00727
2017-06-03 00:00,9.358026123,104.0695267,334.2869568,86.79644012,8.495882034,0.01509
2017-06-04 00:00,10.26903687,187.169632,333.0919189,87.22986603,2.268698692,0.00467
2017-06-05 00:00,11.99343262,223.663269,328.0030823,80.40109253,2.886160851,0.00187
2017-06-06 00:00,12.39443359,222.4374542,320.8253174,69.44156647,1.565235138,0.00006
2017-06-07 00:00,12.6718689,167.5090485,344.7058716,72.30960846,1.191463351,0.00014
2017-06-08 00:00,15.01650391,219.3418884,351.8795166,77.49262238,3.753243685,0.00035
2017-06-09 00:00,16.11303101,235.0042725,362.1985779,74.75769806,2.857753515,0.00004
2017-06-10 00:00,17.76488647,274.1069946,326.6408386,77.39578247,4.755827904,0.00002
2017-06-11 00:00,17.85561523,297.068512,308.2755127,63.35543823,3.259983301,0
2017-06-12 00:00,13.0125061,233.2126007,326.0976868,77.0062561,1.871421456,0.00005
2017-06-13 00:00,11.82363281,273.7794189,319.9471436,73.75424957,1.846593022,0.00001
2017-06-14 00:00,13.53661499,282.8458252,332.3354492,75.56304932,1.280457735,0.00001
2017-06-15 00:00,15.61980591,263.2267456,350.5997009,73.88091278,4.854148388,0.00001
2017-06-16 00:00,16.58849487,268.5951538,348.7972107,78.7097702,4.273594856,0.00015
2017-06-17 00:00,18.60512695,223.986908,358.0990295,73.9713974,3.17555356,0.00155
2017-06-18 00:00,15.16988525,241.1000671,340.1755676,68.68651581,5.975482941,0.00007
2017-06-19 00:00,14.49852905,120.0997162,355.8008118,80.9649353,4.684274673,0.00566
2017-06-20 00:00,14.35021362,232.8036652,329.8008118,66.78652954,3.92685914,0.00009
2017-06-21 00:00,15.84395752,230.8688965,346.7041321,70.85289001,1.965923071,0.00041
2017-06-22 00:00,15.61089478,146.3340759,350.0350037,83.25630951,3.852738619,0.01277
2017-06-23 00:00,14.84780273,197.8330994,333.7220154,77.97510529,4.366747856,0.00156
2017-06-24 00:00,15.88509521,262.5507202,320.9002686,71.5506134,4.288924694,0.00051
2017-06-25 00:00,16.22362671,218.3500061,352.6055603,78.141922,4.093953133,0.00009
2017-06-26 00:00,17.40221558,283.9316101,320.9611816,72.7808609,3.680894852,0.00001
2017-06-27 00:00,16.51488647,255.5731506,354.4837036,72.66333008,4.43353653,0.00001
2017-06-28 00:00,15.08950195,286.485321,331.4860535,71.27237701,5.668970585,0.00007
2017-06-29 00:00,16.34331665,206.954483,362.967041,80.94034576,6.024688721,0.00008
2017-06-30 00:00,16.24367676,215.7284851,354.3076172,79.24289703,5.692443371,0.00259
2017-07-01 00:00,13.34099731,239.0739441,330.1148682,67.89995575,4.413542271,0.00005
2017-07-02 00:00,14.4777771,245.9064484,345.8918762,68.46886444,3.78505969,0.00003
2017-07-03 00:00,16.51043091,186.1196747,371.5230103,77.90528107,3.017509222,0.00418
2017-07-04 00:00,16.20891724,146.0607147,367.0677795,78.70197296,4.216385365,0.00168
2017-07-05 00:00,16.38070068,231.636673,344.6196289,73.63817596,5.611685753,0.00062
2017-07-06 00:00,15.4878479,270.4972534,319.5957947,72.53054047,1.334739089,0.00002
2017-07-07 00:00,18.22539673,171.7388763,359.696228,88.11281586,1.72428,0.00157
2017-07-08 00:00,17.65422974,235.4058533,343.9078979,82.48774719,2.3834126,0.00079
2017-07-09 00:00,15.45281372,124.4853516,364.3713684,89.58633423,3.61554122,0.00118
2017-07-10 00:00,17.67473755,228.7597961,360.0129395,84.64575958,2.744912624,0.00035
2017-07-11 00:00,16.55932007,229.5026855,349.2332764,68.96668243,4.121489525,0.00408
2017-07-12 00:00,14.06429443,194.7749634,346.4702148,66.49035645,4.871047974,0.00019
2017-07-13 00:00,16.73879395,243.0919952,351.3804626,73.08280945,5.676587582,0.00055
2017-07-14 00:00,16.7690979,216.2555237,361.7202759,73.4299469,2.507023573,0.0003
2017-07-15 00:00,18.01726685,208.6404114,366.3119507,82.84709167,4.721720695,0.00339
2017-07-16 00:00,16.56539307,165.1269684,363.5099182,74.40003967,3.464933395,0.00016
2017-07-17 00:00,20.84176025,194.6913452,370.5819702,76.41522217,3.364056587,0.0001
2017-07-18 00:00,21.56246338,267.3786926,342.8053589,70.89160919,3.966807127,0
2017-07-19 00:00,16.65926514,119.0009689,362.6818848,90.07887268,1.994534612,0.00922
2017-07-20 00:00,13.51061401,157.6878357,352.4195862,84.21591949,1.77037549,0.01178
2017-07-21 00:00,15.10497437,226.2771759,329.8250732,74.60027313,1.030203819,0.00147
2017-07-22 00:00,16.20348511,207.7574463,346.6464539,65.91799164,2.713726282,0.00063
2017-07-23 00:00,17.45617065,164.9737091,366.3611145,86.83319855,2.719758749,0.004
2017-07-24 00:00,17.2427002,204.7913666,351.3853149,78.14874268,3.510924339,0.00003
2017-07-25 00:00,18.18114624,223.5963745,357.6253052,75.63941956,2.182359934,0.00002
2017-07-26 00:00,18.96611938,210.4712677,373.2718506,76.6811142,1.168086529,0.0012
2017-07-27 00:00,20.02617798,245.3210297,377.7177429,72.47097015,1.237687588,0
2017-07-28 00:00,17.58754883,175.2888794,372.8783875,86.48522186,2.819497108,0.00088
2017-07-29 00:00,20.19216309,237.3294678,360.8493347,78.76421356,1.888305902,0.00017
2017-07-30 00:00,16.17489014,122.8930664,359.9993286,90.78295898,2.653025866,0.00267
2017-07-31 00:00,15.23690186,238.1200409,345.3129883,77.01757813,3.3771696090698202,0.00011
2017-08-01 00:00,15.84575806,214.6216583,359.2017822,75.86217499,1.04621017,0.00004
2017-08-02 00:00,17.91811523,188.3671112,349.5876465,78.47999573,0.880466044,0.00076
2017-08-03 00:00,18.67955933,234.7341919,352.346283,71.87425995,1.895892262,0.00026
2017-08-04 00:00,16.80541382,187.2577209,363.1669922,75.29174042,5.156527042,0.00007
2017-08-05 00:00,15.81841431,235.0273895,326.7558899,65.04873657,2.030420065,0.00003
2017-08-06 00:00,17.65603027,239.9267273,327.0647888,73.17669678,4.381812096,0.00003
2017-08-07 00:00,20.10161743,194.6143341,372.6766663,77.69735718,3.51235652,0.00017
2017-08-08 00:00,20.95171509,190.0895386,369.0089417,72.65128326,1.74947691,0.00004
2017-08-09 00:00,20.08257446,215.5561676,339.8530884,76.82102966,0.589453995,0.00001
2017-08-10 00:00,18.73607788,189.2188263,364.9614563,85.34111786,1.831734061,0.0001
2017-08-11 00:00,19.09972534,174.9766083,365.2744141,81.12404633,1.435227036,0.00019
2017-08-12 00:00,19.20623169,193.2406464,372.6108093,80.12851715,1.013521552,0.00006
2017-08-13 00:00,17.73366699,166.722168,356.1939697,84.24066162,2.313456774,0.00021
2017-08-14 00:00,17.8628479,173.0192108,365.247345,83.16998291,0.824189186,0.00027
2017-08-15 00:00,18.36055908,190.8313751,373.6004944,68.23065948,4.355485916,0.00035
2017-08-16 00:00,15.61660156,144.3100891,336.2775574,65.7040863,3.748727083,0.00002
2017-08-17 00:00,17.79052124,138.1944733,369.3675842,80.90540314,7.582210064,0.00012
2017-08-18 00:00,16.79104004,192.3800964,357.0487976,67.99094391,5.328872204,0.00011
2017-08-19 00:00,14.75151978,98.33022308,362.4295349,73.44739532,3.273873091,0.00183
2017-08-20 00:00,14.72322998,127.9468994,355.8455811,76.44821167,4.055995464,0.01421
2017-08-21 00:00,11.24956665,135.6207275,295.7880249,61.60975266,4.278753757,0.00013
2017-08-22 00:00,13.1718689,119.3493195,346.4711609,74.19150543,4.858539581,0.00033
2017-08-23 00:00,15.20189819,163.6717987,361.7752991,69.85101318,4.271704674,0.0002
2017-08-24 00:00,14.87401733,177.2295532,330.2744751,76.28338623,1.729089618,0.00003
2017-08-25 00:00,15.63692627,183.1571045,342.2839661,81.76107025,3.62208581,0.00047
2017-08-26 00:00,17.43886719,146.2964935,365.1128235,80.39768982,3.027052164,0.00063
2017-08-27 00:00,15.09255371,157.6211853,339.8364563,81.20182037,5.413953781,0.00172
2017-08-28 00:00,14.61071167,142.2453613,351.5617981,82.02533722,4.572062492,0.01464
2017-08-29 00:00,13.88250122,125.9430313,350.6644592,81.31521606,4.216655731,0.00179
2017-08-30 00:00,14.23775635,154.2002716,343.1578979,70.91936493,4.624584198,0.00055
2017-08-31 00:00,12.08178101,101.7703705,338.1875916,78.08491516,1.79833889,0.0039
2017-09-01 00:00,10.69204102,99.64777374,338.0664368,82.17227173,4.774376869,0.00745
2017-09-02 00:00,11.43843994,145.9137878,312.8017273,67.87612152,4.752815247,0.00017
2017-09-03 00:00,11.60787354,86.68282318,341.3009949,82.73914337,5.190844059,0.00132
2017-09-04 00:00,15.18166504,126.4358902,355.9334412,84.09858704,8.430251122,0.00536
2017-09-05 00:00,11.02059326,35.46196365,341.7476501,88.61911774,2.705354214,0.00245
2017-09-06 00:00,10.93319092,157.6184845,328.5187683,78.93018341,1.597441792,0.00001
2017-09-07 00:00,11.14165649,119.8985062,325.0181885,77.90523529,2.840242147,0.00012
2017-09-08 00:00,13.63009033,105.6205826,330.638031,84.52813721,4.78910017,0.00006
2017-09-09 00:00,14.65282593,140.8122711,350.7555237,76.23990631,5.549485683,0.00162
2017-09-10 00:00,15.30114136,131.3105927,364.1809387,82.10380554,5.568822384,0.01829
2017-09-11 00:00,15.11687622,111.982193,337.683075,77.31319427,7.92241621,0.00874
2017-09-12 00:00,10.58873901,147.1572876,286.0069275,71.03666687,4.827177048,0.00075
2017-09-13 00:00,10.31469116,137.5011749,315.8466492,69.4838028,3.898123503,0.00003
2017-09-14 00:00,11.65923462,119.2415237,336.6195374,78.99633026,3.985176325,0.00019
2017-09-15 00:00,12.47026978,111.290184,339.8167114,77.88159943,6.037897587,0.01151
2017-09-16 00:00,6.202020264,102.7158432,281.5335083,61.60450363,5.26126194,0.0001
2017-09-17 00:00,7.287988281,100.4084473,300.8729553,65.42215729,1.649506092,0.00011
2017-09-18 00:00,6.024468994,92.28696442,300.5376282,70.8041153,1.035973549,0.00035
2017-09-19 00:00,5.022943115,126.7267151,277.6735229,69.56184387,4.252141953,0.00591
2017-09-20 00:00,5.896936035,113.6719437,307.3914185,81.45230103,2.34951973,0.00923
2017-09-21 00:00,10.4588562,92.34836578,322.4134827,85.11579132,4.044518948,0.00069
2017-09-22 00:00,10.62523804,46.31906128,330.9913635,90.59327698,4.426006317,0.00091
2017-09-23 00:00,10.22277222,120.3044128,304.2671814,77.09378052,2.537840128,0.00006
2017-09-24 00:00,11.42519531,89.08317566,341.6307983,84.28907776,4.044890404,0.00025
2017-09-25 00:00,12.38460693,40.61933517,331.7633667,83.87006378,6.400705338,0.01626
2017-09-26 00:00,11.5828186,66.69882965,330.9863586,77.74410248,6.152519226,0.00228
2017-09-27 00:00,15.01168213,21.46644402,363.7521362,86.08621979,7.473048687,0.01327
2017-09-28 00:00,12.16347656,100.8054504,318.1809998,82.00991058,3.851384401,0.00001
2017-09-29 00:00,9.620629883,82.89915466,304.2060852,83.36488342,2.184942007,0.0003
2017-09-30 00:00,8.720056152,104.1352234,302.0075684,83.98921967,0.955763817,0.00003
2017-10-01 00:00,10.39568481,56.78967667,338.7230225,89.54899597,1.309446573,0.002
2017-10-02 00:00,12.18453369,27.31884384,349.6016846,85.58976746,5.08591795,0.00037
2017-10-03 00:00,10.68065796,39.28678894,341.0356445,90.77544403,4.122912884,0.00343
2017-10-04 00:00,8.826501465,98.03408813,273.7662048,81.14216614,1.9990834,0
2017-10-05 00:00,9.517602539,60.23056793,302.5220947,82.45478058,5.019799232,0.00257
2017-10-06 00:00,9.427728271,81.4908905,311.6340332,80.34204865,2.924537659,0.00001
2017-10-07 00:00,9.896295166,50.34459686,329.7187195,83.51509857,1.528835297,0.00007
2017-10-08 00:00,10.12008057,55.38945389,330.6141357,85.17977905,0.99919796,0.00006
2017-10-09 00:00,10.67540894,64.60633087,335.7918701,88.86186981,1.359558582,0.00035
2017-10-10 00:00,9.730706787,35.8307457,336.2729492,94.25185394,1.324781537,0.00072
2017-10-11 00:00,10.06624756,38.81092834,338.140686,95.24637604,1.312423229,0.00047
2017-10-12 00:00,9.876428223,28.47446251,337.5783386,94.95692444,2.558177233,0.0018
2017-10-13 00:00,10.12728271,40.05137634,337.7611084,94.33443451,3.367397308,0.00164
2017-10-14 00:00,11.11934814,35.26959991,343.485199,95.78376007,2.476758242,0.01056
2017-10-15 00:00,13.03392944,52.44680786,345.085022,91.45349884,2.96202898,0.00054
2017-10-16 00:00,11.06762085,41.16195297,336.8681946,90.31410217,2.869144201,0.02431
2017-10-17 00:00,9.421075439,37.63544464,331.2337952,86.67576599,5.939851761,0.00115
2017-10-18 00:00,8.773553467,58.59101105,309.8403931,82.48894501,2.355907202,0.00066
2017-10-19 00:00,6.165185547,44.58607483,312.8172302,77.17910004,1.838234663,0.00008
2017-10-20 00:00,6.680108643,23.76788139,319.945343,84.41809845,2.928316832,0.00174
2017-10-21 00:00,10.68053589,20.99561882,341.9847717,91.15106964,5.684832096,0.00226
2017-10-22 00:00,8.792871094,20.12949944,332.3205566,93.4998703,4.576144695,0.01806
2017-10-23 00:00,8.274316406,28.58071327,326.6631165,71.14220428,5.6588521,0.00009
2017-10-24 00:00,8.6574646,38.55027008,325.3023987,76.69218445,4.176584721,0.00004
2017-10-25 00:00,7.318292236,33.76418686,319.7544861,84.1917038,3.548400164,0.00021
2017-10-26 00:00,7.152185059,38.64297485,320.9837952,83.04162598,2.933800459,0.00005
2017-10-27 00:00,4.960809326,39.61003113,305.0173035,88.19514465,0.415354639,0.00012
2017-10-28 00:00,6.203942871,49.51629257,317.6632996,89.22524261,2.089446545,0
2017-10-29 00:00,7.447869873,46.9956131,314.1724548,91.19519806,2.89522624,0
2017-10-30 00:00,6.375543213,15.66331291,319.5593262,95.13970184,1.420268297,0.00114
2017-10-31 00:00,6.899255371,20.38415527,321.5019836,92.48886871,2.506282568,0.00356
2017-11-01 00:00,4.048730469,29.28821373,295.5549622,88.19514465,2.595318317,0.00094
2017-11-02 00:00,4.130456543,20.87833595,306.2870178,86.48394775,0.574533701,0.00008
2017-11-03 00:00,2.215509033,23.50555992,274.2203064,87.69577026,0.734512269,0.00029
2017-11-04 00:00,0.387139893,35.36528778,285.73172,93.05710602,0.165174618,0.00015
2017-11-05 00:00,8.195306396,15.75019073,329.2483215,94.24251556,2.102545023,0.00165
2017-11-06 00:00,11.99349365,16.61865997,344.5808105,91.62494659,4.212810993,0.00625
2017-11-07 00:00,7.789331055,35.03357697,301.486084,86.86090088,4.857628345,0.00001
2017-11-08 00:00,8.318017578,4.536725998,325.2096252,89.3115387,4.319591045,0.00418
2017-11-09 00:00,10.42540894,17.97232819,335.1736145,81.57472229,7.317586422,0.00183
2017-11-10 00:00,9.679650879,21.14890099,335.8792114,88.20550537,8.078767776,0.00257
2017-11-11 00:00,8.522637939,34.61445618,307.812561,83.87188721,6.603391647,0
2017-11-12 00:00,6.806756592,30.21690178,303.8710938,88.72426605,3.207803726,0.00003
2017-11-13 00:00,4.64800415,15.1277895,305.3863525,92.39571381,0.62155813,0.00043
2017-11-14 00:00,4.313592529,15.96555614,305.1502075,88.17353821,1.692979813,0.00229
2017-11-15 00:00,0.838983154,32.4777298,270.0310059,85.83657837,1.002689362,0.00067
2017-11-16 00:00,2.881921387,18.34729958,299.7014771,95.73342896,1.27357173,0.00737
2017-11-17 00:00,6.335351563,12.78363514,318.8347473,94.01325226,3.090629101,0.03811
2017-11-18 00:00,4.983666992,25.68230438,306.1144714,78.38973999,2.849454165,0.00005
2017-11-19 00:00,2.842248535,21.19902802,297.2772827,85.81051636,0.884274304,0.00023
2017-11-20 00:00,3.07479248,25.08899689,286.533905,92.91445923,0.800837457,0.00113
2017-11-21 00:00,2.704156494,17.49246025,285.3225098,85.81594849,2.454922915,0.00914
2017-11-22 00:00,0.479119873,14.6606102,272.9634094,83.67146301,2.426035166,0.00115
2017-11-23 00:00,6.007562256,13.45772648,317.2195129,86.68876648,5.955502987,0.0136
2017-11-24 00:00,6.696923828,19.05171013,321.4854126,93.24288177,2.075279236,0.00962
2017-11-25 00:00,8.710015869,13.21441841,327.3624878,86.48471832,4.909804344,0.00276
2017-11-26 00:00,9.627099609,4.162291527,336.5707703,84.93595886,6.124038696,0.00659
2017-11-27 00:00,5.762994385,19.10840416,292.903717,92.08953857,1.964177966,0.00001
2017-11-28 00:00,4.842370605,22.82467842,294.2307129,90.68582916,0.844018221,0.00002
2017-11-29 00:00,4.348504639,12.56716061,307.8576355,87.01447296,2.825639725,0.00218
2017-11-30 00:00,3.309228516,12.59280968,301.9917603,86.39437103,0.472932428,0.00011
2017-12-01 00:00,2.040979004,15.89981174,295.1879578,85.31777191,1.044927478,0.00087
2017-12-02 00:00,3.605737305,8.074584007,302.2408142,89.17630005,4.42856884,0.00441
2017-12-03 00:00,6.315240479,12.88516045,305.476532,88.20600128,5.346806526,0.00006
2017-12-04 00:00,3.300775146,25.19781685,264.6310425,79.30082703,2.403104544,0
2017-12-05 00:00,2.289880371,13.57877254,296.380249,84.22315979,2.4115417,0.00095
2017-12-06 00:00,7.040124512,12.16757965,323.3368835,91.31728363,3.984226465,0.00091
2017-12-07 00:00,10.68413696,9.361535072,342.4293823,89.76810455,6.043651581,0.00166
2017-12-08 00:00,9.28182373,21.94704628,331.7075195,81.50576782,6.877241611,0.00571
2017-12-09 00:00,11.87932739,11.26274872,348.4181213,82.79081726,8.802454948,0.00256
2017-12-10 00:00,7.526879883,20.19948006,310.3646851,80.54594421,6.460479736,0.00003
2017-12-11 00:00,5.668481445,19.08027267,301.3984985,87.50258636,3.071276665,0.00003
2017-12-12 00:00,4.187219238,16.02345276,292.9190063,82.87742615,3.163606644,0
2017-12-13 00:00,6.488092041,19.62176514,317.3874817,82.81201935,4.18853569,0.00005
2017-12-14 00:00,9.192010498,9.081900597,333.6325989,88.76383972,4.925100803,0.00065
2017-12-15 00:00,7.699304199,10.49640179,326.2252808,90.17598724,4.013820171,0.00164
2017-12-16 00:00,5.829614258,9.121502876,316.2737427,87.24028015,3.217461824,0.00069
2017-12-17 00:00,6.722467041,6.181141376,321.0444946,87.78967285,2.836816549,0.00543
2017-12-18 00:00,10.40584717,14.23610592,340.5523682,92.00816345,2.907700062,0.00325
2017-12-19 00:00,8.987634277,12.62459183,325.065918,88.89026642,4.547297955,0.00659
2017-12-20 00:00,8.04619751,3.319586992,326.276062,83.51387024,7.62111187,0.01775
2017-12-21 00:00,5.893701172,4.197290897,309.2542725,88.79048157,3.457320929,0.0288
2017-12-22 00:00,4.873529053,25.87620926,293.3757935,81.33079529,5.392432213,0.00854
2017-12-23 00:00,5.196466064,11.85985088,306.9576416,69.98012543,8.535140991,0.00208
2017-12-24 00:00,4.265985107,7.122487068,302.3045959,80.63607788,5.45264101,0.00352
2017-12-25 00:00,2.773278809,24.26428604,264.15271,82.04801941,3.851423025,0
2017-12-26 00:00,4.50914917,3.381043196,304.0646057,83.13796234,5.447357655,0.01132
2017-12-27 00:00,7.099847412,6.326970577,317.2790833,74.36922455,8.816238403,0.00984
2017-12-28 00:00,5.878259277,14.28281975,312.1740723,70.92225647,10.7479105,0.00771
2017-12-29 00:00,4.285913086,16.81007195,300.4379578,66.06679535,9.266777992,0.00049
2017-12-30 00:00,3.376275635,27.78084946,265.8504944,64.73867798,6.548778057,0.00002
2017-12-31 00:00,0.919244385,25.9693985,270.4525452,72.23548126,3.025975227,0
2018-01-01 00:00,1.125970459,16.56218529,291.0745544,91.94716644,0.461885661,0.00146
2018-01-02 00:00,5.638665771,12.42117786,315.5553894,92.36330414,2.812129259,0.00033
2018-01-03 00:00,4.307458496,13.47013855,307.54422,84.94207764,4.080739021,0.00101
2018-01-04 00:00,2.333581543,16.77244186,294.9125366,80.61616516,3.034565926,0.00013
2018-01-05 00:00,-0.7722229,30.36566353,269.5187988,84.38028717,1.375851274,0.00002
2018-01-06 00:00,-2.572454834,37.60340881,229.6268005,84.93823242,1.148206592,0.00006
2018-01-07 00:00,0.07164917,25.91129684,248.6206665,84.99108124,2.020082712,0.00001
2018-01-08 00:00,1.257196045,26.03509903,286.5174255,80.44496918,2.031404018,0.00002
2018-01-09 00:00,1.679071045,15.27548122,294.5171204,92.68002319,1.705660224,0.00177
2018-01-10 00:00,1.34319458,19.25123787,291.6112366,93.54948425,0.901891291,0.00268
2018-01-11 00:00,1.163323975,16.89419937,287.7946472,88.70950317,1.206812143,0.00087
2018-01-12 00:00,-0.197973633,25.39191055,281.15979,79.08060455,0.898444295,0.00008
2018-01-13 00:00,1.888421631,28.96478081,285.9102173,80.10279846,4.177107334,0.00022
2018-01-14 00:00,0.670404053,16.59785652,287.6891785,86.57341003,2.305799007,0.00116
2018-01-15 00:00,3.540490723,18.96570396,301.5753784,92.66090393,2.365368605,0.00174
2018-01-16 00:00,8.256036377,9.566155434,328.3280945,84.20140076,10.80753899,0.02147
2018-01-17 00:00,3.395135498,22.71181488,299.7520752,80.32118225,5.780934334,0.00268
2018-01-18 00:00,2.442590332,36.77342987,283.0532532,80.23284912,4.859143257,0.0002
2018-01-19 00:00,2.491174316,23.2707901,287.5310669,86.50922394,4.073662758,0.00221
2018-01-20 00:00,2.728112793,33.61494064,278.1608276,79.80580902,5.4812603,0.00006
2018-01-21 00:00,5.658502197,25.28903389,313.8928833,85.35842896,7.115242481,0.00442
2018-01-22 00:00,3.513543701,12.06575966,304.8163452,93.22400665,2.591967583,0.02035
2018-01-23 00:00,9.489770508,23.70931244,335.4534912,89.28070068,7.873457432,0.00697
2018-01-24 00:00,6.910913086,43.74917221,297.4064636,75.24778748,5.547496319,0.00239
2018-01-25 00:00,3.216912842,47.87513733,294.8756714,73.58335876,2.495828629,0.00002
2018-01-26 00:00,6.082757568,15.11867142,315.0308533,82.24789429,7.174744129,0.00646
2018-01-27 00:00,3.62532959,43.40477371,289.1914673,77.1313324,4.955837727,0.00053
2018-01-28 00:00,2.700219727,45.45788193,294.8561096,79.85100555,6.113402843,0.00083
2018-01-29 00:00,6.55892334,25.4017849,316.5854797,79.48577881,9.936495781,0.01825
2018-01-30 00:00,2.910241699,23.05733299,299.5343628,82.48288727,8.283621788,0.01082
2018-01-31 00:00,1.846246338,55.94277191,290.318512,82.29749298,5.378741741,0.00454
2018-02-01 00:00,3.879846191,54.16766739,292.5031738,78.13272095,6.405988693,0.00041
2018-02-02 00:00,4.396875,42.53133774,289.1179199,79.81112671,6.189974308,0.00294
2018-02-03 00:00,6.414239502,28.52494049,318.1871643,87.97629547,6.561388016,0.01473
2018-02-04 00:00,4.148797607,39.76882553,302.663147,80.76774597,7.128667831,0.00427
2018-02-05 00:00,5.184899902,30.06445694,303.0937195,78.66370392,8.246742249,0.0051
2018-02-06 00:00,5.325463867,22.71347427,311.2079163,81.22015381,5.744458199,0.00749
2018-02-07 00:00,2.298638916,55.3865509,276.0726318,79.3000412,2.988186359,0.00051
2018-02-08 00:00,2.89699707,80.27637482,274.3802795,80.69789124,2.730068445,0.00004
2018-02-09 00:00,5.834100342,33.49943161,314.0540161,74.68933105,6.179274559,0.00007
2018-02-10 00:00,4.772729492,43.25004196,306.2985535,69.98298645,5.82910347,0.00004
2018-02-11 00:00,4.445092773,70.11161804,308.4850769,85.21717834,1.009073138,0.00284
2018-02-12 00:00,5.743280029,65.61167145,315.0879211,85.08973694,2.1276474,0.00419
2018-02-13 00:00,4.657006836,43.42779541,309.9530029,87.83442688,3.0117521286010702,0.00018
2018-02-14 00:00,4.424920654,52.44210815,307.4046631,84.58163452,3.231738806,0.00096
2018-02-15 00:00,4.345117188,67.10206604,302.9077759,72.6313858,2.53091836,0.00005
2018-02-16 00:00,3.985498047,86.63126373,292.4909973,77.67790985,1.247007728,0.00012
2018-02-17 00:00,3.738244629,57.71039963,302.5718384,79.3553772,1.379620552,0.00023
2018-02-18 00:00,2.117883301,78.40687561,279.915863,73.72241211,3.028870821,0.00025
2018-02-19 00:00,0.592218018,80.0929184,265.3529968,86.72341156,2.716628313,0.00487
2018-02-20 00:00,0.410058594,116.4514389,256.6201782,85.7755661,1.832994461,0.00013
2018-02-21 00:00,1.618981934,68.43371582,274.3656921,79.79531097,3.087807894,0.00026
2018-02-22 00:00,2.269494629,110.3729172,269.2244263,80.51257324,2.49276042,0.00064
2018-02-23 00:00,2.025415039,115.3316803,267.9615784,79.38458252,2.281855822,0.00021
2018-02-24 00:00,1.484643555,134.3273926,255.7992859,74.70693207,2.158985138,0.00002
2018-02-25 00:00,0.510064697,133.1036835,266.2676086,79.33995819,1.153830051,0.00015
2018-02-26 00:00,0.748468018,114.0595398,264.1705322,78.00912476,2.039299726,0.00019
2018-02-27 00:00,1.870507813,84.9929657,280.0620117,74.53125763,7.241849899,0.00196
2018-02-28 00:00,2.335534668,42.65425491,287.4151917,89.72879028,9.670051575,0.01022
2018-03-01 00:00,2.113244629,115.5624237,281.6902771,80.88926697,4.059249878,0.00148
2018-03-02 00:00,2.348382568,119.1754761,278.1747742,74.09989166,3.113733053,0.00013
2018-03-03 00:00,2.461999512,146.0965881,266.2489014,69.90032959,2.36994195,0.00005
2018-03-04 00:00,4.594598389,125.6527252,293.6932983,81.57305145,2.555916309,0.0008
2018-03-05 00:00,6.489587402,49.40931702,304.5974121,90.46327209,3.771090746,0.00378
2018-03-06 00:00,4.777947998,54.24652481,295.9927368,93.57667542,2.607646942,0.00518
2018-03-07 00:00,5.976617432,84.9615097,306.8034058,81.43286133,3.966147184,0.00001
2018-03-08 00:00,5.79744873,38.47457123,298.2208557,88.17134094,4.466799736,0.00564
2018-03-09 00:00,4.999414063,125.7977371,295.5152893,84.42153931,3.7916677,0.00341
2018-03-10 00:00,7.333428955,73.78957367,316.5841675,92.82110596,4.87146759,0.01006
2018-03-11 00:00,5.700402832,81.40719604,305.8599854,86.69221497,4.710394859,0.0008
2018-03-12 00:00,6.285241699,41.82504654,310.4885559,91.51137543,6.539578915,0.00565
2018-03-13 00:00,6.26317749,39.85878754,310.5935059,93.03408813,6.743932724,0.0151
2018-03-14 00:00,7.215509033,44.94319534,314.5509033,90.87586212,6.177019596,0.00759
2018-03-15 00:00,8.547265625,88.28644562,322.3621521,88.48467255,6.033994675,0.00598
2018-03-16 00:00,10.07946167,182.376236,301.1189575,78.19244385,6.81928587,0.00007
2018-03-17 00:00,11.11583862,135.3415375,335.8529663,82.5798111,6.520312309,0.00149
2018-03-18 00:00,9.096948242,160.9676971,305.383728,76.94378662,8.923101425,0.00089
2018-03-19 00:00,7.540063477,106.4238815,307.0173645,77.47298431,4.744944572,0.00369
2018-03-20 00:00,6.853936768,164.8961334,293.6393738,71.3928833,4.584895611,0.00619
2018-03-21 00:00,6.849023438,83.66405487,304.4518738,83.53825378,6.268772125,0.00575
2018-03-22 00:00,5.655267334,126.3844147,301.744873,75.41860962,8.116418839,0.0011
2018-03-23 00:00,7.975335693,115.9050446,312.2436218,72.79457092,5.001748562,0.00176
2018-03-24 00:00,10.7401062,152.5868225,330.6858826,86.18114471,4.142946243,0.00007
2018-03-25 00:00,9.938409424,151.9673004,306.8686218,78.13054657,5.120393753,0.00065
2018-03-26 00:00,8.506005859,126.6030426,317.0534668,71.25389862,1.514660954,0.00013
2018-03-27 00:00,8.632196045,156.0586548,317.3994751,74.85704041,2.690986156,0.00014
2018-03-28 00:00,9.977502441,136.6850433,330.3931885,84.4361496,2.613059521,0.00006
2018-03-29 00:00,10.92891846,190.7295074,327.7657471,76.21861267,3.035520554,0.00007
2018-03-30 00:00,10.67235718,154.8710175,331.2541504,76.64459229,2.531996965,0.00008
2018-03-31 00:00,11.78362427,146.5580597,337.5037537,76.57571411,4.364120483,0.00047
2018-04-01 00:00,8.696496582,181.5368958,299.3768616,58.56538773,6.933804035,0.00047
2018-04-02 00:00,8.00802002,137.6532593,312.9104919,75.44230652,6.726882935,0.0001
2018-04-03 00:00,11.16427002,166.1750946,325.5115662,74.06613922,5.818933487,0.00004
2018-04-04 00:00,10.30883179,116.0062103,331.8728638,79.8944931,1.080394387,0.00009
2018-04-05 00:00,10.43575439,119.4511795,332.0663452,86.13676453,0.948835969,0.0002
2018-04-06 00:00,10.12514648,122.4311981,313.6933594,86.28203583,1.140932918,0.00316
2018-04-07 00:00,7.938531494,227.803894,301.8285828,76.65885162,4.480592251,0.00002
2018-04-08 00:00,6.582940674,133.3030243,305.8623657,83.30861664,4.022624493,0.00454
2018-04-09 00:00,9.422113037,114.2145462,326.6651001,82.36857605,4.982050896,0.01088
2018-04-10 00:00,8.644067383,52.03047562,317.0864868,88.67287445,5.361166954,0.00947
2018-04-11 00:00,10.86000977,168.3033447,329.9828186,76.05680847,3.673731565,0.00239
2018-04-12 00:00,9.201165771,118.9363632,326.8799133,91.43972015,4.208196163,0.00804
2018-04-13 00:00,9.337976074,176.0017395,325.2820129,81.71982574,3.308399677,0.00021
2018-04-14 00:00,8.70647583,136.371994,322.0114441,76.99676514,5.096688747,0.00034
2018-04-15 00:00,8.045251465,122.4237595,318.3093262,79.15803528,6.236264229,0.00013
2018-04-16 00:00,6.936151123,111.5354996,312.4451904,81.38585663,6.873849392,0.00728
2018-04-17 00:00,5.287133789,136.0782471,299.4447021,75.76756287,4.498612404,0.00097
2018-04-18 00:00,3.69375,67.252388,295.1092834,89.03185272,7.21918726,0.01795
2018-04-19 00:00,2.602075195,53.35467529,287.6533813,88.52591705,7.390787125,0.02201
2018-04-20 00:00,4.098718262,190.8922424,276.5705261,67.45623779,4.287776947,0.00035
2018-04-21 00:00,6.950006104,175.8709106,307.0999451,67.0887146,2.554915428,0.00047
2018-04-22 00:00,8.22097168,93.61560822,317.8959045,74.55259705,3.654949903,0.0033
2018-04-23 00:00,7.983514404,166.2622375,313.0652466,79.49710846,1.001799941,0.0001
2018-04-24 00:00,8.980950928,185.4193115,312.0137634,77.42160034,5.321608543,0.00133
2018-04-25 00:00,8.082147217,163.012085,316.6317444,79.76178741,5.496582031,0.0025
2018-04-26 00:00,9.126824951,193.575882,313.3434753,73.9670639,6.663879871,0.00038
2018-04-27 00:00,8.224328613,93.0085144,315.2615967,85.82262421,3.203306913,0.00797
2018-04-28 00:00,9.607293701,128.0633545,315.9798279,87.55017853,2.964518309,0.00261
2018-04-29 00:00,10.95449219,172.3271027,329.0545654,75.99580383,2.576946259,0.0012
2018-04-30 00:00,9.072015381,159.4648132,319.072998,81.55577087,5.074544907,0.00465
2018-05-01 00:00,7.61763916,223.0438538,302.5701294,66.34604645,5.971048832,0.00051
2018-05-02 00:00,8.410180664,155.2040253,319.5710449,77.55934143,2.788912058,0.00884
2018-05-03 00:00,6.678735352,162.5760345,305.6929016,81.81426239,2.722949743,0.00309
2018-05-04 00:00,8.317803955,51.20008087,320.1791992,89.89562225,5.876525402,0.02185
2018-05-05 00:00,10.06707153,90.37976837,331.5624084,91.85879517,4.04031992,0.00993
2018-05-06 00:00,10.2477356,160.9929199,328.5214233,81.84075928,2.910168648,0.00227
2018-05-07 00:00,11.56875,210.8503723,318.0112,70.18817139,2.669351578,0.00036
2018-05-08 00:00,11.98796997,192.221817,333.9159851,79.17527771,2.216920137,0.00573
2018-05-09 00:00,13.17122803,184.1711273,345.8977966,74.37492371,3.141492128,0.00247
2018-05-10 00:00,12.65358887,214.0342865,319.6937866,69.94888306,2.622167349,0.00005
2018-05-11 00:00,13.18337402,234.3201599,323.4713135,65.38616943,2.449298143,0.00001
2018-05-12 00:00,12.02919922,160.0062714,316.0298157,77.02568817,3.2842381,0.00505
2018-05-13 00:00,12.77797852,240.6031799,327.0236206,69.4324646,2.181941748,0.00004
2018-05-14 00:00,14.64516602,259.4044189,347.21521,65.50502014,2.771054506,0.00001
2018-05-15 00:00,15.05370483,202.1061859,353.9256287,77.92363739,3.968014956,0.00195
2018-05-16 00:00,13.02041016,141.6840668,347.0395813,86.98216248,3.200042248,0.00983
2018-05-17 00:00,11.99764404,110.4761887,341.9009094,87.56852722,0.88043946,0.01382
2018-05-18 00:00,12.64165649,178.8937988,343.1585693,84.12586975,1.090033174,0.00689
2018-05-19 00:00,13.49538574,205.8192902,345.9217224,71.15520477,3.129377365,0.00168
2018-05-20 00:00,11.74553833,250.0228424,314.517395,66.93569946,4.443821907,0.00003
2018-05-21 00:00,11.77828369,165.9532776,336.4317627,66.90227509,2.503320694,0.00015
2018-05-22 00:00,12.98543701,215.1202393,338.6117859,67.30328369,4.026814938,0.00209
2018-05-23 00:00,11.99028931,167.4523926,327.474823,70.79360199,4.09467411,0.00019
2018-05-24 00:00,11.99309692,202.1422119,328.9934387,70.76557922,1.684936404,0.00005
2018-05-25 00:00,13.12490234,182.5424652,348.6613159,77.04486847,1.289864659,0.00127
2018-05-26 00:00,11.3331543,100.7466431,343.6739502,84.0533371,4.807337284,0.00282
2018-05-27 00:00,14.06240234,266.539978,342.1259155,78.84108734,3.471685886,0
2018-05-28 00:00,16.67901001,290.6908875,323.9304199,77.58499146,1.901524186,0.00004
2018-05-29 00:00,18.61333618,298.0169373,336.9476318,69.43815613,1.931403399,0.00014
2018-05-30 00:00,15.24859009,242.4058838,353.7205811,86.08103943,2.233850002,0.00049
2018-05-31 00:00,12.4152771,150.6845703,349.7625122,84.10572815,1.990080714,0.0031
2018-06-01 00:00,11.11861572,237.9695282,323.9975891,74.27709198,1.888894796,0.00004
2018-06-02 00:00,12.6932312,291.8911438,317.5009155,79.2395401,0.878402889,0.00001
2018-06-03 00:00,17.75701294,247.9349518,352.4411926,75.22415924,1.272801995,0.00005
2018-06-04 00:00,13.57213745,167.9992676,350.1123352,78.36092377,1.935781121,0.00146
2018-06-05 00:00,10.19466553,141.6825104,332.2461548,65.34990692,3.87562871,0.00006
2018-06-06 00:00,12.01586304,202.9312439,334.9212646,65.56713104,2.358590603,0.00006
2018-06-07 00:00,11.65490112,182.6362,331.993042,68.91809845,4.457147121,0.00005
2018-06-08 00:00,11.84908447,181.0107727,332.1741638,73.90896606,2.934612036,0.00003
2018-06-09 00:00,11.98406372,196.8168335,335.7075806,71.28270721,1.600222707,0.00022
2018-06-10 00:00,12.85234985,191.4667053,343.1318359,78.05020142,1.313925624,0.00075
2018-06-11 00:00,11.43859253,179.3437958,318.6775208,67.15494537,4.180767536,0.0005
2018-06-12 00:00,14.10048828,204.7178345,344.6309509,65.76219177,3.206814289,0.00002
2018-06-13 00:00,13.59230957,250.4343567,340.258728,67.70889282,2.598555088,0.00003
2018-06-14 00:00,12.5720459,195.7292786,339.058075,77.64864349,2.05039382,0.00007
2018-06-15 00:00,11.18056641,112.3132401,342.8723755,91.26296234,2.544440269,0.00558
2018-06-16 00:00,11.2817627,159.2314606,337.7153015,86.95599365,1.45866406,0.00793
2018-06-17 00:00,11.33068237,208.7760773,303.8762207,68.16048431,1.711027861,0.0003
2018-06-18 00:00,11.75011597,225.94133,324.6822205,73.7636261,2.100375652,0.00007
2018-06-19 00:00,11.85631714,116.4084473,346.4162903,94.04833221,3.519700527,0.00517
2018-06-20 00:00,14.76647339,237.9637451,336.7256165,78.64903259,2.141412735,0.00515
2018-06-21 00:00,11.29458008,119.0169373,342.8935852,88.50965881,3.537710428,0.00634
2018-06-22 00:00,14.1015564,163.9301758,345.0269165,84.91390991,3.812394381,0.02321
2018-06-23 00:00,11.97713623,154.7983856,334.0142822,82.37609863,3.703119278,0.00513
2018-06-24 00:00,11.71737061,161.7041016,331.5119934,74.31746674,4.827957153,0.00018
2018-06-25 00:00,10.44884644,132.1992645,333.2958374,87.3498764,3.198714495,0.00574
2018-06-26 00:00,11.94310913,196.9480591,327.9271851,74.85269928,2.348335505,0.00055
2018-06-27 00:00,13.46135864,275.9120789,307.619812,67.73733521,2.71044755,0.00003
2018-06-28 00:00,12.84304199,256.9645081,340.7200012,74.54428101,1.52375257,0.00002
2018-06-29 00:00,14.85799561,196.3699646,358.8198853,76.37772369,1.545751929,0.00129
2018-06-30 00:00,14.87719116,209.9498138,352.3071899,80.45858765,0.948245883,0.00067
2018-07-01 00:00,14.55306396,164.6220093,354.5959167,86.09238434,1.495001078,0.00527
2018-07-02 00:00,13.9107605,223.6403809,351.197998,78.98444366,2.834636211,0.00221
2018-07-03 00:00,13.28908691,203.7407532,333.5053101,77.10398865,1.595315218,0.00098
2018-07-04 00:00,14.75725708,213.4616852,357.9560242,77.40544891,2.08936429,0.00002
2018-07-05 00:00,18.25444946,135.5230255,376.7635803,89.84135437,5.826264381,0.00509
2018-07-06 00:00,16.80828247,196.3751831,363.2127686,81.36064911,7.9635396,0.00311
2018-07-07 00:00,15.68740234,229.3686066,336.8060608,73.86814117,5.314536095,0.00002
2018-07-08 00:00,15.39281616,180.6824188,341.2968445,78.96802521,1.865359902,0.00031
2018-07-09 00:00,15.72347412,130.5267639,363.4608154,87.13794708,2.128214359,0.02971
2018-07-10 00:00,15.7390686,218.2552795,337.0960388,71.16221619,2.669867516,0.00031
2018-07-11 00:00,15.81182251,199.6235046,354.0509338,73.52902222,2.847868919,0.00035
2018-07-12 00:00,16.39458618,215.6669159,365.0055237,77.51816559,2.568044662,0.00005
2018-07-13 00:00,16.69793091,125.3127441,368.4411621,87.60266113,4.154214382,0.00133
2018-07-14 00:00,16.99080811,161.9558105,364.3186646,82.42901611,6.925127983,0.00049
2018-07-15 00:00,15.96132813,259.8645935,307.7718811,67.37511444,5.054109573,0.00006
2018-07-16 00:00,14.48079834,143.117691,354.4411926,72.82988739,3.544856071,0.00018
2018-07-17 00:00,14.47643433,217.5538635,315.6737061,70.78970337,2.612910986,0.00216
2018-07-18 00:00,12.46727905,169.1276855,330.3339844,65.85139465,3.721266508,0.00005
2018-07-19 00:00,13.12886963,193.8277283,334.8598328,68.89446259,3.08225584,0.00002
2018-07-20 00:00,16.02404175,247.943634,334.1899719,72.38716125,2.515891552,0.00001
2018-07-21 00:00,16.55281982,218.0198212,358.2372131,73.11074829,3.053278685,0.00002
2018-07-22 00:00,16.25313721,190.8045197,351.0402527,78.65751648,4.479744911,0.00089
2018-07-23 00:00,14.25386963,182.0630188,332.270813,79.53572083,2.591426849,0.00092
2018-07-24 00:00,14.82772217,177.0361633,360.7536011,80.61919403,3.237269163,0.00052
2018-07-25 00:00,17.29042969,184.2226105,371.3695374,79.30403137,4.803274155,0.00388
2018-07-26 00:00,15.76040039,162.5679474,355.5556946,86.65128326,4.606819153,0.01399
2018-07-27 00:00,12.28838501,119.0280609,339.8792419,72.01902008,2.064913988,0.00139
2018-07-28 00:00,12.25859985,174.562027,337.841217,70.80136108,1.596880674,0.00414
2018-07-29 00:00,13.47268066,145.111557,342.2337646,85.81411743,3.039458036,0.01505
2018-07-30 00:00,12.53310547,143.2333374,341.6459656,76.03964233,4.433696747,0.00341
2018-07-31 00:00,11.21239624,148.3480225,322.0155029,73.30200958,3.554127216,0.00055
2018-08-01 00:00,10.63445435,85.04010773,328.3278809,91.20285797,1.996395111,0.00823
2018-08-02 00:00,14.07506714,198.0858917,344.2542114,77.22301483,4.562835693,0.00042
2018-08-03 00:00,14.75692139,155.6283875,346.4111938,87.16030121,4.319266319,0.00489
2018-08-04 00:00,14.44851074,220.7687988,309.5331726,68.97280884,7.627627373,0.00027
2018-08-05 00:00,13.98668823,203.3591766,320.2930908,74.92500305,7.452239513,0.00058
2018-08-06 00:00,12.88314209,188.9749298,305.320282,76.08036041,6.773696899,0.00032
2018-08-07 00:00,12.38118896,169.9851227,314.6991882,80.23330688,5.465510368,0.00131
2018-08-08 00:00,12.46276245,167.483551,331.3180237,80.56928253,4.220164776,0.00086
2018-08-09 00:00,12.70900879,179.7826385,321.0113831,76.17907715,1.294087887,0.00006
2018-08-10 00:00,12.23516235,156.6056061,326.1483459,73.83715057,1.9548136,0.00037
2018-08-11 00:00,11.78966675,186.2766266,338.2753296,72.65789032,1.449198127,0.00008
2018-08-12 00:00,14.56694946,128.3902893,359.0317078,86.48161316,5.090740681,0.00012
2018-08-13 00:00,15.80965576,168.6187439,361.0176392,81.62388611,3.900768757,0.00006
2018-08-14 00:00,15.06737671,165.9029694,343.2207642,84.46757507,3.336053133,0.00007
2018-08-15 00:00,15.35595093,164.9559326,337.9147644,82.15763092,4.272793293,0.00159
2018-08-16 00:00,13.21154175,100.4338226,337.1496887,83.15478516,4.639241695,0.00741
2018-08-17 00:00,13.27904663,87.22631073,340.1243896,89.16284943,2.397195101,0.00483
2018-08-18 00:00,14.02053223,195.0513611,331.3519287,77.75778961,1.905322075,0.00002
2018-08-19 00:00,17.17339478,167.8143158,366.8763123,82.03525543,1.606734395,0.00053
2018-08-20 00:00,17.66680298,159.6644745,363.0024719,81.21662903,3.418089867,0.00439
2018-08-21 00:00,14.10469971,98.43750763,359.5053101,79.42912292,1.408212781,0.00125
2018-08-22 00:00,12.70244751,82.03596497,351.5078125,81.69087982,2.119677782,0.00028
2018-08-23 00:00,13.13594971,186.5953522,348.3237305,79.64620209,1.102073193,0.0001
2018-08-24 00:00,13.42775879,94.96205902,353.7058105,88.62076569,3.042565584,0.00561
2018-08-25 00:00,13.91613159,179.9997101,313.4719238,70.6655426,5.795595169,0.00091
2018-08-26 00:00,11.76366577,144.6059723,307.5383911,71.61155701,6.940564632,0.00041
2018-08-27 00:00,11.44725952,120.8890839,328.9844971,75.80820465,5.758456707,0.00349
2018-08-28 00:00,15.66661987,139.4519653,347.857605,80.94135284,5.131545544,0.00036
2018-08-29 00:00,16.2151123,174.4131165,334.2759094,77.82042694,7.126445293,0
2018-08-30 00:00,14.73934326,108.4631653,361.2537231,80.05966949,7.421196938,0
2018-08-31 00:00,14.94475708,88.61203766,356.027771,85.95595551,7.894999981,0.00304
2018-09-01 00:00,12.39653931,126.5109177,319.195282,84.69966125,2.035800219,0.00073
2018-09-02 00:00,9.716577148,116.2270203,303.3859558,66.0634613,3.794514179,0.00077
2018-09-03 00:00,8.490869141,118.0319443,311.1218567,60.88506699,2.443130493,0.0001
2018-09-04 00:00,11.66259155,48.03900146,345.1781921,84.57774353,3.637555599,0.0112
2018-09-05 00:00,14.44805298,60.76119232,359.394165,92.36507416,2.50300169,0.00859
2018-09-06 00:00,13.02807007,124.1237411,347.3528137,80.94939423,1.751221418,0.00027
2018-09-07 00:00,11.07457886,110.1450806,332.4249268,70.54624939,3.352646351,0.00003
2018-09-08 00:00,10.82531128,123.4786224,334.2247314,70.5898819,2.096796751,0.0001
2018-09-09 00:00,10.78841553,115.1205215,321.9286804,68.54077148,5.60213995,0.00095
2018-09-10 00:00,9.883721924,128.8362579,322.0738525,55.25389862,5.319812775,0.00106
2018-09-11 00:00,12.52431641,102.043663,335.6672974,80.72834015,4.847108364,0.00007
2018-09-12 00:00,11.95076904,124.2151337,328.9595032,77.06212616,5.765864372,0.00004
2018-09-13 00:00,11.17699585,50.3057251,343.9941101,86.64862061,2.836477995,0.00732
2018-09-14 00:00,9.469018555,94.5087738,299.8756409,75.12145233,3.774328232,0.00057
2018-09-15 00:00,7.719476318,32.06149673,325.3053284,89.98671722,2.302170277,0.00871
2018-09-16 00:00,9.635980225,70.21121216,332.9457092,88.61991882,2.355720282,0.00107
2018-09-17 00:00,9.145532227,64.05170441,323.7943726,86.2431488,3.019705772,0.00256
2018-09-18 00:00,10.38689575,59.5627594,336.405304,83.52561188,3.597706079,0.00094
2018-09-19 00:00,13.05562744,66.70343781,353.7726746,89.03504944,7.854888439,0.0031
2018-09-20 00:00,13.90050659,67.45071411,356.6886597,89.00404358,6.18239212,0.00231
2018-09-21 00:00,13.29598389,71.40409851,350.4874878,84.15863037,5.123971462,0.00021
2018-09-22 00:00,10.43981323,65.98904419,322.9750977,74.86759186,3.825760841,0.00319
2018-09-23 00:00,7.599969482,88.83180237,294.4302063,72.1463089,3.618852139,0.00045
2018-09-24 00:00,9.125939941,77.9779892,326.9526367,84.61474609,6.789373398,0.03053
2018-09-25 00:00,8.262078857,70.51565552,316.0788879,72.25209045,5.295249462,0.00066
2018-09-26 00:00,6.776452637,66.0608902,310.9185181,79.95593262,5.226500988,0.00536
2018-09-27 00:00,5.470117188,64.31031799,292.4343262,76.13747406,5.43136692,0.0004
2018-09-28 00:00,5.359399414,87.71916962,287.0297546,72.72257996,4.390709877,0.00005
2018-09-29 00:00,4.209619141,77.07279968,265.7326965,66.92546082,3.986837626,0.00009
2018-09-30 00:00,3.663201904,91.11907196,254.1634827,72.71927643,2.864433765,0.00001
2018-10-01 00:00,4.448327637,67.48893738,295.544281,72.85390472,2.6184358596801798,0.00003
2018-10-02 00:00,8.585168457,26.13607788,330.6910095,90.41285706,5.112231255,0.00823
2018-10-03 00:00,9.775018311,51.76675034,327.3355408,91.19135284,3.527399063,0.00117
2018-10-04 00:00,7.936242676,45.86712265,326.0207214,93.82837677,1.491187692,0.00217
2018-10-05 00:00,8.570153809,23.02800751,330.9246216,94.25788879,4.497389317,0.01621
2018-10-06 00:00,8.725854492,48.69355392,324.3794861,91.57997131,3.399109364,0.01017
2018-10-07 00:00,9.034967041,34.97017288,333.0661621,92.91689301,4.423606396,0.01487
2018-10-08 00:00,8.84130249,59.52469254,323.1804199,89.30609894,2.980521917,0.00227
2018-10-09 00:00,8.946862793,61.16254044,324.5411682,91.57341003,1.77510643,0.00005
2018-10-10 00:00,8.49151001,48.21547318,326.4239197,92.58541107,1.477070451,0.00052
2018-10-11 00:00,11.1836792,7.248360634,341.6941528,92.25241089,4.833648682,0.03121
2018-10-12 00:00,12.91518555,56.21907043,341.8537598,87.53256989,3.890011787,0.00589
2018-10-13 00:00,10.30120239,40.96528244,317.7532349,88.04008484,4.141704559,0.00057
2018-10-14 00:00,9.051171875,24.68774414,332.7879639,96.1736908,2.27319479,0.00906
2018-10-15 00:00,11.18602905,24.7994957,344.3007202,96.31449127,1.145175219,0.0083
2018-10-16 00:00,9.882501221,53.51502609,335.5329285,91.60840607,0.53016758,0.00053
2018-10-17 00:00,8.261773682,45.020504,328.7356567,88.00932312,2.043664694,0.00002
2018-10-18 00:00,10.23751221,30.09174919,332.507782,86.4009552,6.811378002,0.00064
2018-10-19 00:00,10.88173828,54.0486145,318.742157,85.11172485,4.835550308,0
2018-10-20 00:00,11.34511719,37.64717484,331.4291687,89.02560425,5.13750267,0.00371
2018-10-21 00:00,7.605310059,30.96903992,315.7068481,77.56194305,4.913402557,0.00001
2018-10-22 00:00,9.888482666,37.5442276,324.1633911,80.33306885,8.577181816,0.00068
2018-10-23 00:00,10.27337036,15.44523716,339.0057678,85.59647369,5.721575737,0.00884
2018-10-24 00:00,10.67208252,16.76466751,341.6030579,94.78077698,2.06124711,0.03681
2018-10-25 00:00,10.77730713,19.60100937,342.0404968,91.32466888,2.327515602,0.00042
2018-10-26 00:00,13.05785522,19.38070679,353.9192505,86.48350525,4.657414436,0.00135
2018-10-27 00:00,8.99553833,33.1953392,312.4997559,83.68817139,5.265440464,0.00088
2018-10-28 00:00,9.765527344,10.42914391,333.5678101,84.91555786,7.670286655,0.01912
2018-10-29 00:00,6.537896729,44.20967865,279.5856018,79.95472717,4.101218224,0
2018-10-30 00:00,6.532891846,8.718604088,319.2120361,91.59024048,2.551196814,0.00975
2018-10-31 00:00,9.592767334,27.14734459,322.5790405,87.09081268,4.271548748,0.00123
2018-11-01 00:00,6.275354004,20.78310776,312.5156555,75.70466614,3.299724817,0.00033
2018-11-02 00:00,6.20647583,8.916818619,317.4704285,88.57554626,2.842410803,0.00727
2018-11-03 00:00,8.137353516,21.79327583,311.6855774,90.43969727,2.738942385,0.01077
2018-11-04 00:00,7.234368896,15.52569389,316.2536621,94.55265808,1.917545557,0.00815
2018-11-05 00:00,8.466912842,11.40142441,329.5518494,92.4811554,3.796511173,0.00417
2018-11-06 00:00,6.911187744,29.73698044,302.0191956,92.95126343,2.137148142,0.00006
2018-11-07 00:00,6.175256348,11.31729698,308.8211365,92.98041534,2.4214921,0.01375
2018-11-08 00:00,8.351922607,25.85865593,315.4909363,88.24095154,4.691310406,0.0136
2018-11-09 00:00,10.18135986,20.90638542,312.5302124,83.94443512,8.270962715,0.00014
2018-11-10 00:00,8.2015625,21.64419174,317.8418579,90.0298233,4.290631294,0.00703
2018-11-11 00:00,5.755426025,5.343235016,314.8616028,87.14811707,7.05175972,0.02629
2018-11-12 00:00,7.64989624,9.358218193,325.9060669,93.77338409,3.800759315,0.02038
2018-11-13 00:00,5.988946533,15.57117462,312.4333496,76.05426788,4.750477791,0.00014
2018-11-14 00:00,4.338250732,26.66150475,291.8124084,81.86245728,1.291692972,0.00003
2018-11-15 00:00,4.384851074,7.553800583,307.837677,91.3841629,1.617324471,0.01056
2018-11-16 00:00,4.884118652,4.06713295,312.3799744,94.07790375,3.749429464,0.02408
2018-11-17 00:00,5.750512695,5.519717693,316.6636353,92.3884964,4.55875349,0.01928
2018-11-18 00:00,4.50524292,8.480452538,308.9656982,87.57263947,2.093648911,0.00139
2018-11-19 00:00,6.125726318,24.14268303,305.3284912,87.50304413,5.688345909,0.00043
2018-11-20 00:00,6.586450195,14.94523525,312.5995178,85.48042297,5.616343975,0.00598
2018-11-21 00:00,4.961755371,17.68436241,285.3288269,81.20965576,4.871257782,0.00005
2018-11-22 00:00,4.900476074,13.23492527,304.2426758,81.6246109,8.286151886,0.0012
2018-11-23 00:00,3.854547119,7.213994503,294.9467773,86.44837952,3.571041346,0.00354
2018-11-24 00:00,4.561669922,8.844291687,310.5905457,93.57828522,1.22292459,0.01842
2018-11-25 00:00,3.24642334,4.656666279,301.3608704,82.67760468,4.805816174,0.01122
2018-11-26 00:00,1.199945068,25.26210403,273.5227661,75.78561401,3.597078562,0.00344
2018-11-27 00:00,2.809259033,22.2267437,279.1479492,86.90692902,2.986106157,0.00003
2018-11-28 00:00,2.516717529,18.95503616,285.5959473,89.80150604,1.190554023,0.00242
2018-11-29 00:00,5.870446777,10.23735523,317.0716858,91.09111023,3.12502718,0.00373
2018-11-30 00:00,7.10189209,11.24041748,324.2475281,95.85348511,1.697809458,0.00719
2018-12-01 00:00,6.913842773,8.653265953,312.6320496,89.16970825,4.075196743,0.00217
2018-12-02 00:00,6.129785156,18.01973724,309.5969238,84.23625183,6.632026672,0.00742
2018-12-03 00:00,5.456201172,14.90679264,297.9744873,70.03147125,6.170985222,0.00013
2018-12-04 00:00,8.225579834,10.32008839,329.5740662,90.8543396,4.248785496,0.00112
2018-12-05 00:00,9.595819092,9.529247284,336.9417725,93.11859894,4.711115837,0.00851
2018-12-06 00:00,7.797784424,7.002321243,327.0332642,94.20947266,1.32998693,0.00653
2018-12-07 00:00,2.173791504,15.70050716,291.6048889,79.40517426,1.89421773,0.00003
2018-12-08 00:00,4.677728271,13.17482758,310.3559875,87.92471313,4.62891531,0.00006
2018-12-09 00:00,6.703179932,16.9025383,308.1257935,80.43195343,7.036100864,0.00074
2018-12-10 00:00,5.846673584,12.93365288,313.5554504,84.93774414,6.589199543,0.00403
2018-12-11 00:00,5.015588379,15.24750805,306.911499,77.21019745,6.425777435,0.00091
2018-12-12 00:00,0.974847412,24.71563911,253.2421722,73.67505646,3.367025137,0
2018-12-13 00:00,0.273858643,1.817547202,287.7817383,93.82323456,1.327510238,0.01922
2018-12-14 00:00,4.321252441,3.165509701,306.0738525,81.39593506,7.680243015,0.0152
2018-12-15 00:00,0.028161621,15.12746525,263.4313049,75.82154846,4.811472893,0.00002
2018-12-16 00:00,-0.405615234,26.23175621,249.6663208,79.23627472,2.571904421,0
2018-12-17 00:00,2.833886719,7.225474834,300.1728821,86.61323547,6.142940998,0.01637
2018-12-18 00:00,5.052972412,9.649492264,312.0307007,85.92897797,4.442532539,0.01065
2018-12-19 00:00,8.361474609,18.57465172,320.9250488,84.52951813,7.19907856,0.01262
2018-12-20 00:00,7.128137207,21.40252495,314.5771484,78.06332397,7.131112576,0.00923
2018-12-21 00:00,8.568536377,14.48020458,323.9894104,84.20303345,6.542311192,0.00499
2018-12-22 00:00,4.486627197,28.03712654,267.5897827,79.09319305,4.232955933,0
2018-12-23 00:00,3.052789307,18.70917511,295.0399475,92.18583679,1.489312887,0.00603
2018-12-24 00:00,6.78548584,2.745592356,321.4425659,93.09975433,3.369485378,0.0153
2018-12-25 00:00,6.350946045,16.01407433,314.193573,66.57654572,9.971417427,0.00044
2018-12-26 00:00,5.742578125,27.07192612,303.3668213,75.28182983,8.098505974,0.00175
2018-12-27 00:00,5.009332275,12.02568913,303.2702637,83.87719727,5.391624928,0.01298
2018-12-28 00:00,5.355737305,25.31778908,296.7082214,84.29647827,3.453328848,0.00006
2018-12-29 00:00,5.089593506,3.430827618,312.3996887,86.60868073,3.958451271,0.0226
2018-12-30 00:00,2.241021729,34.15709305,255.1539307,75.98022461,2.973282576,0
2018-12-31 00:00,0.705377197,20.08286667,279.2423401,86.35020447,1.517881751,0.00047
