time,temp,salt,OXY_oxy,NIT_amm,NIT_nit,PHS_frp,SIL_rsi,OGM_don,OGM_pon
2016-01-01 24:00:00,   10.909937,    0.500000,   88.484969,    6.090773,  138.701490,    0.671881,   71.052260,   13.743294,   38.346801
2016-01-02 24:00:00,   10.642589,    0.496137,   99.655968,    5.609416,  138.449126,    0.660923,   70.705611,   14.236934,   32.556894
2016-01-03 24:00:00,   10.051364,    0.494558,  131.829941,    5.145705,  138.597987,    0.638739,   70.496308,   14.663471,   27.711929
2016-01-04 24:00:00,    9.493708,    0.492682,  217.527665,    4.646099,  138.849673,    0.606118,   70.235322,   15.026547,   23.595749
2016-01-05 24:00:00,    8.950673,    0.488624,  230.797358,    4.198148,  138.625424,    0.564995,   69.774826,   15.268517,   20.076990
2016-01-06 24:00:00,    8.513621,    0.490018,  240.861553,    3.808532,  138.539498,    0.528063,   69.431747,   15.483490,   17.285667
2016-01-07 24:00:00,    7.743731,    0.483674,  238.694446,    3.479158,  138.402051,    0.495445,   69.085373,   15.633141,   14.674300
2016-01-08 24:00:00,    7.314720,    0.480079,  244.401021,    3.181206,  137.960885,    0.459384,   68.620212,   15.721646,   12.582178
2016-01-09 24:00:00,    6.912348,    0.477494,  246.302840,    2.924722,  137.767944,    0.439500,   68.297621,   15.810619,   10.830035
2016-01-10 24:00:00,    6.496348,    0.472817,  279.644544,    2.679128,  136.954546,    0.395402,   67.660405,   15.800955,    9.292021
2016-01-11 24:00:00,    6.109882,    0.468101,  305.492109,    2.453998,  136.029403,    0.355928,   66.997049,   15.763034,    7.982781
2016-01-12 24:00:00,    5.736174,    0.461815,  323.237148,    2.245271,  134.673790,    0.309559,   66.097502,   15.649770,    6.842670
2016-01-13 24:00:00,    5.741048,    0.461815,  322.607654,    2.084115,  135.087826,    0.311391,   66.104627,   15.762280,    6.758091
2016-01-14 24:00:00,    5.731783,    0.461815,  321.977642,    1.937737,  135.504768,    0.313399,   66.112840,   15.872676,    6.673811
2016-01-15 24:00:00,    5.740348,    0.461815,  321.401503,    1.801988,  135.726299,    0.314971,   66.120153,   15.980654,    6.567530
2016-01-16 24:00:00,    5.729610,    0.461815,  320.832618,    1.678202,  136.103640,    0.316534,   66.128091,   16.065739,    5.800524
2016-01-17 24:00:00,    5.717936,    0.461815,  320.277502,    1.565101,  136.521113,    0.315981,   66.136377,   16.118955,    4.413015
2016-01-18 24:00:00,    5.704166,    0.461815,  319.737609,    1.461653,  136.936857,    0.311217,   66.144898,   16.155213,    3.194591
2016-01-19 24:00:00,    5.690778,    0.461815,  319.205840,    1.367259,  137.359627,    0.302302,   66.153765,   16.182376,    2.312598
2016-01-20 24:00:00,    5.675329,    0.461815,  318.693328,    1.280606,  137.769732,    0.291073,   66.162603,   16.202845,    1.675118
2016-01-21 24:00:00,    5.677546,    0.461815,  318.395297,    1.193570,  137.872486,    0.261145,   66.164525,   16.176118,    1.047294
2016-01-22 24:00:00,    5.671528,    0.461815,  317.922570,    1.120756,  138.247614,    0.248580,   66.173169,   16.187967,    0.786780
2016-01-23 24:00:00,    5.686271,    0.461815,  317.452637,    1.053894,  138.463151,    0.235865,   66.181868,   16.197634,    0.598313
2016-01-24 24:00:00,    5.680082,    0.461815,  317.001900,    0.992831,  138.946195,    0.219288,   66.190831,   16.205261,    0.450337
2016-01-25 24:00:00,    5.676929,    0.461815,  316.552770,    0.936568,  139.140925,    0.203610,   66.199723,   16.211769,    0.343648
2016-01-26 24:00:00,    5.681729,    0.461815,  316.105060,    0.885034,  139.462632,    0.190864,   66.208758,   16.216480,    0.263697
2016-01-27 24:00:00,    5.678819,    0.461815,  315.976660,    0.829202,  139.512936,    0.153481,   66.207326,   16.174704,    0.189280
2016-01-28 24:00:00,    5.662709,    0.461815,  315.549372,    0.786822,  139.838915,    0.140339,   66.216606,   16.178487,    0.158820
2016-01-29 24:00:00,    5.670410,    0.461815,  315.143659,    0.747602,  140.145408,    0.129573,   66.225828,   16.181960,    0.136246
2016-01-30 24:00:00,    5.673201,    0.461815,  314.751440,    0.711600,  140.429224,    0.119467,   66.234901,   16.183851,    0.119303
2016-01-31 24:00:00,    5.020609,    0.400418,  292.110181,    0.632913,  124.069708,    0.097429,   57.423573,   14.049337,    0.280797
2016-02-01 24:00:00,    4.746839,    0.396519,  311.691965,    0.603955,  123.431853,    0.094453,   56.956337,   13.942740,    0.255445
2016-02-02 24:00:00,    4.487395,    0.392029,  325.655478,    0.574822,  122.412050,    0.087476,   56.312089,   13.792135,    0.231999
2016-02-03 24:00:00,    4.259907,    0.389343,  332.721969,    0.550294,  121.977557,    0.084985,   55.941487,   13.708149,    0.212100
2016-02-04 24:00:00,    4.058336,    0.387311,  348.502625,    0.525207,  121.673519,    0.083259,   55.667033,   13.647691,    0.194027
2016-02-05 24:00:00,    3.920168,    0.385814,  351.089742,    0.508771,  121.684382,    0.083098,   55.460064,   13.601969,    0.178422
2016-02-06 24:00:00,    3.752223,    0.382907,  360.543545,    0.489042,  121.544634,    0.082275,   55.140913,   13.529436,    0.163506
2016-02-07 24:00:00,    3.814630,    0.382907,  360.218654,    0.475395,  121.951295,    0.084673,   55.147439,   13.535180,    0.157917
2016-02-08 24:00:00,    3.574863,    0.375082,  364.712120,    0.454291,  120.265662,    0.077850,   54.249052,   13.319167,    0.135202
2016-02-09 24:00:00,    3.393758,    0.372833,  368.448518,    0.440440,  119.966421,    0.076651,   53.950513,   13.248734,    0.122649
2016-02-10 24:00:00,    3.242138,    0.370004,  387.793611,    0.426751,  119.644702,    0.076120,   53.639696,   13.175300,    0.111504
2016-02-11 24:00:00,    3.096191,    0.366063,  391.610386,    0.413509,  119.392734,    0.075909,   53.262798,   13.085418,    0.101343
2016-02-12 24:00:00,    3.003077,    0.364773,  393.750810,    0.403256,  119.434386,    0.076106,   53.097051,   13.046871,    0.092608
2016-02-13 24:00:00,    2.956658,    0.362610,  400.676822,    0.392618,  119.340017,    0.076309,   52.867145,   12.993014,    0.084758
2016-02-14 24:00:00,    2.873294,    0.359512,  401.319477,    0.381978,  119.025590,    0.075576,   52.538306,   12.914970,    0.077611
2016-02-15 24:00:00,    2.810574,    0.356941,  406.524261,    0.372766,  118.809895,    0.075052,   52.252624,   12.846919,    0.071297
2016-02-16 24:00:00,    2.827671,    0.355538,  407.234757,    0.361322,  118.652753,    0.073733,   52.042440,   12.798230,    0.064771
2016-02-17 24:00:00,    3.076062,    0.355699,  406.718155,    0.358970,  119.305419,    0.077321,   52.072318,   12.806856,    0.063922
2016-02-18 24:00:00,    2.789402,    0.349115,  399.719076,    0.346382,  117.385443,    0.065624,   51.047456,   12.558104,    0.055379
2016-02-19 24:00:00,    2.702326,    0.345863,  403.097234,    0.339471,  116.861394,    0.064032,   50.628215,   12.456812,    0.051657
2016-02-20 24:00:00,    2.667883,    0.340621,  406.001578,    0.331562,  115.784774,    0.060046,   49.971325,   12.296614,    0.047884
2016-02-21 24:00:00,    2.744362,    0.338229,  414.641097,    0.325664,  115.437385,    0.058760,   49.627819,   12.213618,    0.044801
2016-02-22 24:00:00,    2.805239,    0.336452,  416.145797,    0.320586,  115.295326,    0.058326,   49.370476,   12.151866,    0.042064
2016-02-23 24:00:00,    2.839283,    0.334989,  416.237354,    0.315979,  115.270856,    0.058432,   49.161056,   12.102314,    0.039652
2016-02-24 24:00:00,    2.799278,    0.333453,  414.820258,    0.311910,  115.272581,    0.058859,   48.960376,   12.055049,    0.037514
2016-02-25 24:00:00,    2.737643,    0.331531,  413.792642,    0.308689,  115.224315,    0.059549,   48.738714,   12.002143,    0.036128
2016-02-26 24:00:00,    2.720729,    0.330337,  414.519750,    0.306273,  115.326302,    0.060517,   48.581323,   11.964477,    0.034279
2016-02-27 24:00:00,    2.784768,    0.330296,  414.007164,    0.310533,  115.979791,    0.064120,   48.588741,   11.964784,    0.035776
2016-02-28 24:00:00,    2.846139,    0.330296,  413.503378,    0.314055,  116.630062,    0.067532,   48.600281,   11.966241,    0.037249
2016-02-29 24:00:00,    2.484826,    0.321641,  411.077612,    0.296235,  114.661306,    0.063378,   47.749374,   11.762993,    0.029822
2016-03-01 24:00:00,    2.522332,    0.319825,  414.570199,    0.294315,  114.569188,    0.063293,   47.514244,   11.705862,    0.027649
2016-03-02 24:00:00,    2.521803,    0.317336,  416.505099,    0.291820,  114.306561,    0.062675,   47.207801,   11.631844,    0.026330
2016-03-03 24:00:00,    2.511909,    0.315392,  416.719427,    0.290213,  114.241300,    0.063399,   46.983705,   11.577861,    0.025436
2016-03-04 24:00:00,    2.524155,    0.310386,  414.037652,    0.287473,  113.596002,    0.064110,   46.522486,   11.465130,    0.024152
2016-03-05 24:00:00,    2.573812,    0.308122,  415.745257,    0.286093,  113.486067,    0.064940,   46.280596,   11.406367,    0.022781
2016-03-06 24:00:00,    2.590106,    0.305308,  413.982165,    0.284466,  113.272785,    0.065819,   45.996230,   11.337571,    0.021802
2016-03-07 24:00:00,    2.665605,    0.303832,  417.924932,    0.283865,  113.238887,    0.065617,   45.779845,   11.285377,    0.021325
2016-03-08 24:00:00,    2.724784,    0.302379,  417.114712,    0.282479,  113.246379,    0.066200,   45.589771,   11.240187,    0.020458
2016-03-09 24:00:00,    2.646226,    0.300910,  416.462991,    0.281442,  113.282401,    0.067066,   45.406763,   11.196973,    0.020347
2016-03-10 24:00:00,    2.703649,    0.300101,  417.090128,    0.281462,  113.471395,    0.068311,   45.285567,   11.167843,    0.020223
2016-03-11 24:00:00,    3.021351,    0.300101,  416.753978,    0.282102,  113.995091,    0.071635,   45.286993,   11.169251,    0.020578
2016-03-12 24:00:00,    3.084522,    0.300017,  416.072661,    0.291179,  114.788578,    0.076586,   45.287343,   11.167346,    0.022305
2016-03-13 24:00:00,    3.159146,    0.295520,  411.408351,    0.276901,  113.191379,    0.066411,   44.579206,   11.000296,    0.019444
2016-03-14 24:00:00,    3.249151,    0.295498,  410.822034,    0.286085,  113.974045,    0.071174,   44.588269,   11.001121,    0.022296
2016-03-15 24:00:00,    3.505225,    0.294587,  410.439793,    0.276806,  113.858495,    0.070371,   44.428565,   10.968492,    0.021935
2016-03-16 24:00:00,    3.420861,    0.292000,  408.370069,    0.274885,  113.504992,    0.069701,   44.096673,   10.890446,    0.021849
2016-03-17 24:00:00,    3.584366,    0.290737,  407.638990,    0.274867,  113.659892,    0.071336,   43.948441,   10.856035,    0.021508
2016-03-18 24:00:00,    3.662976,    0.289679,  407.455924,    0.274646,  113.865345,    0.073075,   43.817627,   10.827039,    0.022080
2016-03-19 24:00:00,    3.837592,    0.288764,  406.954921,    0.274353,  114.109965,    0.074909,   43.699264,   10.801418,    0.022596
2016-03-20 24:00:00,    3.948694,    0.288169,  406.486270,    0.274090,  114.426956,    0.076837,   43.606123,   10.782474,    0.023165
2016-03-21 24:00:00,    4.086710,    0.287496,  405.706794,    0.273468,  114.733381,    0.078800,   43.505655,   10.762548,    0.023816
2016-03-22 24:00:00,    4.151046,    0.286933,  405.261576,    0.268496,  114.908792,    0.079324,   43.404239,   10.744509,    0.024122
2016-03-23 24:00:00,    4.080089,    0.286417,  404.264546,    0.271159,  115.365686,    0.082460,   43.329352,   10.730060,    0.025313
2016-03-24 24:00:00,    4.056417,    0.285666,  403.512252,    0.271406,  115.673295,    0.084693,   43.231173,   10.710380,    0.026219
2016-03-25 24:00:00,    4.120280,    0.284653,  402.422390,    0.271422,  115.922993,    0.086836,   43.110633,   10.685400,    0.026940
2016-03-26 24:00:00,    4.192976,    0.282262,  400.947159,    0.270199,  115.880188,    0.088781,   42.879176,   10.634234,    0.027546
2016-03-27 24:00:00,    4.200847,    0.282262,  400.624296,    0.269631,  116.336777,    0.091967,   42.884146,   10.636303,    0.030852
2016-03-28 24:00:00,    4.219870,    0.282262,  400.321119,    0.268532,  116.771864,    0.092140,   42.888170,   10.638332,    0.027793
2016-03-29 24:00:00,    4.590133,    0.278475,  398.552766,    0.250403,  115.658202,    0.087101,   42.351610,   10.531775,    0.029543
2016-03-30 24:00:00,    4.427651,    0.277648,  396.962900,    0.267140,  116.604537,    0.094222,   42.283228,   10.515456,    0.031944
2016-03-31 24:00:00,    4.295003,    0.274179,  394.310233,    0.266592,  116.300032,    0.096081,   41.962879,   10.441751,    0.033002
2016-04-01 24:00:00,    4.145921,    0.272429,  395.667317,    0.267487,  116.379501,    0.098394,   41.786722,   10.402011,    0.032338
2016-04-02 24:00:00,    4.077914,    0.271970,  397.632137,    0.268846,  116.695336,    0.100196,   41.697190,   10.384147,    0.032902
2016-04-03 24:00:00,    4.139375,    0.271450,  398.776941,    0.269153,  117.007413,    0.101926,   41.602657,   10.366609,    0.033101
2016-04-04 24:00:00,    4.157301,    0.271450,  398.453030,    0.269676,  117.498430,    0.102854,   41.606440,   10.369075,    0.033215
2016-04-05 24:00:00,    4.172768,    0.271431,  398.137204,    0.269225,  117.944572,    0.105685,   41.606863,   10.370829,    0.036468
2016-04-06 24:00:00,    4.556448,    0.269001,  395.926540,    0.257337,  117.178312,    0.097056,   41.173045,   10.283935,    0.032796
2016-04-07 24:00:00,    4.661472,    0.266245,  393.472340,    0.249177,  116.554428,    0.095029,   40.750103,   10.200821,    0.036610
2016-04-08 24:00:00,    4.569576,    0.266072,  393.052083,    0.258410,  117.318814,    0.099710,   40.705194,   10.195430,    0.039057
2016-04-09 24:00:00,    4.485464,    0.264602,  392.112443,    0.258295,  117.390735,    0.100870,   40.519044,   10.158803,    0.040710
2016-04-10 24:00:00,    4.375104,    0.263108,  392.907344,    0.258975,  117.473610,    0.102242,   40.341655,   10.122720,    0.042016
2016-04-11 24:00:00,    4.372601,    0.263108,  392.600993,    0.259761,  117.934580,    0.105504,   40.346151,   10.125877,    0.047175
2016-04-12 24:00:00,    4.376730,    0.263108,  392.301351,    0.260468,  118.395999,    0.108625,   40.349827,   10.129094,    0.052463
2016-04-13 24:00:00,    4.379455,    0.263108,  391.997056,    0.261237,  118.857998,    0.111640,   40.353855,   10.132318,    0.057885
2016-04-14 24:00:00,    4.389831,    0.263108,  391.663971,    0.262999,  119.360460,    0.114460,   40.358444,   10.135403,    0.059528
2016-04-15 24:00:00,    5.032713,    0.258155,  389.160839,    0.233010,  117.260153,    0.098022,   39.519648,    9.983967,    0.045506
2016-04-16 24:00:00,    4.825785,    0.258047,  388.252767,    0.260642,  118.800230,    0.108002,   39.509788,    9.983297,    0.049147
2016-04-17 24:00:00,    4.825872,    0.258047,  387.957559,    0.261639,  119.289659,    0.111513,   39.512302,    9.987277,    0.055548
2016-04-18 24:00:00,    4.832397,    0.258047,  387.628954,    0.264194,  119.841881,    0.112392,   39.514866,    9.991091,    0.047255
2016-04-19 24:00:00,    5.347958,    0.256299,  387.160812,    0.234269,  118.875960,    0.104646,   39.088204,    9.938090,    0.053127
2016-04-20 24:00:00,    5.371988,    0.256316,  386.942918,    0.236813,  119.399586,    0.106591,   39.087061,    9.943568,    0.054853
2016-04-21 24:00:00,    5.856417,    0.255710,  386.297230,    0.251877,  120.552648,    0.113229,   38.901956,    9.931149,    0.060782
2016-04-22 24:00:00,    6.040274,    0.255336,  386.546955,    0.247687,  120.961318,    0.114369,   38.769958,    9.926302,    0.065163
2016-04-23 24:00:00,    6.257620,    0.254917,  386.399899,    0.244367,  121.372732,    0.115716,   38.635726,    9.920610,    0.069340
2016-04-24 24:00:00,    6.293627,    0.254618,  385.615199,    0.240847,  121.783142,    0.116930,   38.495490,    9.915829,    0.073576
2016-04-25 24:00:00,    6.307340,    0.254188,  384.965481,    0.237129,  122.159983,    0.118015,   38.344193,    9.910588,    0.077877
2016-04-26 24:00:00,    6.312949,    0.253349,  384.544284,    0.233444,  122.442210,    0.118951,   38.161120,    9.898591,    0.082204
2016-04-27 24:00:00,    6.329894,    0.252511,  384.229793,    0.229723,  122.706695,    0.119490,   37.969488,    9.886299,    0.086582
2016-04-28 24:00:00,    6.331772,    0.252104,  384.281737,    0.225979,  123.052894,    0.119699,   37.799448,    9.882081,    0.091217
2016-04-29 24:00:00,    6.288384,    0.250781,  383.039928,    0.222150,  122.977609,    0.116090,   37.501405,    9.844829,    0.095632
2016-04-30 24:00:00,    6.536124,    0.249904,  383.081954,    0.219552,  123.122510,    0.114973,   37.270443,    9.824718,    0.100546
2016-05-01 24:00:00,    6.972909,    0.249199,  382.509577,    0.216703,  123.353244,    0.114303,   37.054865,    9.811816,    0.106219
2016-05-02 24:00:00,    6.999109,    0.247165,  379.455303,    0.212862,  123.236823,    0.113206,   36.728065,    9.773478,    0.111624
2016-05-03 24:00:00,    6.787569,    0.245718,  378.044759,    0.211414,  123.204629,    0.111620,   36.439726,    9.740199,    0.114750
2016-05-04 24:00:00,    6.674407,    0.244766,  377.950741,    0.211240,  123.368884,    0.111770,   36.217549,    9.723059,    0.119537
2016-05-05 24:00:00,    6.583557,    0.243734,  378.503198,    0.208986,  123.513873,    0.111510,   35.980023,    9.708096,    0.124124
2016-05-06 24:00:00,    6.434767,    0.242589,  378.356804,    0.206607,  123.622696,    0.111107,   35.732406,    9.691943,    0.128666
2016-05-07 24:00:00,    6.220773,    0.240673,  377.530859,    0.205889,  123.549707,    0.111257,   35.446154,    9.660459,    0.132698
2016-05-08 24:00:00,    6.019393,    0.239650,  377.927265,    0.207473,  123.712492,    0.111894,   35.243510,    9.645498,    0.136304
2016-05-09 24:00:00,    5.820133,    0.238478,  378.736626,    0.208752,  123.834933,    0.112671,   35.033371,    9.628033,    0.139223
2016-05-10 24:00:00,    5.721761,    0.238161,  381.638949,    0.209877,  124.187400,    0.113711,   34.889397,    9.628965,    0.142123
2016-05-11 24:00:00,    5.758689,    0.237572,  383.203773,    0.207377,  124.436433,    0.113676,   34.696705,    9.626581,    0.145269
2016-05-12 24:00:00,    5.792816,    0.237247,  384.291493,    0.201453,  124.707362,    0.112428,   34.485819,    9.631883,    0.149410
2016-05-13 24:00:00,    5.821841,    0.236967,  385.298643,    0.197228,  125.012085,    0.111316,   34.271479,    9.638132,    0.154421
2016-05-14 24:00:00,    5.804491,    0.236655,  386.839555,    0.191475,  125.249852,    0.109506,   34.047695,    9.645523,    0.160052
2016-05-15 24:00:00,    5.901457,    0.236086,  387.933650,    0.186237,  125.421009,    0.107601,   33.802125,    9.648815,    0.166254
2016-05-16 24:00:00,    6.033160,    0.234123,  387.840904,    0.174132,  124.942879,    0.102995,   33.426781,    9.621852,    0.168942
2016-05-17 24:00:00,    5.964710,    0.233171,  388.225334,    0.177365,  125.212334,    0.102691,   33.147642,    9.618286,    0.178335
2016-05-18 24:00:00,    5.938384,    0.232867,  389.414812,    0.173611,  125.445768,    0.100510,   32.910308,    9.630304,    0.185981
2016-05-19 24:00:00,    5.950531,    0.232867,  389.441289,    0.183192,  126.052993,    0.104154,   32.889470,    9.647546,    0.199150
2016-05-20 24:00:00,    5.964572,    0.232867,  389.388004,    0.194028,  126.743529,    0.106280,   32.871953,    9.664240,    0.188805
2016-05-21 24:00:00,    6.042309,    0.232674,  389.897029,    0.197999,  127.216488,    0.105365,   32.742258,    9.678349,    0.194570
2016-05-22 24:00:00,    6.155958,    0.232445,  390.550927,    0.200425,  127.620488,    0.104489,   32.580604,    9.692972,    0.213133
2016-05-23 24:00:00,    7.054536,    0.230557,  394.236805,    0.166429,  126.097968,    0.080186,   31.392464,    9.695585,    0.235056
2016-05-24 24:00:00,    7.106129,    0.229703,  390.682810,    0.159840,  126.141716,    0.076013,   31.039798,    9.704430,    0.248857
2016-05-25 24:00:00,    7.069824,    0.229203,  388.828239,    0.157837,  126.296127,    0.072818,   30.738960,    9.716842,    0.259827
2016-05-26 24:00:00,    7.429392,    0.228584,  389.619986,    0.155392,  126.434273,    0.069605,   30.420875,    9.730939,    0.273301
2016-05-27 24:00:00,    7.431648,    0.228584,  389.774725,    0.168064,  127.138496,    0.073653,   30.393533,    9.757984,    0.288119
2016-05-28 24:00:00,    7.432177,    0.228584,  389.780562,    0.181400,  127.904601,    0.077131,   30.377503,    9.784175,    0.298304
2016-05-29 24:00:00,    7.444809,    0.228557,  389.708270,    0.191956,  128.604576,    0.079081,   30.353512,    9.809695,    0.322105
2016-05-30 24:00:00,    7.449612,    0.228537,  389.625382,    0.201611,  129.302941,    0.080295,   30.335381,    9.834482,    0.326185
2016-05-31 24:00:00,    7.449990,    0.228527,  389.550602,    0.210095,  129.995087,    0.080982,   30.321879,    9.858495,    0.310258
2016-06-01 24:00:00,    7.470914,    0.228441,  389.041780,    0.225814,  131.010221,    0.081026,   30.288998,    9.879285,    0.297031
2016-06-02 24:00:00,    7.862607,    0.218477,  376.995165,    0.201593,  126.021495,    0.066270,   28.332343,    9.640578,    0.327115
2016-06-03 24:00:00,    7.464523,    0.217598,  375.746197,    0.194027,  126.092963,    0.064775,   28.034783,    9.647074,    0.330805
2016-06-04 24:00:00,    7.262741,    0.217282,  376.717948,    0.189349,  126.356366,    0.063858,   27.793339,    9.667487,    0.335205
2016-06-05 24:00:00,    7.177042,    0.216682,  378.060930,    0.181052,  126.479409,    0.061308,   27.489158,    9.684521,    0.339065
2016-06-06 24:00:00,    7.046200,    0.215592,  378.915393,    0.174819,  126.453335,    0.058884,   27.159571,    9.690586,    0.343808
2016-06-07 24:00:00,    7.044671,    0.215201,  380.505255,    0.170319,  126.653330,    0.056660,   26.881396,    9.713970,    0.349215
2016-06-08 24:00:00,    7.416388,    0.214369,  381.699212,    0.165075,  126.727031,    0.053838,   26.554712,    9.729203,    0.356343
2016-06-09 24:00:00,    7.732053,    0.213749,  381.440397,    0.161398,  126.891638,    0.051246,   26.243407,    9.751643,    0.365376
2016-06-10 24:00:00,    7.927055,    0.213540,  380.879760,    0.153881,  127.008628,    0.047095,   25.956972,    9.785401,    0.368631
2016-06-11 24:00:00,    7.947534,    0.213535,  381.244059,    0.164087,  127.613486,    0.051004,   25.913819,    9.821572,    0.426036
2016-06-12 24:00:00,    7.957281,    0.213539,  381.536062,    0.175572,  128.307685,    0.055639,   25.887852,    9.856862,    0.442973
2016-06-13 24:00:00,    7.967996,    0.213541,  381.793393,    0.185242,  128.983092,    0.059963,   25.861047,    9.891623,    0.462042
2016-06-14 24:00:00,    7.971524,    0.213541,  381.980985,    0.193883,  129.647553,    0.064096,   25.838517,    9.925300,    0.456811
2016-06-15 24:00:00,    7.976292,    0.213546,  382.082544,    0.204662,  130.451076,    0.068824,   25.823480,    9.957323,    0.452433
2016-06-16 24:00:00,    7.992735,    0.213552,  382.141938,    0.215668,  131.343391,    0.073818,   25.806088,    9.987886,    0.430535
2016-06-17 24:00:00,    7.966494,    0.210806,  376.829923,    0.225525,  130.560686,    0.074196,   25.419407,    9.881007,    0.421268
2016-06-18 24:00:00,    7.976183,    0.211242,  377.293616,    0.242870,  132.139903,    0.081212,   25.481368,    9.928256,    0.391049
2016-06-19 24:00:00,    8.002157,    0.211244,  377.378043,    0.245889,  132.834488,    0.084446,   25.458361,    9.955750,    0.389975
2016-06-20 24:00:00,    8.021659,    0.211246,  377.396759,    0.249274,  133.529159,    0.087699,   25.440823,    9.982413,    0.392553
2016-06-21 24:00:00,    7.907673,    0.206021,  367.127548,    0.249196,  130.790968,    0.080775,   24.739736,    9.751791,    0.395388
2016-06-22 24:00:00,    7.901180,    0.206322,  367.468539,    0.256012,  131.756643,    0.085033,   24.781483,    9.790417,    0.398955
2016-06-23 24:00:00,    8.189767,    0.205944,  366.495089,    0.251618,  131.867859,    0.077460,   24.498740,    9.872332,    0.370181
2016-06-24 24:00:00,    8.600105,    0.202012,  362.773885,    0.179701,  125.960003,    0.045278,   23.192203,    9.903068,    0.375883
2016-06-25 24:00:00,    8.318168,    0.201866,  362.715383,    0.202713,  127.761408,    0.053618,   23.167552,    9.911185,    0.375784
2016-06-26 24:00:00,    8.420506,    0.200245,  362.850630,    0.179877,  126.018921,    0.043780,   22.696739,    9.893935,    0.376626
2016-06-27 24:00:00,    8.441440,    0.200240,  363.158419,    0.189356,  126.646337,    0.046242,   22.666235,    9.929684,    0.369933
2016-06-28 24:00:00,    8.458388,    0.200209,  363.381262,    0.197850,  127.223616,    0.049148,   22.633536,    9.964370,    0.432962
2016-06-29 24:00:00,    8.477908,    0.200227,  363.563961,    0.206872,  127.946157,    0.052547,   22.615932,    9.997826,    0.451886
2016-06-30 24:00:00,    8.509369,    0.200378,  363.740196,    0.217791,  129.047124,    0.056919,   22.631696,   10.030075,    0.438293
2016-07-01 24:00:00,    8.514296,    0.200443,  363.768310,    0.226683,  129.916776,    0.060891,   22.636463,   10.059841,    0.408811
2016-07-02 24:00:00,    8.490897,    0.200965,  363.439659,    0.248332,  132.238773,    0.069544,   22.785803,   10.088841,    0.376526
2016-07-03 24:00:00,    8.492642,    0.201134,  363.282677,    0.258047,  133.490674,    0.073866,   22.825786,   10.114598,    0.347497
2016-07-04 24:00:00,    9.002693,    0.197685,  359.689989,    0.243506,  132.005781,    0.068445,   22.202714,   10.044047,    0.356384
2016-07-05 24:00:00,    8.985771,    0.197692,  359.585583,    0.251262,  132.801063,    0.071819,   22.197405,   10.071904,    0.356828
2016-07-06 24:00:00,    9.466216,    0.192874,  360.407675,    0.174558,  125.611148,    0.042602,   20.846652,   10.034098,    0.382377
2016-07-07 24:00:00,    9.734931,    0.191898,  360.881357,    0.163360,  124.962810,    0.038443,   20.536644,   10.053991,    0.394954
2016-07-08 24:00:00,    9.619742,    0.193432,  358.595681,    0.216742,  130.624848,    0.063473,   20.911348,   10.094167,    0.396533
2016-07-09 24:00:00,    9.808183,    0.192096,  359.025292,    0.179261,  127.795414,    0.047400,   20.362461,   10.115242,    0.404599
2016-07-10 24:00:00,    9.837223,    0.191546,  359.040847,    0.170536,  127.678224,    0.044160,   20.079295,   10.135995,    0.409863
2016-07-11 24:00:00,    9.823346,    0.190056,  358.650871,    0.159678,  126.950365,    0.039391,   19.710073,   10.127757,    0.413474
2016-07-12 24:00:00,    9.894207,    0.189213,  359.598972,    0.153932,  126.704784,    0.036567,   19.422140,   10.141279,    0.418884
2016-07-13 24:00:00,    9.918784,    0.188560,  360.019653,    0.151346,  126.513188,    0.034629,   19.174054,   10.155690,    0.417273
2016-07-14 24:00:00,    9.953175,    0.187007,  357.900128,    0.165369,  126.739576,    0.038820,   18.990279,   10.122227,    0.414449
2016-07-15 24:00:00,    9.883935,    0.187263,  356.259266,    0.190594,  129.357417,    0.049091,   19.089804,   10.140549,    0.418135
2016-07-16 24:00:00,    9.896317,    0.187094,  356.657322,    0.202122,  129.714678,    0.053509,   19.013687,   10.181940,    0.486599
2016-07-17 24:00:00,    9.994448,    0.186484,  358.195129,    0.189830,  128.369041,    0.049513,   18.757804,   10.224245,    0.484655
2016-07-18 24:00:00,   10.043930,    0.183716,  348.674438,    0.231414,  130.046845,    0.064277,   18.655609,   10.037050,    0.402943
2016-07-19 24:00:00,    9.062578,    0.173957,  321.401653,    0.300506,  129.449737,    0.085467,   18.112673,    9.394991,    0.404139
2016-07-20 24:00:00,    8.782536,    0.168313,  308.011746,    0.316879,  127.527548,    0.086050,   17.576288,    9.068167,    0.476546
2016-07-21 24:00:00,    8.628054,    0.164939,  299.748528,    0.332604,  127.136274,    0.086496,   17.285189,    8.883278,    0.505655
2016-07-22 24:00:00,    8.520355,    0.160975,  290.952065,    0.337632,  125.395204,    0.083780,   16.843440,    8.668363,    0.496599
2016-07-23 24:00:00,    8.496391,    0.159125,  286.391925,    0.344452,  125.170728,    0.083563,   16.630846,    8.574117,    0.486071
2016-07-24 24:00:00,    8.519634,    0.158618,  284.776433,    0.351006,  125.950211,    0.084503,   16.574034,    8.562670,    0.477257
2016-07-25 24:00:00,    8.541070,    0.157692,  282.181567,    0.357452,  126.431064,    0.084198,   16.461727,    8.523620,    0.491710
2016-07-26 24:00:00,    8.577022,    0.158043,  281.045417,    0.376871,  128.827518,    0.087482,   16.554302,    8.545848,    0.493772
2016-07-27 24:00:00,    8.174790,    0.163142,  277.820088,    0.520675,  144.399433,    0.117675,   17.938994,    8.700729,    0.496660
2016-07-28 24:00:00,    8.204655,    0.163661,  277.316700,    0.536665,  146.700880,    0.124684,   18.041517,    8.739688,    0.487545
2016-07-29 24:00:00,    8.243215,    0.164011,  276.681321,    0.548485,  148.694622,    0.131511,   18.113891,    8.770539,    0.470877
2016-07-30 24:00:00,    8.281518,    0.164233,  275.944090,    0.557469,  150.444921,    0.138046,   18.164495,    8.795536,    0.466909
2016-07-31 24:00:00,    8.301021,    0.164385,  275.087468,    0.566019,  152.079956,    0.144461,   18.209447,    8.816858,    0.468723
2016-08-01 24:00:00,    8.333085,    0.164471,  274.156772,    0.575161,  153.651962,    0.152093,   18.239292,    8.835662,    0.469681
2016-08-02 24:00:00,    8.362232,    0.164520,  273.109929,    0.584756,  155.228961,    0.159768,   18.267220,    8.851889,    0.460904
2016-08-03 24:00:00,    8.395381,    0.164465,  271.834268,    0.599621,  156.845465,    0.165983,   18.276903,    8.864452,    0.455241
2016-08-04 24:00:00,    8.402707,    0.161786,  267.330495,    0.596991,  154.903456,    0.165569,   17.865823,    8.754920,    0.449788
2016-08-05 24:00:00,    8.456690,    0.161957,  266.510254,    0.612866,  156.744184,    0.172346,   17.896189,    8.781828,    0.432950
2016-08-06 24:00:00,    8.455514,    0.161912,  264.490505,    0.634680,  159.040995,    0.184749,   17.954784,    8.787510,    0.424716
2016-08-07 24:00:00,    8.457809,    0.161962,  262.730318,    0.653801,  161.323584,    0.196120,   18.022806,    8.799313,    0.424319
2016-08-08 24:00:00,    8.501533,    0.161468,  261.480209,    0.655556,  161.853369,    0.205375,   17.932659,    8.801277,    0.416309
2016-08-09 24:00:00,    8.462053,    0.161644,  259.647832,    0.674431,  164.471786,    0.218074,   18.041829,    8.817793,    0.397152
2016-08-10 24:00:00,    8.447711,    0.158918,  256.663786,    0.642451,  161.161102,    0.214812,   17.540897,    8.732391,    0.390204
2016-08-11 24:00:00,    8.437468,    0.155603,  253.984519,    0.598903,  156.361651,    0.208372,   16.881085,    8.631779,    0.387804
2016-08-12 24:00:00,    8.483561,    0.154948,  253.921398,    0.586455,  155.887716,    0.210829,   16.685048,    8.650105,    0.385162
2016-08-13 24:00:00,    8.550148,    0.154825,  255.089684,    0.580404,  156.078788,    0.214642,   16.534354,    8.710289,    0.384632
2016-08-14 24:00:00,    8.299302,    0.156031,  248.293666,    0.692257,  165.382143,    0.257330,   17.178136,    8.687239,    0.371891
2016-08-15 24:00:00,    8.090969,    0.157675,  242.198408,    0.812513,  175.456479,    0.297607,   17.866344,    8.696868,    0.376499
2016-08-16 24:00:00,    8.107996,    0.155356,  241.003695,    0.771523,  171.829601,    0.288021,   17.378085,    8.634616,    0.414334
2016-08-17 24:00:00,    8.115487,    0.154679,  239.735265,    0.774927,  172.256388,    0.296516,   17.253931,    8.629732,    0.414491
2016-08-18 24:00:00,    8.128727,    0.154136,  238.675521,    0.778330,  172.906302,    0.304647,   17.149356,    8.631679,    0.416620
2016-08-19 24:00:00,    7.909947,    0.151889,  230.216491,    0.841014,  175.496075,    0.325117,   17.161310,    8.477805,    0.419309
2016-08-20 24:00:00,    7.860952,    0.148275,  227.296543,    0.795641,  170.315131,    0.306287,   16.540391,    8.341986,    0.414056
2016-08-21 24:00:00,    7.851835,    0.146215,  225.796803,    0.768954,  167.599471,    0.298590,   16.164928,    8.279238,    0.407579
2016-08-22 24:00:00,    7.830807,    0.144537,  223.806693,    0.751658,  165.913490,    0.294598,   15.900243,    8.219259,    0.404713
2016-08-23 24:00:00,    7.472644,    0.138926,  211.479767,    0.805853,  163.481570,    0.300503,   15.439891,    7.889780,    0.409280
2016-08-24 24:00:00,    7.489526,    0.138220,  210.386409,    0.798700,  163.187016,    0.304555,   15.329479,    7.874022,    0.405834
2016-08-25 24:00:00,    7.511434,    0.137505,  209.470752,    0.794693,  162.818996,    0.310443,   15.202882,    7.861437,    0.401927
2016-08-26 24:00:00,    7.886905,    0.139244,  226.181153,    0.705913,  158.457646,    0.287145,   14.493071,    8.206618,    0.386024
2016-08-27 24:00:00,    7.944154,    0.139543,  228.987046,    0.683290,  158.360684,    0.287243,   14.362211,    8.282875,    0.377966
2016-08-28 24:00:00,    8.000249,    0.140187,  237.481386,    0.639057,  156.687639,    0.272223,   13.946089,    8.455238,    0.374875
2016-08-29 24:00:00,    8.490733,    0.149048,  323.901249,    0.260144,  136.716158,    0.092191,   10.397589,   10.047249,    0.413523
2016-08-30 24:00:00,    8.291338,    0.146538,  314.777543,    0.317880,  139.018323,    0.116390,   10.421112,    9.817418,    0.416963
2016-08-31 24:00:00,    8.280455,    0.145030,  315.364513,    0.337757,  139.777920,    0.129289,   10.155492,    9.751938,    0.420900
2016-09-01 24:00:00,    8.175108,    0.144469,  332.468687,    0.306836,  139.859696,    0.127764,    9.880845,    9.768202,    0.422451
2016-09-02 24:00:00,    8.128647,    0.144135,  342.607463,    0.279811,  139.992758,    0.126222,    9.620609,    9.792502,    0.424625
2016-09-03 24:00:00,    8.258184,    0.143089,  349.510600,    0.248037,  139.710698,    0.121724,    9.252191,    9.794096,    0.427691
2016-09-04 24:00:00,    8.158629,    0.141549,  354.722921,    0.221843,  139.196375,    0.116308,    8.833433,    9.780508,    0.431817
2016-09-05 24:00:00,    8.110743,    0.141246,  359.169027,    0.207406,  139.324422,    0.112703,    8.508423,    9.811087,    0.438452
2016-09-06 24:00:00,    8.219732,    0.140800,  364.362216,    0.193040,  139.308088,    0.108111,    8.171840,    9.838289,    0.446073
2016-09-07 24:00:00,    8.020541,    0.139006,  365.643062,    0.180809,  138.608415,    0.102175,    7.746468,    9.814352,    0.450787
2016-09-08 24:00:00,    7.587308,    0.137699,  365.508373,    0.179399,  138.070285,    0.099142,    7.442351,    9.792916,    0.453154
2016-09-09 24:00:00,    7.419295,    0.136828,  364.661195,    0.189093,  137.915634,    0.101215,    7.288875,    9.778998,    0.453178
2016-09-10 24:00:00,    7.409563,    0.133407,  363.176028,    0.185311,  136.062616,    0.097605,    6.937259,    9.660693,    0.447971
2016-09-11 24:00:00,    7.446995,    0.131338,  362.860863,    0.183319,  135.096635,    0.095077,    6.633266,    9.604315,    0.446714
2016-09-12 24:00:00,    7.319225,    0.130483,  365.637501,    0.180806,  134.679062,    0.091920,    6.345463,    9.589023,    0.447147
2016-09-13 24:00:00,    7.214407,    0.127857,  364.523592,    0.169066,  133.226183,    0.084958,    5.911173,    9.515682,    0.446361
2016-09-14 24:00:00,    6.935751,    0.127186,  367.243424,    0.171192,  133.089186,    0.083208,    5.659258,    9.518410,    0.448030
2016-09-15 24:00:00,    6.811336,    0.126644,  371.585516,    0.179040,  133.118431,    0.084567,    5.503210,    9.519618,    0.447038
2016-09-16 24:00:00,    6.900130,    0.124278,  372.235572,    0.172376,  131.917691,    0.080165,    5.156729,    9.454554,    0.444469
2016-09-17 24:00:00,    6.659580,    0.123830,  375.324742,    0.171493,  131.908548,    0.077864,    4.900356,    9.468568,    0.445800
2016-09-18 24:00:00,    6.455416,    0.123400,  380.155684,    0.171912,  131.918159,    0.076192,    4.668481,    9.480211,    0.445261
2016-09-19 24:00:00,    6.291379,    0.123033,  382.080027,    0.166022,  131.875968,    0.071757,    4.361386,    9.499507,    0.445809
2016-09-20 24:00:00,    6.134036,    0.122462,  383.738305,    0.160961,  131.709113,    0.067111,    4.048246,    9.511712,    0.446448
2016-09-21 24:00:00,    5.961490,    0.121996,  385.277700,    0.158083,  131.590064,    0.062934,    3.753299,    9.525497,    0.447109
2016-09-22 24:00:00,    5.786689,    0.121247,  386.051968,    0.157127,  131.324930,    0.059468,    3.478098,    9.525678,    0.446820
2016-09-23 24:00:00,    5.799357,    0.117744,  379.704821,    0.155815,  128.736789,    0.054718,    3.171629,    9.353634,    0.438374
2016-09-24 24:00:00,    5.558124,    0.116852,  381.554550,    0.158412,  128.189466,    0.052774,    2.947216,    9.324876,    0.436145
2016-09-25 24:00:00,    5.387302,    0.116288,  383.269650,    0.161087,  128.005766,    0.051416,    2.740448,    9.321393,    0.434641
2016-09-26 24:00:00,    5.348687,    0.115787,  385.010482,    0.164476,  127.939082,    0.050785,    2.555045,    9.323826,    0.433823
2016-09-27 24:00:00,    5.085041,    0.113764,  384.265663,    0.163350,  126.778394,    0.049110,    2.363095,    9.252824,    0.428173
2016-09-28 24:00:00,    4.878670,    0.113266,  383.934442,    0.170252,  126.717030,    0.050589,    2.246462,    9.246959,    0.424339
2016-09-29 24:00:00,    4.948630,    0.113266,  384.054620,    0.181913,  127.303208,    0.055286,    2.237915,    9.279542,    0.478932
2016-09-30 24:00:00,    5.016251,    0.113266,  384.141113,    0.192827,  127.897970,    0.059963,    2.231074,    9.312195,    0.533022
2016-10-01 24:00:00,    5.078424,    0.113266,  384.178186,    0.203227,  128.502766,    0.064675,    2.227568,    9.344868,    0.588927
2016-10-02 24:00:00,    5.545398,    0.110741,  384.266900,    0.167881,  124.946625,    0.046541,    1.727531,    9.186887,    0.386367
2016-10-03 24:00:00,    5.268179,    0.110740,  383.905470,    0.198943,  126.533384,    0.057604,    1.660852,    9.217903,    0.408716
2016-10-04 24:00:00,    5.325355,    0.110740,  383.958742,    0.208619,  127.146557,    0.062640,    1.656543,    9.249791,    0.462092
2016-10-05 24:00:00,    5.301244,    0.110001,  384.614316,    0.203355,  126.800941,    0.059968,    1.382505,    9.228309,    0.403600
2016-10-06 24:00:00,    5.350001,    0.110001,  384.536186,    0.216699,  127.539674,    0.066178,    1.384868,    9.259507,    0.455873
2016-10-07 24:00:00,    5.271634,    0.108942,  384.337261,    0.206949,  126.841902,    0.062711,    1.141187,    9.221831,    0.398457
2016-10-08 24:00:00,    5.094108,    0.108615,  384.457348,    0.208404,  127.003216,    0.064390,    1.030194,    9.227912,    0.395196
2016-10-09 24:00:00,    4.928982,    0.108011,  384.879668,    0.209554,  127.005477,    0.066051,    0.921145,    9.221654,    0.390140
2016-10-10 24:00:00,    4.979504,    0.108011,  384.767301,    0.222535,  127.732145,    0.072266,    0.925094,    9.250707,    0.438709
2016-10-11 24:00:00,    4.894220,    0.107242,  384.704558,    0.217555,  127.337109,    0.071257,    0.757500,    9.224943,    0.382174
2016-10-12 24:00:00,    4.680970,    0.106888,  385.379697,    0.221576,  127.551527,    0.074283,    0.688480,    9.228146,    0.376679
2016-10-13 24:00:00,    4.485141,    0.106608,  387.559621,    0.225927,  127.826700,    0.077577,    0.628727,    9.233972,    0.370055
2016-10-14 24:00:00,    4.326918,    0.106331,  387.705951,    0.229949,  128.081396,    0.080852,    0.571074,    9.238598,    0.363022
2016-10-15 24:00:00,    4.383526,    0.106331,  387.559318,    0.241144,  128.787450,    0.086917,    0.575080,    9.264256,    0.405930
2016-10-16 24:00:00,    4.434956,    0.106331,  387.372929,    0.251463,  129.480476,    0.092895,    0.582754,    9.289708,    0.447259
2016-10-17 24:00:00,    4.016237,    0.103819,  385.811673,    0.239638,  127.473625,    0.089449,    0.448172,    9.156672,    0.332344
2016-10-18 24:00:00,    3.962202,    0.103074,  384.715338,    0.255529,  127.822619,    0.096223,    0.446176,    9.134783,    0.316516
2016-10-19 24:00:00,    4.013539,    0.103045,  384.111004,    0.276355,  128.923023,    0.105840,    0.467158,    9.154149,    0.348598
2016-10-20 24:00:00,    4.085368,    0.103106,  383.588735,    0.295573,  130.111797,    0.115133,    0.486842,    9.178240,    0.376639
2016-10-21 24:00:00,    4.141804,    0.103101,  383.297371,    0.304003,  130.859143,    0.121177,    0.494377,    9.198830,    0.408639
2016-10-22 24:00:00,    3.579065,    0.100651,  385.238606,    0.272298,  127.464641,    0.110054,    0.348141,    9.036204,    0.295680
2016-10-23 24:00:00,    3.610647,    0.100615,  384.825655,    0.302588,  128.877293,    0.121877,    0.368365,    9.051404,    0.285810
2016-10-24 24:00:00,    3.664839,    0.100607,  384.225950,    0.326141,  130.152636,    0.132852,    0.388163,    9.068958,    0.311329
2016-10-25 24:00:00,    3.159212,    0.099460,  388.496701,    0.277968,  127.693258,    0.120101,    0.288321,    8.998844,    0.275531
2016-10-26 24:00:00,    3.216175,    0.099437,  388.587206,    0.299299,  128.837854,    0.129717,    0.300138,    9.014091,    0.282697
2016-10-27 24:00:00,    3.257558,    0.099394,  388.751849,    0.313564,  129.752443,    0.137581,    0.310786,    9.027031,    0.282357
2016-10-28 24:00:00,    3.313430,    0.099377,  388.464108,    0.328621,  130.748506,    0.146145,    0.325405,    9.041817,    0.292890
2016-10-29 24:00:00,    3.374999,    0.099369,  388.027498,    0.343251,  131.784066,    0.154850,    0.339379,    9.056925,    0.300812
2016-10-30 24:00:00,    3.503131,    0.099010,  394.183159,    0.309840,  130.487203,    0.146944,    0.270335,    9.044940,    0.307509
2016-10-31 24:00:00,    3.632634,    0.099006,  394.148418,    0.307564,  130.932555,    0.150595,    0.262777,    9.061389,    0.311749
2016-11-01 24:00:00,    3.760398,    0.099001,  393.941456,    0.311252,  131.577676,    0.156039,    0.262402,    9.077389,    0.312183
2016-11-02 24:00:00,    3.053200,    0.093542,  385.952033,    0.285009,  125.125143,    0.139657,    0.208338,    8.663639,    0.230234
2016-11-03 24:00:00,    3.163140,    0.093542,  385.655678,    0.293498,  125.814514,    0.145738,    0.214155,    8.678770,    0.255125
2016-11-04 24:00:00,    3.282170,    0.093541,  385.349662,    0.300866,  126.478855,    0.151428,    0.221662,    8.693686,    0.273312
2016-11-05 24:00:00,    3.403760,    0.093541,  385.041154,    0.307634,  127.148761,    0.157273,    0.228254,    8.708418,    0.284544
2016-11-06 24:00:00,    2.878231,    0.086740,  379.038976,    0.277876,  118.831167,    0.136800,    0.187978,    8.147831,    0.202728
2016-11-07 24:00:00,    2.763867,    0.085177,  379.232158,    0.279713,  117.818245,    0.138829,    0.186425,    8.052980,    0.196275
2016-11-08 24:00:00,    2.876152,    0.085177,  378.789545,    0.292634,  118.607333,    0.145749,    0.199272,    8.065095,    0.216190
2016-11-09 24:00:00,    2.993835,    0.085173,  378.466526,    0.300349,  119.251547,    0.151306,    0.208489,    8.077112,    0.232226
2016-11-10 24:00:00,    3.118730,    0.085173,  378.128580,    0.307468,  119.908165,    0.156900,    0.216001,    8.089208,    0.240576
2016-11-11 24:00:00,    3.239098,    0.085169,  377.814498,    0.313853,  120.559925,    0.162505,    0.222264,    8.100771,    0.244353
2016-11-12 24:00:00,    3.340655,    0.085108,  377.540222,    0.319548,  121.143276,    0.167940,    0.228691,    8.107663,    0.244616
2016-11-13 24:00:00,    2.556684,    0.081563,  384.598639,    0.288750,  116.549725,    0.154678,    0.183161,    7.832550,    0.171185
2016-11-14 24:00:00,    2.426918,    0.079897,  381.077457,    0.287157,  114.757567,    0.152301,    0.180575,    7.686775,    0.164053
2016-11-15 24:00:00,    2.336414,    0.079294,  383.606050,    0.289169,  114.463292,    0.154934,    0.181042,    7.642353,    0.159423
2016-11-16 24:00:00,    2.477243,    0.079294,  383.183787,    0.299720,  115.190234,    0.161407,    0.190892,    7.652083,    0.175306
2016-11-17 24:00:00,    2.605672,    0.079294,  382.850389,    0.305650,  115.809286,    0.166771,    0.197633,    7.661838,    0.187342
2016-11-18 24:00:00,    2.721588,    0.079294,  382.486592,    0.311705,  116.442052,    0.172287,    0.206353,    7.671335,    0.193092
2016-11-19 24:00:00,    2.831333,    0.079294,  382.167925,    0.314455,  116.976929,    0.176988,    0.215060,    7.680700,    0.195141
2016-11-20 24:00:00,    2.941971,    0.079294,  381.756188,    0.320426,  117.630686,    0.182613,    0.226434,    7.689567,    0.194158
2016-11-21 24:00:00,    3.050350,    0.079294,  381.334415,    0.326196,  118.293688,    0.188147,    0.237958,    7.698304,    0.191699
2016-11-22 24:00:00,    3.154857,    0.079294,  380.897155,    0.331885,  118.966960,    0.193669,    0.250226,    7.706916,    0.188573
2016-11-23 24:00:00,    3.259783,    0.079294,  380.448208,    0.337317,  119.648190,    0.199201,    0.262349,    7.715071,    0.184482
2016-11-24 24:00:00,    3.369259,    0.079294,  380.005478,    0.342272,  120.335646,    0.204706,    0.273086,    7.723234,    0.182649
2016-11-25 24:00:00,    3.484391,    0.079294,  379.741525,    0.343401,  120.831512,    0.207244,    0.275365,    7.730919,    0.173234
2016-11-26 24:00:00,    3.596093,    0.079294,  379.329868,    0.346807,  121.501519,    0.212810,    0.283425,    7.738776,    0.170870
2016-11-27 24:00:00,    3.695845,    0.079294,  378.901234,    0.350233,  122.171282,    0.218507,    0.292878,    7.746372,    0.167586
2016-11-28 24:00:00,    2.823765,    0.072384,  370.754402,    0.302487,  110.950051,    0.184373,    0.221084,    7.097453,    0.118545
2016-11-29 24:00:00,    2.755071,    0.072004,  380.305258,    0.304847,  111.029744,    0.187927,    0.224038,    7.073888,    0.115656
2016-11-30 24:00:00,    2.624746,    0.071258,  394.395765,    0.304761,  110.619377,    0.189779,    0.225424,    7.019071,    0.112219
2016-12-01 24:00:00,    2.497989,    0.070467,  409.007419,    0.303742,  110.186861,    0.191561,    0.226869,    6.962854,    0.108840
2016-12-02 24:00:00,    2.602954,    0.070467,  408.494708,    0.312085,  110.976288,    0.198173,    0.239257,    6.969518,    0.119787
2016-12-03 24:00:00,    2.235660,    0.069613,  413.029773,    0.301665,  109.945056,    0.194059,    0.231183,    6.894766,    0.103111
2016-12-04 24:00:00,    2.164351,    0.068635,  410.148149,    0.300201,  109.311960,    0.193233,    0.232450,    6.827160,    0.099724
2016-12-05 24:00:00,    2.075527,    0.068137,  412.029501,    0.300180,  109.204768,    0.194058,    0.235142,    6.792669,    0.096926
2016-12-06 24:00:00,    2.188694,    0.068137,  411.531704,    0.308160,  109.964420,    0.200209,    0.246777,    6.798472,    0.106460
2016-12-07 24:00:00,    2.004320,    0.066775,  408.233747,    0.298036,  108.724755,    0.189561,    0.239265,    6.711996,    0.090628
2016-12-08 24:00:00,    1.919874,    0.066374,  411.162474,    0.298255,  108.588419,    0.187890,    0.243185,    6.677079,    0.088360
2016-12-09 24:00:00,    1.868319,    0.065954,  414.131127,    0.297986,  108.402619,    0.184902,    0.245893,    6.639378,    0.086123
2016-12-10 24:00:00,    2.002785,    0.065954,  413.647324,    0.305436,  109.118842,    0.190416,    0.256687,    6.644572,    0.094681
2016-12-11 24:00:00,    2.118755,    0.065954,  413.312774,    0.306056,  109.626334,    0.194256,    0.263641,    6.649774,    0.101303
2016-12-12 24:00:00,    2.227617,    0.065954,  412.886645,    0.309679,  110.244830,    0.197928,    0.274078,    6.654809,    0.104575
2016-12-13 24:00:00,    2.332642,    0.065954,  412.448887,    0.313219,  110.870296,    0.199414,    0.285019,    6.659705,    0.105695
2016-12-14 24:00:00,    2.436066,    0.065954,  412.003301,    0.316627,  111.502214,    0.200848,    0.296125,    6.664496,    0.105554
2016-12-15 24:00:00,    2.537400,    0.065954,  411.550237,    0.319902,  112.140469,    0.202271,    0.307351,    6.669167,    0.104607
2016-12-16 24:00:00,    2.634714,    0.065954,  411.088255,    0.323070,  112.784523,    0.203815,    0.318887,    6.673711,    0.103129
2016-12-17 24:00:00,    2.729266,    0.065954,  410.617442,    0.326136,  113.434425,    0.205512,    0.330710,    6.678115,    0.101330
2016-12-18 24:00:00,    2.825151,    0.065954,  410.141652,    0.329037,  114.089707,    0.207197,    0.342460,    6.682435,    0.100483
2016-12-19 24:00:00,    2.919747,    0.065954,  409.660515,    0.331796,  114.750460,    0.208583,    0.354179,    6.686625,    0.098221
2016-12-20 24:00:00,    3.010724,    0.065954,  409.171262,    0.334487,  115.417565,    0.210010,    0.366147,    6.690710,    0.096041
2016-12-21 24:00:00,    3.100839,    0.065954,  408.674733,    0.337090,  116.090626,    0.211511,    0.378247,    6.694668,    0.093853
2016-12-22 24:00:00,    3.190220,    0.065954,  408.172055,    0.339597,  116.769547,    0.212960,    0.390392,    6.698520,    0.091691
2016-12-23 24:00:00,    3.276178,    0.065954,  407.661693,    0.342108,  117.456398,    0.214574,    0.402837,    6.702376,    0.089878
2016-12-24 24:00:00,    3.358833,    0.065954,  407.136716,    0.344687,  118.152561,    0.215449,    0.415692,    6.705909,    0.087591
2016-12-25 24:00:00,    3.439395,    0.065954,  406.602405,    0.347330,  118.858009,    0.216434,    0.428868,    6.709446,    0.086429
2016-12-26 24:00:00,    3.519101,    0.065954,  406.057887,    0.350035,  119.573035,    0.216227,    0.442283,    6.712877,    0.084848
2016-12-27 24:00:00,    3.597764,    0.065954,  405.504740,    0.352734,  120.296215,    0.212126,    0.455873,    6.716203,    0.082953
2016-12-28 24:00:00,    3.674666,    0.065954,  404.941872,    0.355479,  121.028208,    0.204190,    0.469684,    6.719423,    0.080876
2016-12-29 24:00:00,    3.750205,    0.065954,  404.369386,    0.358266,  121.769033,    0.195462,    0.483705,    6.722540,    0.078695
2016-12-30 24:00:00,    3.823163,    0.065954,  403.787286,    0.361097,  122.518555,    0.187565,    0.497943,    6.725557,    0.076588
2016-12-31 24:00:00,    3.892948,    0.065954,  403.195407,    0.363973,  123.276527,    0.180796,    0.512431,    6.728477,    0.074543
2017-01-01 24:00:00,    3.969613,    0.065953,  403.100316,    0.357464,  123.358705,    0.164656,    0.511815,    6.731100,    0.071061
2017-01-02 24:00:00,    4.037158,    0.065953,  402.526732,    0.359561,  124.095088,    0.161569,    0.525800,    6.733872,    0.069654
2017-01-03 24:00:00,    4.049938,    0.065953,  401.851738,    0.365587,  125.005476,    0.166265,    0.542411,    6.736634,    0.071962
2017-01-04 24:00:00,    4.062203,    0.065953,  401.170686,    0.371403,  125.921255,    0.169357,    0.559111,    6.739264,    0.070664
2017-01-05 24:00:00,    4.072248,    0.065953,  400.483160,    0.377038,  126.842023,    0.171630,    0.576005,    6.741810,    0.070105
2017-01-06 24:00:00,    4.081452,    0.065953,  399.789537,    0.382495,  127.767752,    0.171608,    0.593009,    6.744183,    0.066475
2017-01-07 24:00:00,    4.090478,    0.065953,  399.090787,    0.387774,  128.698263,    0.171670,    0.610068,    6.746481,    0.064550
2017-01-08 24:00:00,    4.098674,    0.065953,  398.386721,    0.392902,  129.633495,    0.172598,    0.627243,    6.748701,    0.062565
2017-01-09 24:00:00,    4.106771,    0.065953,  397.677679,    0.397872,  130.573250,    0.174678,    0.644462,    6.750808,    0.060280
2017-01-10 24:00:00,    4.113352,    0.065953,  396.957445,    0.402929,  131.525199,    0.177650,    0.662003,    6.752823,    0.058066
2017-01-11 24:00:00,    4.120338,    0.065953,  396.228856,    0.407979,  132.487949,    0.181076,    0.679645,    6.754759,    0.056011
2017-01-12 24:00:00,    4.126610,    0.065953,  395.499832,    0.412709,  133.447534,    0.184870,    0.697311,    6.756612,    0.053979
2017-01-13 24:00:00,    4.130439,    0.065953,  394.768803,    0.417219,  134.405028,    0.188258,    0.715148,    6.758389,    0.052083
2017-01-14 24:00:00,    4.134336,    0.065953,  394.033721,    0.421612,  135.366252,    0.191729,    0.733015,    6.760091,    0.050846
2017-01-15 24:00:00,    4.138048,    0.065953,  393.205343,    0.429885,  136.463319,    0.196162,    0.753474,    6.761733,    0.050125
2017-01-16 24:00:00,    4.140494,    0.065953,  392.461993,    0.434094,  137.430845,    0.199816,    0.771555,    6.763298,    0.048377
2017-01-17 24:00:00,    4.142610,    0.065953,  391.713728,    0.438190,  138.403624,    0.203609,    0.789712,    6.764827,    0.047165
2017-01-18 24:00:00,    4.144359,    0.065953,  390.959850,    0.442234,  139.381931,    0.207481,    0.807972,    6.766293,    0.046430
2017-01-19 24:00:00,    4.145367,    0.065953,  390.203335,    0.446234,  140.364162,    0.211390,    0.826357,    6.767827,    0.045888
2017-01-20 24:00:00,    4.145173,    0.065953,  389.440788,    0.450191,  141.349870,    0.215096,    0.844881,    6.769205,    0.045054
2017-01-21 24:00:00,    4.145230,    0.065953,  388.676612,    0.454014,  142.336398,    0.218564,    0.863427,    6.770553,    0.044189
2017-01-22 24:00:00,    4.147431,    0.065953,  387.911208,    0.457692,  143.323908,    0.221917,    0.881902,    6.771842,    0.043355
2017-01-23 24:00:00,    4.149121,    0.065953,  387.141712,    0.461272,  144.312677,    0.225276,    0.900420,    6.772965,    0.042210
2017-01-24 24:00:00,    4.147748,    0.065953,  386.371144,    0.464775,  145.301749,    0.228715,    0.919105,    6.774163,    0.041361
2017-01-25 24:00:00,    3.761136,    0.049945,  309.966318,    0.363415,  106.843505,    0.134890,    0.577727,    5.309911,    0.036358
2017-01-26 24:00:00,    3.560673,    0.049766,  363.085893,    0.363924,  107.112526,    0.137404,    0.583905,    5.295987,    0.036647
2017-01-27 24:00:00,    3.605189,    0.049753,  362.782213,    0.373881,  107.982819,    0.144800,    0.600482,    5.297706,    0.041135
2017-01-28 24:00:00,    3.241174,    0.049054,  373.296819,    0.358395,  107.025747,    0.138004,    0.588007,    5.242043,    0.036568
2017-01-29 24:00:00,    3.078429,    0.048639,  398.681028,    0.354766,  106.804605,    0.135192,    0.589321,    5.204597,    0.036161
2017-01-30 24:00:00,    3.106552,    0.048615,  398.128060,    0.364361,  107.743161,    0.142004,    0.605917,    5.205243,    0.040103
2017-01-31 24:00:00,    3.150092,    0.048612,  397.560399,    0.368670,  108.531660,    0.146397,    0.619736,    5.207397,    0.042539
2017-02-01 24:00:00,    2.786529,    0.047522,  400.453076,    0.342998,  106.475909,    0.134324,    0.593233,    5.117690,    0.034455
2017-02-02 24:00:00,    2.797386,    0.047514,  399.791823,    0.356475,  107.539173,    0.141710,    0.611661,    5.119042,    0.038005
2017-02-03 24:00:00,    2.828276,    0.047428,  400.442426,    0.351659,  107.786785,    0.142503,    0.614590,    5.112523,    0.038796
2017-02-04 24:00:00,    2.915012,    0.047425,  399.959855,    0.353618,  108.450172,    0.146125,    0.624825,    5.114461,    0.040561
2017-02-05 24:00:00,    3.013039,    0.047385,  399.747695,    0.351236,  108.879388,    0.149062,    0.630015,    5.112656,    0.041313
2017-02-06 24:00:00,    3.117342,    0.047383,  399.290538,    0.351834,  109.519359,    0.153091,    0.638726,    5.114689,    0.041980
2017-02-07 24:00:00,    2.781384,    0.046361,  396.986425,    0.326750,  107.027250,    0.132424,    0.601946,    5.009292,    0.032753
2017-02-08 24:00:00,    2.680425,    0.046050,  402.216829,    0.325525,  106.892017,    0.129709,    0.603155,    4.978272,    0.032214
2017-02-09 24:00:00,    2.678744,    0.045819,  402.293386,    0.324830,  106.935600,    0.129091,    0.605153,    4.955672,    0.031625
2017-02-10 24:00:00,    2.624222,    0.045524,  406.467620,    0.323895,  106.942848,    0.129159,    0.606789,    4.931392,    0.031016
2017-02-11 24:00:00,    2.544878,    0.045340,  412.947384,    0.323186,  107.086928,    0.129403,    0.609413,    4.913488,    0.030543
2017-02-12 24:00:00,    2.657044,    0.045336,  412.429082,    0.328696,  107.824985,    0.134397,    0.620370,    4.915059,    0.033677
2017-02-13 24:00:00,    2.813583,    0.045204,  413.119831,    0.322868,  107.919281,    0.133830,    0.617139,    4.902398,    0.031853
2017-02-14 24:00:00,    3.026587,    0.045204,  412.686851,    0.324197,  108.566348,    0.134880,    0.622884,    4.904461,    0.031196
2017-02-15 24:00:00,    3.142325,    0.045193,  412.087897,    0.328287,  109.278430,    0.139750,    0.632103,    4.905317,    0.034211
2017-02-16 24:00:00,    3.252970,    0.045193,  411.618782,    0.329659,  109.938396,    0.142725,    0.640210,    4.907359,    0.035260
2017-02-17 24:00:00,    3.433250,    0.044759,  408.524741,    0.319245,  109.120924,    0.135466,    0.627432,    4.860574,    0.030603
2017-02-18 24:00:00,    3.655375,    0.044759,  408.071996,    0.320983,  109.796377,    0.137238,    0.633584,    4.862642,    0.030055
2017-02-19 24:00:00,    3.818940,    0.044759,  407.582195,    0.323628,  110.498183,    0.139902,    0.641071,    4.864730,    0.031421
2017-02-20 24:00:00,    3.962018,    0.044759,  407.078829,    0.326272,  111.210820,    0.142457,    0.649153,    4.866736,    0.031135
2017-02-21 24:00:00,    4.012450,    0.044759,  406.430716,    0.333653,  112.113878,    0.148715,    0.662704,    4.868683,    0.034016
2017-02-22 24:00:00,    4.051251,    0.044759,  405.862387,    0.337150,  112.902415,    0.153709,    0.674430,    4.870600,    0.035883
2017-02-23 24:00:00,    4.057348,    0.044759,  405.238741,    0.342487,  113.766643,    0.159497,    0.687973,    4.872485,    0.037647
2017-02-24 24:00:00,    3.747887,    0.043370,  401.220560,    0.312619,  109.889558,    0.136319,    0.638499,    4.728793,    0.029163
2017-02-25 24:00:00,    3.672534,    0.042988,  398.422629,    0.311953,  109.563831,    0.131083,    0.637876,    4.689098,    0.028179
2017-02-26 24:00:00,    3.677305,    0.042957,  397.446514,    0.326339,  110.568628,    0.137637,    0.655618,    4.687557,    0.031032
2017-02-27 24:00:00,    3.890780,    0.042414,  393.702153,    0.313602,  109.367973,    0.123941,    0.643139,    4.630144,    0.030896
2017-02-28 24:00:00,    3.971128,    0.042414,  393.068148,    0.322806,  110.259370,    0.129623,    0.656665,    4.632049,    0.033665
2017-03-01 24:00:00,    4.032989,    0.042414,  392.507725,    0.328049,  111.041009,    0.134438,    0.668582,    4.633965,    0.035842
2017-03-02 24:00:00,    4.257347,    0.041016,  380.587667,    0.308975,  107.397310,    0.112050,    0.637625,    4.476872,    0.026235
2017-03-03 24:00:00,    4.279433,    0.040846,  380.562289,    0.312148,  107.663473,    0.113798,    0.641713,    4.461674,    0.026610
2017-03-04 24:00:00,    4.280891,    0.040846,  380.038445,    0.317665,  108.391725,    0.118183,    0.653379,    4.463615,    0.029884
2017-03-05 24:00:00,    4.279032,    0.040344,  375.583128,    0.314764,  107.544972,    0.111475,    0.646474,    4.407929,    0.026387
2017-03-06 24:00:00,    4.023390,    0.039942,  379.007717,    0.316556,  107.351595,    0.111373,    0.649557,    4.374607,    0.026112
2017-03-07 24:00:00,    3.907883,    0.039673,  382.912309,    0.318243,  107.378440,    0.112069,    0.653535,    4.351361,    0.025218
2017-03-08 24:00:00,    3.939334,    0.039475,  382.401591,    0.319706,  107.497798,    0.112579,    0.656807,    4.332122,    0.024442
2017-03-09 24:00:00,    3.920870,    0.039448,  381.566223,    0.341850,  108.766685,    0.115748,    0.680493,    4.331393,    0.024125
2017-03-10 24:00:00,    3.970757,    0.039219,  382.274319,    0.331017,  108.465918,    0.118615,    0.675828,    4.312886,    0.027084
2017-03-11 24:00:00,    4.000360,    0.039219,  381.618349,    0.340521,  109.380104,    0.124573,    0.690748,    4.314436,    0.029228
2017-03-12 24:00:00,    4.023849,    0.039219,  380.955011,    0.349711,  110.305532,    0.130151,    0.705917,    4.316127,    0.030782
2017-03-13 24:00:00,    4.291149,    0.038094,  377.522235,    0.316908,  107.214708,    0.113288,    0.666511,    4.215645,    0.023486
2017-03-14 24:00:00,    4.110770,    0.037829,  376.987297,    0.319182,  107.321768,    0.114923,    0.670932,    4.195645,    0.023574
2017-03-15 24:00:00,    3.932980,    0.037489,  375.853001,    0.320878,  107.287846,    0.116592,    0.674659,    4.171395,    0.023385
2017-03-16 24:00:00,    3.819764,    0.037383,  377.393118,    0.323253,  107.616322,    0.118694,    0.680073,    4.160821,    0.022644
2017-03-17 24:00:00,    3.864187,    0.037254,  381.397363,    0.324965,  107.879893,    0.119851,    0.683872,    4.147494,    0.022358
2017-03-18 24:00:00,    3.903690,    0.036992,  381.140528,    0.325082,  107.719711,    0.117020,    0.685375,    4.118755,    0.022069
2017-03-19 24:00:00,    3.989040,    0.036992,  380.415466,    0.338756,  108.733474,    0.124079,    0.702043,    4.120353,    0.024520
2017-03-20 24:00:00,    4.023116,    0.036992,  379.807579,    0.346269,  109.583489,    0.129875,    0.715419,    4.121951,    0.026956
2017-03-21 24:00:00,    4.068623,    0.036992,  379.340501,    0.346896,  110.235578,    0.134119,    0.723969,    4.123602,    0.029463
2017-03-22 24:00:00,    4.208769,    0.036905,  378.816862,    0.351404,  110.773766,    0.137367,    0.733230,    4.115155,    0.029352
2017-03-23 24:00:00,    4.803869,    0.036183,  378.517961,    0.319832,  108.278994,    0.118796,    0.698173,    4.036408,    0.024043
2017-03-24 24:00:00,    4.560250,    0.035797,  376.816313,    0.322592,  108.215652,    0.120428,    0.702531,    4.008198,    0.023092
2017-03-25 24:00:00,    4.429775,    0.035571,  378.336593,    0.322631,  108.234441,    0.120153,    0.705561,    3.987970,    0.023396
2017-03-26 24:00:00,    4.393903,    0.035323,  377.165893,    0.323810,  108.235950,    0.119602,    0.708486,    3.965056,    0.023141
2017-03-27 24:00:00,    4.307725,    0.035138,  378.747413,    0.325211,  108.357942,    0.119645,    0.712605,    3.946403,    0.022306
2017-03-28 24:00:00,    4.232874,    0.034916,  379.492555,    0.326079,  108.397359,    0.119571,    0.716035,    3.926020,    0.022184
2017-03-29 24:00:00,    4.228516,    0.034916,  378.994108,    0.329046,  109.068580,    0.123937,    0.727180,    3.927513,    0.024509
2017-03-30 24:00:00,    4.489804,    0.034423,  376.454456,    0.327980,  108.494397,    0.120726,    0.723299,    3.884769,    0.021357
2017-03-31 24:00:00,    4.381257,    0.034205,  379.670563,    0.328665,  108.561308,    0.120616,    0.727039,    3.864974,    0.021489
2017-04-01 24:00:00,    4.304467,    0.034022,  382.414512,    0.329179,  108.656666,    0.120103,    0.730739,    3.846300,    0.021359
2017-04-02 24:00:00,    4.303631,    0.034022,  381.914963,    0.331535,  109.329104,    0.124416,    0.741696,    3.847746,    0.023598
2017-04-03 24:00:00,    4.652178,    0.033466,  378.380501,    0.331082,  108.539045,    0.118451,    0.737216,    3.795823,    0.020472
2017-04-04 24:00:00,    4.764638,    0.033274,  376.696153,    0.332266,  108.697516,    0.119536,    0.741912,    3.779023,    0.020761
2017-04-05 24:00:00,    4.726582,    0.033111,  380.680360,    0.333251,  108.928488,    0.120926,    0.746890,    3.764760,    0.020809
2017-04-06 24:00:00,    4.696089,    0.033001,  380.228902,    0.334548,  109.263424,    0.122749,    0.752516,    3.754155,    0.020723
2017-04-07 24:00:00,    4.753119,    0.032878,  382.231932,    0.333524,  109.520155,    0.124070,    0.756087,    3.742890,    0.020638
2017-04-08 24:00:00,    4.693388,    0.032774,  381.517511,    0.334277,  109.881751,    0.126089,    0.761681,    3.733384,    0.020549
2017-04-09 24:00:00,    4.680957,    0.032774,  380.996816,    0.336409,  110.576928,    0.130716,    0.773291,    3.734789,    0.022711
2017-04-10 24:00:00,    4.894221,    0.032472,  381.539763,    0.335350,  110.473235,    0.130206,    0.772123,    3.709654,    0.020131
2017-04-11 24:00:00,    4.822745,    0.032384,  381.935767,    0.336028,  110.888390,    0.132715,    0.777666,    3.702163,    0.020547
2017-04-12 24:00:00,    4.754652,    0.032234,  383.100750,    0.338069,  111.253065,    0.135588,    0.783757,    3.691179,    0.020692
2017-04-13 24:00:00,    4.747310,    0.032160,  382.996731,    0.337176,  111.646600,    0.137916,    0.788319,    3.685003,    0.020700
2017-04-14 24:00:00,    4.729608,    0.032095,  382.868644,    0.337769,  112.105866,    0.140548,    0.793789,    3.679168,    0.020682
2017-04-15 24:00:00,    4.691380,    0.032030,  383.116839,    0.338260,  112.562193,    0.143133,    0.799419,    3.673435,    0.020647
2017-04-16 24:00:00,    4.649493,    0.031972,  382.818100,    0.338924,  113.037351,    0.145920,    0.805157,    3.668337,    0.020624
2017-04-17 24:00:00,    4.647283,    0.031972,  382.309536,    0.340530,  113.728966,    0.150937,    0.815518,    3.669739,    0.022687
2017-04-18 24:00:00,    4.993337,    0.031692,  380.843507,    0.340881,  113.630461,    0.148158,    0.815500,    3.644391,    0.020092
2017-04-19 24:00:00,    4.988826,    0.031615,  380.676162,    0.339778,  113.999187,    0.149978,    0.819668,    3.637576,    0.020535
2017-04-20 24:00:00,    5.090929,    0.031332,  378.140516,    0.340898,  113.983874,    0.149050,    0.823219,    3.614585,    0.020682
2017-04-21 24:00:00,    5.024652,    0.031217,  380.741035,    0.341388,  114.274339,    0.149681,    0.828377,    3.603248,    0.020686
2017-04-22 24:00:00,    5.060654,    0.031118,  383.453251,    0.341767,  114.650566,    0.151624,    0.833354,    3.594591,    0.020687
2017-04-23 24:00:00,    5.052339,    0.031118,  382.884993,    0.344923,  115.424197,    0.157054,    0.845382,    3.595996,    0.022734
2017-04-24 24:00:00,    5.041217,    0.031118,  382.227180,    0.351565,  116.323682,    0.156104,    0.860158,    3.597296,    0.018961
2017-04-25 24:00:00,    5.040663,    0.031113,  381.414269,    0.362379,  117.380631,    0.157411,    0.878438,    3.598057,    0.019209
2017-04-26 24:00:00,    5.072396,    0.031086,  380.498877,    0.369589,  118.278945,    0.158445,    0.893676,    3.596795,    0.019571
2017-04-27 24:00:00,    5.826526,    0.030550,  376.410016,    0.341592,  116.438880,    0.157133,    0.857295,    3.547127,    0.020710
2017-04-28 24:00:00,    5.714652,    0.030487,  377.281501,    0.342043,  116.939457,    0.159806,    0.863775,    3.542068,    0.021342
2017-04-29 24:00:00,    5.675543,    0.030405,  376.462983,    0.342540,  117.410067,    0.162683,    0.869723,    3.536184,    0.021760
2017-04-30 24:00:00,    5.488238,    0.030192,  374.569244,    0.344568,  117.656588,    0.165816,    0.875650,    3.522046,    0.021909
2017-05-01 24:00:00,    5.274347,    0.030089,  376.286370,    0.345735,  118.062122,    0.169006,    0.882301,    3.514645,    0.021826
2017-05-02 24:00:00,    5.192262,    0.030052,  382.331056,    0.346602,  118.598681,    0.172215,    0.888850,    3.511202,    0.021660
2017-05-03 24:00:00,    5.246669,    0.030015,  384.351928,    0.344991,  119.091834,    0.175113,    0.892972,    3.508256,    0.021325
2017-05-04 24:00:00,    5.312703,    0.029968,  384.013176,    0.344845,  119.630742,    0.178176,    0.898397,    3.504956,    0.021260
2017-05-05 24:00:00,    5.517538,    0.029911,  383.441313,    0.339954,  119.996471,    0.179756,    0.900693,    3.501301,    0.021072
2017-05-06 24:00:00,    5.488265,    0.029919,  382.825477,    0.345402,  120.902490,    0.186315,    0.914360,    3.503410,    0.023085
2017-05-07 24:00:00,    6.206246,    0.029831,  381.926333,    0.344105,  121.321976,    0.188128,    0.914751,    3.496553,    0.021499
2017-05-08 24:00:00,    6.386280,    0.029755,  381.125208,    0.341256,  121.775109,    0.189603,    0.919548,    3.491969,    0.021945
2017-05-09 24:00:00,    6.626550,    0.029681,  380.204702,    0.333337,  122.021467,    0.190109,    0.918978,    3.486843,    0.022046
2017-05-10 24:00:00,    6.825746,    0.029646,  378.971077,    0.343027,  123.014804,    0.197379,    0.932214,    3.485154,    0.022996
2017-05-11 24:00:00,    6.966353,    0.029591,  377.886059,    0.345108,  123.698242,    0.201866,    0.940387,    3.482199,    0.023588
2017-05-12 24:00:00,    6.863731,    0.029565,  377.048101,    0.343431,  124.283605,    0.205458,    0.945823,    3.480590,    0.024038
2017-05-13 24:00:00,    6.729525,    0.029511,  376.270282,    0.343550,  124.872154,    0.209442,    0.951699,    3.477427,    0.024327
2017-05-14 24:00:00,    6.573059,    0.029482,  375.796465,    0.344018,  125.507133,    0.213305,    0.958309,    3.475778,    0.024458
2017-05-15 24:00:00,    6.367592,    0.029350,  374.493236,    0.346340,  125.961068,    0.217013,    0.965026,    3.467614,    0.024476
2017-05-16 24:00:00,    6.423292,    0.029294,  375.008177,    0.347066,  126.488873,    0.218857,    0.970483,    3.463197,    0.024419
2017-05-17 24:00:00,    6.618172,    0.029244,  376.666688,    0.347463,  127.061080,    0.221549,    0.976040,    3.459730,    0.024418
2017-05-18 24:00:00,    6.685646,    0.029184,  376.067509,    0.347801,  127.593248,    0.223398,    0.981865,    3.455141,    0.024452
2017-05-19 24:00:00,    6.715407,    0.029091,  375.541113,    0.348205,  128.080497,    0.226414,    0.987956,    3.449354,    0.024574
2017-05-20 24:00:00,    6.786969,    0.029051,  375.458279,    0.348952,  128.700201,    0.229913,    0.994696,    3.447085,    0.024746
2017-05-21 24:00:00,    6.778134,    0.029051,  374.789714,    0.354049,  129.636410,    0.237423,    1.008004,    3.448910,    0.027202
2017-05-22 24:00:00,    6.768989,    0.029051,  374.155195,    0.357331,  130.519802,    0.244239,    1.020350,    3.450737,    0.028412
2017-05-23 24:00:00,    6.758579,    0.029051,  373.509881,    0.360772,  131.411176,    0.250878,    1.033292,    3.452537,    0.029011
2017-05-24 24:00:00,    6.755015,    0.029051,  372.795922,    0.366548,  132.398461,    0.257884,    1.048290,    3.454305,    0.029109
2017-05-25 24:00:00,    6.746558,    0.029051,  372.110037,    0.370757,  133.333916,    0.264394,    1.062877,    3.456015,    0.028418
2017-05-26 24:00:00,    6.757721,    0.029042,  371.150037,    0.379738,  134.463246,    0.267448,    1.080448,    3.456587,    0.028253
2017-05-27 24:00:00,    8.005915,    0.028786,  367.177402,    0.370987,  134.240883,    0.258603,    1.065394,    3.433941,    0.027948
2017-05-28 24:00:00,    8.602542,    0.028652,  363.943110,    0.318200,  132.349184,    0.241632,    1.009847,    3.426299,    0.032235
2017-05-29 24:00:00,    8.665912,    0.028391,  360.303120,    0.301972,  131.437475,    0.225067,    0.992845,    3.404431,    0.033857
2017-05-30 24:00:00,    8.425061,    0.028101,  355.075561,    0.346785,  132.828708,    0.222876,    1.036979,    3.370456,    0.034749
2017-05-31 24:00:00,    8.340504,    0.027996,  359.096481,    0.347616,  133.192327,    0.223564,    1.042411,    3.361380,    0.035402
2017-06-01 24:00:00,    8.019787,    0.027749,  356.924147,    0.348206,  133.240625,    0.225049,    1.046581,    3.343946,    0.033446
2017-06-02 24:00:00,    7.879953,    0.027581,  355.493069,    0.349718,  133.531085,    0.227629,    1.052000,    3.333244,    0.033296
2017-06-03 24:00:00,    7.800368,    0.027305,  354.784328,    0.350212,  133.518428,    0.229756,    1.054693,    3.315065,    0.032591
2017-06-04 24:00:00,    7.685830,    0.027172,  361.265543,    0.350714,  133.866214,    0.231568,    1.059743,    3.305842,    0.031751
2017-06-05 24:00:00,    7.670568,    0.027172,  360.537962,    0.357856,  134.861315,    0.239243,    1.076370,    3.308049,    0.033421
2017-06-06 24:00:00,    7.688777,    0.027172,  360.157997,    0.349582,  135.366340,    0.238814,    1.081675,    3.310287,    0.032682
2017-06-07 24:00:00,    7.681944,    0.027172,  359.541961,    0.350996,  136.149116,    0.238570,    1.096421,    3.312272,    0.030817
2017-06-08 24:00:00,    7.693720,    0.027167,  358.758389,    0.357575,  137.112302,    0.226738,    1.114825,    3.313756,    0.029410
2017-06-09 24:00:00,    7.710587,    0.027159,  357.998800,    0.361626,  137.991903,    0.215601,    1.132014,    3.314986,    0.030110
2017-06-10 24:00:00,    8.425315,    0.026514,  350.383541,    0.377917,  136.540118,    0.212270,    1.129736,    3.242026,    0.029292
2017-06-11 24:00:00,    8.477411,    0.026403,  348.317089,    0.379698,  136.907858,    0.206737,    1.141587,    3.230457,    0.031275
2017-06-12 24:00:00,    8.514612,    0.026255,  345.695253,    0.380161,  137.042511,    0.203491,    1.150937,    3.213769,    0.033757
2017-06-13 24:00:00,    8.236854,    0.025915,  338.682674,    0.409803,  137.256414,    0.206168,    1.184078,    3.167810,    0.036096
2017-06-14 24:00:00,    8.270601,    0.025759,  336.055712,    0.409554,  137.388728,    0.201349,    1.192954,    3.151265,    0.037836
2017-06-15 24:00:00,    7.971571,    0.025120,  325.130257,    0.443598,  136.379447,    0.200834,    1.219973,    3.069659,    0.039227
2017-06-16 24:00:00,    7.897691,    0.024485,  315.614796,    0.441991,  133.919986,    0.188460,    1.209039,    2.989621,    0.040940
2017-06-17 24:00:00,    7.662314,    0.023691,  302.990859,    0.473225,  131.850358,    0.170274,    1.224249,    2.889727,    0.043317
2017-06-18 24:00:00,    7.620250,    0.023422,  298.369472,    0.486075,  131.780498,    0.168485,    1.241583,    2.858244,    0.046372
2017-06-19 24:00:00,    7.204232,    0.021876,  274.397096,    0.556435,  127.115193,    0.162669,    1.260715,    2.663615,    0.047946
2017-06-20 24:00:00,    7.217471,    0.021360,  266.576276,    0.552331,  124.834851,    0.149180,    1.247954,    2.599870,    0.049626
2017-06-21 24:00:00,    7.208214,    0.021269,  264.176409,    0.570818,  125.773780,    0.148098,    1.278636,    2.590065,    0.051513
2017-06-22 24:00:00,    7.289151,    0.021165,  261.727931,    0.582537,  126.346361,    0.148201,    1.300337,    2.579870,    0.052700
2017-06-23 24:00:00,    7.398748,    0.021405,  263.684265,    0.608626,  129.439092,    0.154056,    1.354638,    2.614026,    0.052348
2017-06-24 24:00:00,    7.493212,    0.021155,  259.767564,    0.604619,  128.656881,    0.156578,    1.352434,    2.586693,    0.053341
2017-06-25 24:00:00,    7.501524,    0.021117,  258.240075,    0.617464,  129.943084,    0.167023,    1.387439,    2.585382,    0.056603
2017-06-26 24:00:00,    7.508120,    0.020971,  255.501417,    0.622553,  130.316760,    0.170283,    1.409097,    2.570695,    0.059830
2017-06-27 24:00:00,    7.175949,    0.020217,  243.474260,    0.681089,  129.182117,    0.165914,    1.457323,    2.477151,    0.061508
2017-06-28 24:00:00,    7.218398,    0.020226,  242.459582,    0.702125,  130.787638,    0.161732,    1.499554,    2.481618,    0.063286
2017-06-29 24:00:00,    7.412597,    0.019902,  239.431765,    0.645453,  127.536177,    0.161499,    1.437112,    2.447703,    0.066947
2017-06-30 24:00:00,    7.499151,    0.019863,  238.500170,    0.646319,  128.075977,    0.172504,    1.454235,    2.447905,    0.070626
