DateTime,Depth,PHS_frp
2016-01-01 00:00,0,1.209493058
2016-01-02 00:00,0,1.202285351
2016-01-03 00:00,0,1.195077644
2016-01-04 00:00,0,1.187869936
2016-01-05 00:00,0,1.180662229
2016-01-06 00:00,0,1.173454522
2016-01-07 00:00,0,1.166246815
2016-01-08 00:00,0,1.159039108
2016-01-09 00:00,0,1.151831401
2016-01-10 00:00,0,1.144623694
2016-01-11 00:00,0,1.137415987
2016-01-12 00:00,0,1.13020828
2016-01-13 00:00,0,1.123000573
2016-01-14 00:00,0,1.115792865
2016-01-15 00:00,0,1.108585158
2016-01-16 00:00,0,1.101377451
2016-01-17 00:00,0,1.094169744
2016-01-18 00:00,0,1.086962037
2016-01-19 00:00,0,1.07975433
2016-01-20 00:00,0,1.072546623
2016-01-21 00:00,0,1.065338916
2016-01-22 00:00,0,1.058131209
2016-01-23 00:00,0,1.050923501
2016-01-24 00:00,0,1.043715794
2016-01-25 00:00,0,1.036508087
2016-01-26 00:00,0,1.02930038
2016-01-27 00:00,0,1.022092673
2016-01-28 00:00,0,1.014884966
2016-01-29 00:00,0,1.007677259
2016-01-30 00:00,0,1.000469552
2016-01-31 00:00,0,0.993261845
2016-02-01 00:00,0,0.986054138
2016-02-02 00:00,0,0.97884643
2016-02-03 00:00,0,0.971638723
2016-02-04 00:00,0,0.964431016
2016-02-05 00:00,0,0.957223309
2016-02-06 00:00,0,0.950015602
2016-02-07 00:00,0,0.942807895
2016-02-08 00:00,0,0.935600188
2016-02-09 00:00,0,0.928392481
2016-02-10 00:00,0,0.921184774
2016-02-11 00:00,0,0.913977066
2016-02-12 00:00,0,0.906769359
2016-02-13 00:00,0,0.899561652
2016-02-14 00:00,0,0.892353945
2016-02-15 00:00,0,0.885146238
2016-02-16 00:00,0,0.877938531
2016-02-17 00:00,0,0.870730824
2016-02-18 00:00,0,0.863523117
2016-02-19 00:00,0,0.85631541
2016-02-20 00:00,0,0.849107702
2016-02-21 00:00,0,0.841899995
2016-02-22 00:00,0,0.834692288
2016-02-23 00:00,0,0.827484581
2016-02-24 00:00,0,0.820276874
2016-02-25 00:00,0,0.813069167
2016-02-26 00:00,0,0.80586146
2016-02-27 00:00,0,0.798653753
2016-02-28 00:00,0,0.791446046
2016-02-29 00:00,0,0.784238339
2016-03-01 00:00,0,0.777030631
2016-03-02 00:00,0,0.769822924
2016-03-03 00:00,0,0.762615217
2016-03-04 00:00,0,0.75540751
2016-03-05 00:00,0,0.748199803
2016-03-06 00:00,0,0.740992096
2016-03-07 00:00,0,0.733784389
2016-03-08 00:00,0,0.726576682
2016-03-09 00:00,0,0.719368975
2016-03-10 00:00,0,0.712161267
2016-03-11 00:00,0,0.70495356
2016-03-12 00:00,0,0.697745853
2016-03-13 00:00,0,0.690538146
2016-03-14 00:00,0,0.683330439
2016-03-15 00:00,0,0.676122732
2016-03-16 00:00,0,0.668915025
2016-03-17 00:00,0,0.661707318
2016-03-18 00:00,0,0.654499611
2016-03-19 00:00,0,0.647291904
2016-03-20 00:00,0,0.640084196
2016-03-21 00:00,0,0.632876489
2016-03-22 00:00,0,0.625668782
2016-03-23 00:00,0,0.618461075
2016-03-24 00:00,0,0.611253368
2016-03-25 00:00,0,0.604045661
2016-03-26 00:00,0,0.596837954
2016-03-27 00:00,0,0.589630247
2016-03-28 00:00,0,0.58242254
2016-03-29 00:00,0,0.575214832
2016-03-30 00:00,0,0.568007125
2016-03-31 00:00,0,0.560799418
2016-04-01 00:00,0,0.553591711
2016-04-02 00:00,0,0.546384004
2016-04-03 00:00,0,0.539176297
2016-04-04 00:00,0,0.53196859
2016-04-05 00:00,0,0.524760883
2016-04-06 00:00,0,0.517553176
2016-04-07 00:00,0,0.510345468
2016-04-08 00:00,0,0.503137761
2016-04-09 00:00,0,0.495930054
2016-04-10 00:00,0,0.488722347
2016-04-11 00:00,0,0.48151464
2016-04-12 00:00,0,0.474306933
2016-04-13 00:00,0,0.467099226
2016-04-14 00:00,0,0.459891519
2016-04-15 00:00,0,0.452683812
2016-04-16 00:00,0,0.445476105
2016-04-17 00:00,0,0.438268397
2016-04-18 00:00,0,0.43106069
2016-04-19 00:00,0,0.423852983
2016-04-20 00:00,0,0.416645276
2016-04-21 00:00,0,0.409437569
2016-04-22 00:00,0,0.402229862
2016-04-23 00:00,0,0.395022155
2016-04-24 00:00,0,0.387814448
2016-04-25 00:00,0,0.380606741
2016-04-26 00:00,0,0.373399033
2016-04-27 00:00,0,0.366191326
2016-04-28 00:00,0,0.358983619
2016-04-29 00:00,0,0.351775912
2016-04-30 00:00,0,0.344568205
2016-05-01 00:00,0,0.337360498
2016-05-02 00:00,0,0.330152791
2016-05-03 00:00,0,0.322945084
2016-05-04 00:00,0,0.315737377
2016-05-05 00:00,0,0.30852967
2016-05-06 00:00,0,0.301321962
2016-05-07 00:00,0,0.294114255
2016-05-08 00:00,0,0.286906548
2016-05-09 00:00,0,0.279698841
2016-05-10 00:00,0,0.272491134
2016-05-11 00:00,0,0.265283427
2016-05-12 00:00,0,0.25807572
2016-05-13 00:00,0,0.250868013
2016-05-14 00:00,0,0.243660306
2016-05-15 00:00,0,0.236452598
2016-05-16 00:00,0,0.229244891
2016-05-17 00:00,0,0.230895397
2016-05-18 00:00,0,0.232545902
2016-05-19 00:00,0,0.234196408
2016-05-20 00:00,0,0.235846913
2016-05-21 00:00,0,0.237497419
2016-05-22 00:00,0,0.239147924
2016-05-23 00:00,0,0.24079843
2016-05-24 00:00,0,0.242448935
2016-05-25 00:00,0,0.244099441
2016-05-26 00:00,0,0.245749946
2016-05-27 00:00,0,0.247400452
2016-05-28 00:00,0,0.249050957
2016-05-29 00:00,0,0.250701463
2016-05-30 00:00,0,0.252351968
2016-05-31 00:00,0,0.254002474
2016-06-01 00:00,0,0.255652979
2016-06-02 00:00,0,0.257303485
2016-06-03 00:00,0,0.25895399
2016-06-04 00:00,0,0.260604496
2016-06-05 00:00,0,0.262255001
2016-06-06 00:00,0,0.263905507
2016-06-07 00:00,0,0.265556012
2016-06-08 00:00,0,0.267206517
2016-06-09 00:00,0,0.268857023
2016-06-10 00:00,0,0.270507528
2016-06-11 00:00,0,0.272158034
2016-06-12 00:00,0,0.273808539
2016-06-13 00:00,0,0.275459045
2016-06-14 00:00,0,0.27710955
2016-06-15 00:00,0,0.278760056
2016-06-16 00:00,0,0.280410561
2016-06-17 00:00,0,0.282061067
2016-06-18 00:00,0,0.283711572
2016-06-19 00:00,0,0.285362078
2016-06-20 00:00,0,0.287012583
2016-06-21 00:00,0,0.288663089
2016-06-22 00:00,0,0.290313594
2016-06-23 00:00,0,0.2919641
2016-06-24 00:00,0,0.293614605
2016-06-25 00:00,0,0.295265111
2016-06-26 00:00,0,0.296915616
2016-06-27 00:00,0,0.298566122
2016-06-28 00:00,0,0.300216627
2016-06-29 00:00,0,0.301867133
2016-06-30 00:00,0,0.303517638
2016-07-01 00:00,0,0.305168144
2016-07-02 00:00,0,0.306818649
2016-07-03 00:00,0,0.308469155
2016-07-04 00:00,0,0.31011966
2016-07-05 00:00,0,0.311770166
2016-07-06 00:00,0,0.313420671
2016-07-07 00:00,0,0.315071177
2016-07-08 00:00,0,0.316721682
2016-07-09 00:00,0,0.318372187
2016-07-10 00:00,0,0.320022693
2016-07-11 00:00,0,0.321673198
2016-07-12 00:00,0,0.323323704
2016-07-13 00:00,0,0.324974209
2016-07-14 00:00,0,0.326624715
2016-07-15 00:00,0,0.32827522
2016-07-16 00:00,0,0.329925726
2016-07-17 00:00,0,0.331576231
2016-07-18 00:00,0,0.333226737
2016-07-19 00:00,0,0.334877242
2016-07-20 00:00,0,0.336527748
2016-07-21 00:00,0,0.338178253
2016-07-22 00:00,0,0.339828759
2016-07-23 00:00,0,0.341479264
2016-07-24 00:00,0,0.34312977
2016-07-25 00:00,0,0.344780275
2016-07-26 00:00,0,0.346430781
2016-07-27 00:00,0,0.348081286
2016-07-28 00:00,0,0.349731792
2016-07-29 00:00,0,0.351382297
2016-07-30 00:00,0,0.353032803
2016-07-31 00:00,0,0.354683308
2016-08-01 00:00,0,0.356333814
2016-08-02 00:00,0,0.357984319
2016-08-03 00:00,0,0.359634825
2016-08-04 00:00,0,0.36128533
2016-08-05 00:00,0,0.362935836
2016-08-06 00:00,0,0.364586341
2016-08-07 00:00,0,0.366236846
2016-08-08 00:00,0,0.367887352
2016-08-09 00:00,0,0.369537857
2016-08-10 00:00,0,0.371188363
2016-08-11 00:00,0,0.372838868
2016-08-12 00:00,0,0.374489374
2016-08-13 00:00,0,0.376139879
2016-08-14 00:00,0,0.377790385
2016-08-15 00:00,0,0.37944089
2016-08-16 00:00,0,0.381091396
2016-08-17 00:00,0,0.382741901
2016-08-18 00:00,0,0.384392407
2016-08-19 00:00,0,0.386042912
2016-08-20 00:00,0,0.387693418
2016-08-21 00:00,0,0.389343923
2016-08-22 00:00,0,0.390994429
2016-08-23 00:00,0,0.392644934
2016-08-24 00:00,0,0.39429544
2016-08-25 00:00,0,0.395945945
2016-08-26 00:00,0,0.397596451
2016-08-27 00:00,0,0.399246956
2016-08-28 00:00,0,0.400897462
2016-08-29 00:00,0,0.402547967
2016-08-30 00:00,0,0.404198473
2016-08-31 00:00,0,0.405848978
2016-09-01 00:00,0,0.405966908
2016-09-02 00:00,0,0.406084837
2016-09-03 00:00,0,0.406202767
2016-09-04 00:00,0,0.406320696
2016-09-05 00:00,0,0.406438626
2016-09-06 00:00,0,0.406556555
2016-09-07 00:00,0,0.406674485
2016-09-08 00:00,0,0.406792414
2016-09-09 00:00,0,0.406910344
2016-09-10 00:00,0,0.407028273
2016-09-11 00:00,0,0.407146203
2016-09-12 00:00,0,0.407264132
2016-09-13 00:00,0,0.407382061
2016-09-14 00:00,0,0.407499991
2016-09-15 00:00,0,0.40761792
2016-09-16 00:00,0,0.40773585
2016-09-17 00:00,0,0.407853779
2016-09-18 00:00,0,0.407971709
2016-09-19 00:00,0,0.408089638
2016-09-20 00:00,0,0.408207568
2016-09-21 00:00,0,0.408325497
2016-09-22 00:00,0,0.408443427
2016-09-23 00:00,0,0.408561356
2016-09-24 00:00,0,0.408679286
2016-09-25 00:00,0,0.408797215
2016-09-26 00:00,0,0.408915145
2016-09-27 00:00,0,0.409033074
2016-09-28 00:00,0,0.409151004
2016-09-29 00:00,0,0.409268933
2016-09-30 00:00,0,0.409386863
2016-10-01 00:00,0,0.409504792
2016-10-02 00:00,0,0.409622722
2016-10-03 00:00,0,0.409740651
2016-10-04 00:00,0,0.409858581
2016-10-05 00:00,0,0.40997651
2016-10-06 00:00,0,0.41009444
2016-10-07 00:00,0,0.410212369
2016-10-08 00:00,0,0.410330299
2016-10-09 00:00,0,0.410448228
2016-10-10 00:00,0,0.410566158
2016-10-11 00:00,0,0.410684087
2016-10-12 00:00,0,0.410802017
2016-10-13 00:00,0,0.410919946
2016-10-14 00:00,0,0.411037876
2016-10-15 00:00,0,0.411155805
2016-10-16 00:00,0,0.411273735
2016-10-17 00:00,0,0.411391664
2016-10-18 00:00,0,0.411509594
2016-10-19 00:00,0,0.411627523
2016-10-20 00:00,0,0.411745453
2016-10-21 00:00,0,0.411863382
2016-10-22 00:00,0,0.411981312
2016-10-23 00:00,0,0.412099241
2016-10-24 00:00,0,0.412217171
2016-10-25 00:00,0,0.4123351
2016-10-26 00:00,0,0.41245303
2016-10-27 00:00,0,0.412570959
2016-10-28 00:00,0,0.412688889
2016-10-29 00:00,0,0.412806818
2016-10-30 00:00,0,0.412924748
2016-10-31 00:00,0,0.413042677
2016-11-01 00:00,0,0.413160607
2016-11-02 00:00,0,0.413278536
2016-11-03 00:00,0,0.413396466
2016-11-04 00:00,0,0.413514395
2016-11-05 00:00,0,0.413632325
2016-11-06 00:00,0,0.413750254
2016-11-07 00:00,0,0.413868184
2016-11-08 00:00,0,0.413986113
2016-11-09 00:00,0,0.414104043
2016-11-10 00:00,0,0.414221972
2016-11-11 00:00,0,0.414339901
2016-11-12 00:00,0,0.414457831
2016-11-13 00:00,0,0.41457576
2016-11-14 00:00,0,0.41469369
2016-11-15 00:00,0,0.414811619
2016-11-16 00:00,0,0.414929549
2016-11-17 00:00,0,0.415047478
2016-11-18 00:00,0,0.415165408
2016-11-19 00:00,0,0.415283337
2016-11-20 00:00,0,0.415401267
2016-11-21 00:00,0,0.415519196
2016-11-22 00:00,0,0.415637126
2016-11-23 00:00,0,0.415755055
2016-11-24 00:00,0,0.415872985
2016-11-25 00:00,0,0.415990914
2016-11-26 00:00,0,0.416108844
2016-11-27 00:00,0,0.416226773
2016-11-28 00:00,0,0.416344703
2016-11-29 00:00,0,0.416462632
2016-11-30 00:00,0,0.416580562
2016-12-01 00:00,0,0.443010978
2016-12-02 00:00,0,0.469441395
2016-12-03 00:00,0,0.495871811
2016-12-04 00:00,0,0.522302228
2016-12-05 00:00,0,0.548732644
2016-12-06 00:00,0,0.575163061
2016-12-07 00:00,0,0.601593478
2016-12-08 00:00,0,0.628023894
2016-12-09 00:00,0,0.654454311
2016-12-10 00:00,0,0.680884727
2016-12-11 00:00,0,0.707315144
2016-12-12 00:00,0,0.73374556
2016-12-13 00:00,0,0.760175977
2016-12-14 00:00,0,0.786606393
2016-12-15 00:00,0,0.81303681
2016-12-16 00:00,0,0.839467226
2016-12-17 00:00,0,0.865897643
2016-12-18 00:00,0,0.892328059
2016-12-19 00:00,0,0.918758476
2016-12-20 00:00,0,0.945188892
2016-12-21 00:00,0,0.971619309
2016-12-22 00:00,0,0.998049726
2016-12-23 00:00,0,1.024480142
2016-12-24 00:00,0,1.050910559
2016-12-25 00:00,0,1.077340975
2016-12-26 00:00,0,1.103771392
2016-12-27 00:00,0,1.130201808
2016-12-28 00:00,0,1.156632225
2016-12-29 00:00,0,1.183062641
2016-12-30 00:00,0,1.209493058
2016-12-31 00:00,0,1.235923474
2017-01-01 00:00,0,0.547667097
2017-01-02 00:00,0,0.547870372
2017-01-03 00:00,0,0.548073647
2017-01-04 00:00,0,0.548276923
2017-01-05 00:00,0,0.548480198
2017-01-06 00:00,0,0.548683473
2017-01-07 00:00,0,0.548886748
2017-01-08 00:00,0,0.549090023
2017-01-09 00:00,0,0.549293298
2017-01-10 00:00,0,0.549496573
2017-01-11 00:00,0,0.549699848
2017-01-12 00:00,0,0.549903124
2017-01-13 00:00,0,0.550106399
2017-01-14 00:00,0,0.550309674
2017-01-15 00:00,0,0.550512949
2017-01-16 00:00,0,0.550716224
2017-01-17 00:00,0,0.550919499
2017-01-18 00:00,0,0.551122774
2017-01-19 00:00,0,0.551326049
2017-01-20 00:00,0,0.551529325
2017-01-21 00:00,0,0.5517326
2017-01-22 00:00,0,0.551935875
2017-01-23 00:00,0,0.55213915
2017-01-24 00:00,0,0.552342425
2017-01-25 00:00,0,0.5525457
2017-01-26 00:00,0,0.552748975
2017-01-27 00:00,0,0.55295225
2017-01-28 00:00,0,0.553155526
2017-01-29 00:00,0,0.553358801
2017-01-30 00:00,0,0.553562076
2017-01-31 00:00,0,0.553765351
2017-02-01 00:00,0,0.553968626
2017-02-02 00:00,0,0.554171901
2017-02-03 00:00,0,0.554375176
2017-02-04 00:00,0,0.554578451
2017-02-05 00:00,0,0.554781727
2017-02-06 00:00,0,0.554985002
2017-02-07 00:00,0,0.555188277
2017-02-08 00:00,0,0.555391552
2017-02-09 00:00,0,0.555594827
2017-02-10 00:00,0,0.555798102
2017-02-11 00:00,0,0.556001377
2017-02-12 00:00,0,0.556204652
2017-02-13 00:00,0,0.556407928
2017-02-14 00:00,0,0.556611203
2017-02-15 00:00,0,0.556814478
2017-02-16 00:00,0,0.557017753
2017-02-17 00:00,0,0.557221028
2017-02-18 00:00,0,0.557424303
2017-02-19 00:00,0,0.557627578
2017-02-20 00:00,0,0.557830853
2017-02-21 00:00,0,0.558034129
2017-02-22 00:00,0,0.558237404
2017-02-23 00:00,0,0.558440679
2017-02-24 00:00,0,0.558643954
2017-02-25 00:00,0,0.558847229
2017-02-26 00:00,0,0.559050504
2017-02-27 00:00,0,0.559253779
2017-02-28 00:00,0,0.559457054
2017-03-01 00:00,0,0.55966033
2017-03-02 00:00,0,0.559863605
2017-03-03 00:00,0,0.56006688
2017-03-04 00:00,0,0.560270155
2017-03-05 00:00,0,0.56047343
2017-03-06 00:00,0,0.560676705
2017-03-07 00:00,0,0.56087998
2017-03-08 00:00,0,0.561083255
2017-03-09 00:00,0,0.561286531
2017-03-10 00:00,0,0.561489806
2017-03-11 00:00,0,0.561693081
2017-03-12 00:00,0,0.561896356
2017-03-13 00:00,0,0.562099631
2017-03-14 00:00,0,0.562302906
2017-03-15 00:00,0,0.562506181
2017-03-16 00:00,0,0.562709457
2017-03-17 00:00,0,0.562912732
2017-03-18 00:00,0,0.563116007
2017-03-19 00:00,0,0.563319282
2017-03-20 00:00,0,0.563522557
2017-03-21 00:00,0,0.563725832
2017-03-22 00:00,0,0.563929107
2017-03-23 00:00,0,0.564132382
2017-03-24 00:00,0,0.564335658
2017-03-25 00:00,0,0.564538933
2017-03-26 00:00,0,0.564742208
2017-03-27 00:00,0,0.564945483
2017-03-28 00:00,0,0.565148758
2017-03-29 00:00,0,0.565352033
2017-03-30 00:00,0,0.565555308
2017-03-31 00:00,0,0.565758583
2017-04-01 00:00,0,0.565961859
2017-04-02 00:00,0,0.566165134
2017-04-03 00:00,0,0.566368409
2017-04-04 00:00,0,0.566571684
2017-04-05 00:00,0,0.566774959
2017-04-06 00:00,0,0.566978234
2017-04-07 00:00,0,0.567181509
2017-04-08 00:00,0,0.567384784
2017-04-09 00:00,0,0.56758806
2017-04-10 00:00,0,0.567791335
2017-04-11 00:00,0,0.56799461
2017-04-12 00:00,0,0.568197885
2017-04-13 00:00,0,0.56840116
2017-04-14 00:00,0,0.568604435
2017-04-15 00:00,0,0.56880771
2017-04-16 00:00,0,0.569010985
2017-04-17 00:00,0,0.569214261
2017-04-18 00:00,0,0.569417536
2017-04-19 00:00,0,0.569620811
2017-04-20 00:00,0,0.569824086
2017-04-21 00:00,0,0.570027361
2017-04-22 00:00,0,0.570230636
2017-04-23 00:00,0,0.570433911
2017-04-24 00:00,0,0.570637186
2017-04-25 00:00,0,0.570840462
2017-04-26 00:00,0,0.571043737
2017-04-27 00:00,0,0.571247012
2017-04-28 00:00,0,0.571450287
2017-04-29 00:00,0,0.571653562
2017-04-30 00:00,0,0.571856837
2017-05-01 00:00,0,0.572060112
2017-05-02 00:00,0,0.572263387
2017-05-03 00:00,0,0.572466663
2017-05-04 00:00,0,0.572669938
2017-05-05 00:00,0,0.572873213
2017-05-06 00:00,0,0.573076488
2017-05-07 00:00,0,0.573279763
2017-05-08 00:00,0,0.573483038
2017-05-09 00:00,0,0.573686313
2017-05-10 00:00,0,0.573889588
2017-05-11 00:00,0,0.574092864
2017-05-12 00:00,0,0.574296139
2017-05-13 00:00,0,0.574499414
2017-05-14 00:00,0,0.574702689
2017-05-15 00:00,0,0.574905964
2017-05-16 00:00,0,0.575109239
2017-05-17 00:00,0,0.575312514
2017-05-18 00:00,0,0.574785625
2017-05-19 00:00,0,0.574258736
2017-05-20 00:00,0,0.573731847
2017-05-21 00:00,0,0.573204958
2017-05-22 00:00,0,0.572678069
2017-05-23 00:00,0,0.572151179
2017-05-24 00:00,0,0.57162429
2017-05-25 00:00,0,0.571097401
2017-05-26 00:00,0,0.570570512
2017-05-27 00:00,0,0.570043623
2017-05-28 00:00,0,0.569516734
2017-05-29 00:00,0,0.568989844
2017-05-30 00:00,0,0.568462955
2017-05-31 00:00,0,0.567936066
2017-06-01 00:00,0,0.567409177
2017-06-02 00:00,0,0.566882288
2017-06-03 00:00,0,0.566355399
2017-06-04 00:00,0,0.56582851
2017-06-05 00:00,0,0.56530162
2017-06-06 00:00,0,0.564774731
2017-06-07 00:00,0,0.564247842
2017-06-08 00:00,0,0.563720953
2017-06-09 00:00,0,0.563194064
2017-06-10 00:00,0,0.562667175
2017-06-11 00:00,0,0.562140286
2017-06-12 00:00,0,0.561613396
2017-06-13 00:00,0,0.561086507
2017-06-14 00:00,0,0.560559618
2017-06-15 00:00,0,0.560032729
2017-06-16 00:00,0,0.55950584
2017-06-17 00:00,0,0.558978951
2017-06-18 00:00,0,0.558452061
2017-06-19 00:00,0,0.557925172
2017-06-20 00:00,0,0.557398283
2017-06-21 00:00,0,0.556871394
2017-06-22 00:00,0,0.556344505
2017-06-23 00:00,0,0.555817616
2017-06-24 00:00,0,0.555290727
2017-06-25 00:00,0,0.554763837
2017-06-26 00:00,0,0.554236948
2017-06-27 00:00,0,0.553710059
2017-06-28 00:00,0,0.55318317
2017-06-29 00:00,0,0.552656281
2017-06-30 00:00,0,0.552129392
2017-07-01 00:00,0,0.551602503
2017-07-02 00:00,0,0.551075613
2017-07-03 00:00,0,0.550548724
2017-07-04 00:00,0,0.550021835
2017-07-05 00:00,0,0.549494946
2017-07-06 00:00,0,0.548968057
2017-07-07 00:00,0,0.548441168
2017-07-08 00:00,0,0.547914278
2017-07-09 00:00,0,0.547387389
2017-07-10 00:00,0,0.5468605
2017-07-11 00:00,0,0.546333611
2017-07-12 00:00,0,0.545806722
2017-07-13 00:00,0,0.545279833
2017-07-14 00:00,0,0.544752944
2017-07-15 00:00,0,0.544226054
2017-07-16 00:00,0,0.543699165
2017-07-17 00:00,0,0.543172276
2017-07-18 00:00,0,0.542645387
2017-07-19 00:00,0,0.542118498
2017-07-20 00:00,0,0.541591609
2017-07-21 00:00,0,0.541064719
2017-07-22 00:00,0,0.54053783
2017-07-23 00:00,0,0.540010941
2017-07-24 00:00,0,0.539484052
2017-07-25 00:00,0,0.538957163
2017-07-26 00:00,0,0.538430274
2017-07-27 00:00,0,0.537903385
2017-07-28 00:00,0,0.537376495
2017-07-29 00:00,0,0.536849606
2017-07-30 00:00,0,0.536322717
2017-07-31 00:00,0,0.535795828
2017-08-01 00:00,0,0.535268939
2017-08-02 00:00,0,0.53474205
2017-08-03 00:00,0,0.534215161
2017-08-04 00:00,0,0.533688271
2017-08-05 00:00,0,0.533161382
2017-08-06 00:00,0,0.532634493
2017-08-07 00:00,0,0.532107604
2017-08-08 00:00,0,0.531580715
2017-08-09 00:00,0,0.531053826
2017-08-10 00:00,0,0.530526936
2017-08-11 00:00,0,0.530000047
2017-08-12 00:00,0,0.529473158
2017-08-13 00:00,0,0.528946269
2017-08-14 00:00,0,0.52841938
2017-08-15 00:00,0,0.527892491
2017-08-16 00:00,0,0.527365602
2017-08-17 00:00,0,0.526838712
2017-08-18 00:00,0,0.526311823
2017-08-19 00:00,0,0.525784934
2017-08-20 00:00,0,0.525258045
2017-08-21 00:00,0,0.524731156
2017-08-22 00:00,0,0.524204267
2017-08-23 00:00,0,0.523677377
2017-08-24 00:00,0,0.523150488
2017-08-25 00:00,0,0.522623599
2017-08-26 00:00,0,0.52209671
2017-08-27 00:00,0,0.521569821
2017-08-28 00:00,0,0.521042932
2017-08-29 00:00,0,0.520516043
2017-08-30 00:00,0,0.519989153
2017-08-31 00:00,0,0.519462264
2017-09-01 00:00,0,0.518935375
2017-09-02 00:00,0,0.520009996
2017-09-03 00:00,0,0.521084617
2017-09-04 00:00,0,0.522159237
2017-09-05 00:00,0,0.523233858
2017-09-06 00:00,0,0.524308479
2017-09-07 00:00,0,0.5253831
2017-09-08 00:00,0,0.52645772
2017-09-09 00:00,0,0.527532341
2017-09-10 00:00,0,0.528606962
2017-09-11 00:00,0,0.529681583
2017-09-12 00:00,0,0.530756203
2017-09-13 00:00,0,0.531830824
2017-09-14 00:00,0,0.532905445
2017-09-15 00:00,0,0.533980066
2017-09-16 00:00,0,0.535054686
2017-09-17 00:00,0,0.536129307
2017-09-18 00:00,0,0.537203928
2017-09-19 00:00,0,0.538278549
2017-09-20 00:00,0,0.539353169
2017-09-21 00:00,0,0.54042779
2017-09-22 00:00,0,0.541502411
2017-09-23 00:00,0,0.542577032
2017-09-24 00:00,0,0.543651653
2017-09-25 00:00,0,0.544726273
2017-09-26 00:00,0,0.545800894
2017-09-27 00:00,0,0.546875515
2017-09-28 00:00,0,0.547950136
2017-09-29 00:00,0,0.549024756
2017-09-30 00:00,0,0.550099377
2017-10-01 00:00,0,0.551173998
2017-10-02 00:00,0,0.552248619
2017-10-03 00:00,0,0.553323239
2017-10-04 00:00,0,0.55439786
2017-10-05 00:00,0,0.555472481
2017-10-06 00:00,0,0.556547102
2017-10-07 00:00,0,0.557621722
2017-10-08 00:00,0,0.558696343
2017-10-09 00:00,0,0.559770964
2017-10-10 00:00,0,0.560845585
2017-10-11 00:00,0,0.561920205
2017-10-12 00:00,0,0.562994826
2017-10-13 00:00,0,0.564069447
2017-10-14 00:00,0,0.565144068
2017-10-15 00:00,0,0.566218688
2017-10-16 00:00,0,0.567293309
2017-10-17 00:00,0,0.56836793
2017-10-18 00:00,0,0.569442551
2017-10-19 00:00,0,0.570517171
2017-10-20 00:00,0,0.571591792
2017-10-21 00:00,0,0.572666413
2017-10-22 00:00,0,0.573741034
2017-10-23 00:00,0,0.574815654
2017-10-24 00:00,0,0.575890275
2017-10-25 00:00,0,0.576964896
2017-10-26 00:00,0,0.578039517
2017-10-27 00:00,0,0.579114137
2017-10-28 00:00,0,0.580188758
2017-10-29 00:00,0,0.581263379
2017-10-30 00:00,0,0.582338
2017-10-31 00:00,0,0.58341262
2017-11-01 00:00,0,0.584487241
2017-11-02 00:00,0,0.585561862
2017-11-03 00:00,0,0.586636483
2017-11-04 00:00,0,0.587711103
2017-11-05 00:00,0,0.588785724
2017-11-06 00:00,0,0.589860345
2017-11-07 00:00,0,0.590934966
2017-11-08 00:00,0,0.592009586
2017-11-09 00:00,0,0.593084207
2017-11-10 00:00,0,0.594158828
2017-11-11 00:00,0,0.595233449
2017-11-12 00:00,0,0.59630807
2017-11-13 00:00,0,0.59738269
2017-11-14 00:00,0,0.598457311
2017-11-15 00:00,0,0.599531932
2017-11-16 00:00,0,0.600606553
2017-11-17 00:00,0,0.601681173
2017-11-18 00:00,0,0.602755794
2017-11-19 00:00,0,0.603830415
2017-11-20 00:00,0,0.604905036
2017-11-21 00:00,0,0.605979656
2017-11-22 00:00,0,0.607054277
2017-11-23 00:00,0,0.608128898
2017-11-24 00:00,0,0.609203519
2017-11-25 00:00,0,0.610278139
2017-11-26 00:00,0,0.61135276
2017-11-27 00:00,0,0.612427381
2017-11-28 00:00,0,0.613502002
2017-11-29 00:00,0,0.614576622
2017-11-30 00:00,0,0.615651243
2017-12-01 00:00,0,0.616725864
2017-12-02 00:00,0,0.614498168
2017-12-03 00:00,0,0.612270472
2017-12-04 00:00,0,0.610042776
2017-12-05 00:00,0,0.60781508
2017-12-06 00:00,0,0.605587384
2017-12-07 00:00,0,0.603359688
2017-12-08 00:00,0,0.601131993
2017-12-09 00:00,0,0.598904297
2017-12-10 00:00,0,0.596676601
2017-12-11 00:00,0,0.594448905
2017-12-12 00:00,0,0.592221209
2017-12-13 00:00,0,0.589993513
2017-12-14 00:00,0,0.587765817
2017-12-15 00:00,0,0.585538121
2017-12-16 00:00,0,0.583310425
2017-12-17 00:00,0,0.581082729
2017-12-18 00:00,0,0.578855034
2017-12-19 00:00,0,0.576627338
2017-12-20 00:00,0,0.574399642
2017-12-21 00:00,0,0.572171946
2017-12-22 00:00,0,0.56994425
2017-12-23 00:00,0,0.567716554
2017-12-24 00:00,0,0.565488858
2017-12-25 00:00,0,0.563261162
2017-12-26 00:00,0,0.561033466
2017-12-27 00:00,0,0.55880577
2017-12-28 00:00,0,0.556578075
2017-12-29 00:00,0,0.554350379
2017-12-30 00:00,0,0.552122683
2017-12-31 00:00,0,0.549894987
2018-01-01 00:00,0,0.584436551
2018-01-02 00:00,0,0.583985451
2018-01-03 00:00,0,0.58353435
2018-01-04 00:00,0,0.583083249
2018-01-05 00:00,0,0.582632149
2018-01-06 00:00,0,0.582181048
2018-01-07 00:00,0,0.581729947
2018-01-08 00:00,0,0.581278847
2018-01-09 00:00,0,0.580827746
2018-01-10 00:00,0,0.580376645
2018-01-11 00:00,0,0.579925545
2018-01-12 00:00,0,0.579474444
2018-01-13 00:00,0,0.579023343
2018-01-14 00:00,0,0.578572242
2018-01-15 00:00,0,0.578121142
2018-01-16 00:00,0,0.577670041
2018-01-17 00:00,0,0.57721894
2018-01-18 00:00,0,0.57676784
2018-01-19 00:00,0,0.576316739
2018-01-20 00:00,0,0.575865638
2018-01-21 00:00,0,0.575414538
2018-01-22 00:00,0,0.574963437
2018-01-23 00:00,0,0.574512336
2018-01-24 00:00,0,0.574061236
2018-01-25 00:00,0,0.573610135
2018-01-26 00:00,0,0.573159034
2018-01-27 00:00,0,0.572707934
2018-01-28 00:00,0,0.572256833
2018-01-29 00:00,0,0.571805732
2018-01-30 00:00,0,0.571354632
2018-01-31 00:00,0,0.570903531
2018-02-01 00:00,0,0.57045243
2018-02-02 00:00,0,0.570001329
2018-02-03 00:00,0,0.569550229
2018-02-04 00:00,0,0.569099128
2018-02-05 00:00,0,0.568648027
2018-02-06 00:00,0,0.568196927
2018-02-07 00:00,0,0.567745826
2018-02-08 00:00,0,0.567294725
2018-02-09 00:00,0,0.566843625
2018-02-10 00:00,0,0.566392524
2018-02-11 00:00,0,0.565941423
2018-02-12 00:00,0,0.565490323
2018-02-13 00:00,0,0.565039222
2018-02-14 00:00,0,0.564588121
2018-02-15 00:00,0,0.564137021
2018-02-16 00:00,0,0.56368592
2018-02-17 00:00,0,0.563234819
2018-02-18 00:00,0,0.562783719
2018-02-19 00:00,0,0.562332618
2018-02-20 00:00,0,0.561881517
2018-02-21 00:00,0,0.561430416
2018-02-22 00:00,0,0.560979316
2018-02-23 00:00,0,0.560528215
2018-02-24 00:00,0,0.560077114
2018-02-25 00:00,0,0.559626014
2018-02-26 00:00,0,0.559174913
2018-02-27 00:00,0,0.558723812
2018-02-28 00:00,0,0.558272712
2018-03-01 00:00,0,0.557821611
2018-03-02 00:00,0,0.55737051
2018-03-03 00:00,0,0.55691941
2018-03-04 00:00,0,0.556468309
2018-03-05 00:00,0,0.556017208
2018-03-06 00:00,0,0.555566108
2018-03-07 00:00,0,0.555115007
2018-03-08 00:00,0,0.554663906
2018-03-09 00:00,0,0.554212805
2018-03-10 00:00,0,0.553761705
2018-03-11 00:00,0,0.553310604
2018-03-12 00:00,0,0.552859503
2018-03-13 00:00,0,0.552408403
2018-03-14 00:00,0,0.551957302
2018-03-15 00:00,0,0.551506201
2018-03-16 00:00,0,0.551055101
2018-03-17 00:00,0,0.550604
2018-03-18 00:00,0,0.550152899
2018-03-19 00:00,0,0.549701799
2018-03-20 00:00,0,0.549250698
2018-03-21 00:00,0,0.548799597
2018-03-22 00:00,0,0.548348497
2018-03-23 00:00,0,0.547897396
2018-03-24 00:00,0,0.547446295
2018-03-25 00:00,0,0.546995195
2018-03-26 00:00,0,0.546544094
2018-03-27 00:00,0,0.546092993
2018-03-28 00:00,0,0.545641892
2018-03-29 00:00,0,0.545190792
2018-03-30 00:00,0,0.544739691
2018-03-31 00:00,0,0.54428859
2018-04-01 00:00,0,0.54383749
2018-04-02 00:00,0,0.543386389
2018-04-03 00:00,0,0.542935288
2018-04-04 00:00,0,0.542484188
2018-04-05 00:00,0,0.542033087
2018-04-06 00:00,0,0.541581986
2018-04-07 00:00,0,0.541130886
2018-04-08 00:00,0,0.540679785
2018-04-09 00:00,0,0.540228684
2018-04-10 00:00,0,0.539777584
2018-04-11 00:00,0,0.539326483
2018-04-12 00:00,0,0.538875382
2018-04-13 00:00,0,0.538424282
2018-04-14 00:00,0,0.537973181
2018-04-15 00:00,0,0.53752208
2018-04-16 00:00,0,0.537070979
2018-04-17 00:00,0,0.536619879
2018-04-18 00:00,0,0.536168778
2018-04-19 00:00,0,0.535717677
2018-04-20 00:00,0,0.535266577
2018-04-21 00:00,0,0.534815476
2018-04-22 00:00,0,0.534364375
2018-04-23 00:00,0,0.533913275
2018-04-24 00:00,0,0.533462174
2018-04-25 00:00,0,0.533011073
2018-04-26 00:00,0,0.532559973
2018-04-27 00:00,0,0.532108872
2018-04-28 00:00,0,0.531657771
2018-04-29 00:00,0,0.531206671
2018-04-30 00:00,0,0.53075557
2018-05-01 00:00,0,0.530304469
2018-05-02 00:00,0,0.529853369
2018-05-03 00:00,0,0.529402268
2018-05-04 00:00,0,0.528951167
2018-05-05 00:00,0,0.528500066
2018-05-06 00:00,0,0.528048966
2018-05-07 00:00,0,0.527597865
2018-05-08 00:00,0,0.527146764
2018-05-09 00:00,0,0.526695664
2018-05-10 00:00,0,0.526244563
2018-05-11 00:00,0,0.525793462
2018-05-12 00:00,0,0.525342362
2018-05-13 00:00,0,0.524891261
2018-05-14 00:00,0,0.52444016
2018-05-15 00:00,0,0.52398906
2018-05-16 00:00,0,0.523537959
2018-05-17 00:00,0,0.523086858
2018-05-18 00:00,0,0.526966749
2018-05-19 00:00,0,0.53084664
2018-05-20 00:00,0,0.53472653
2018-05-21 00:00,0,0.538606421
2018-05-22 00:00,0,0.542486312
2018-05-23 00:00,0,0.546366202
2018-05-24 00:00,0,0.550246093
2018-05-25 00:00,0,0.554125983
2018-05-26 00:00,0,0.558005874
2018-05-27 00:00,0,0.561885765
2018-05-28 00:00,0,0.565765655
2018-05-29 00:00,0,0.569645546
2018-05-30 00:00,0,0.573525437
2018-05-31 00:00,0,0.577405327
2018-06-01 00:00,0,0.581285218
2018-06-02 00:00,0,0.585165109
2018-06-03 00:00,0,0.589044999
2018-06-04 00:00,0,0.59292489
2018-06-05 00:00,0,0.596804781
2018-06-06 00:00,0,0.600684671
2018-06-07 00:00,0,0.604564562
2018-06-08 00:00,0,0.608444453
2018-06-09 00:00,0,0.612324343
2018-06-10 00:00,0,0.616204234
2018-06-11 00:00,0,0.620084125
2018-06-12 00:00,0,0.623964015
2018-06-13 00:00,0,0.627843906
2018-06-14 00:00,0,0.631723797
2018-06-15 00:00,0,0.635603687
2018-06-16 00:00,0,0.639483578
2018-06-17 00:00,0,0.643363469
2018-06-18 00:00,0,0.647243359
2018-06-19 00:00,0,0.65112325
2018-06-20 00:00,0,0.655003141
2018-06-21 00:00,0,0.658883031
2018-06-22 00:00,0,0.662762922
2018-06-23 00:00,0,0.666642812
2018-06-24 00:00,0,0.670522703
2018-06-25 00:00,0,0.674402594
2018-06-26 00:00,0,0.678282484
2018-06-27 00:00,0,0.682162375
2018-06-28 00:00,0,0.686042266
2018-06-29 00:00,0,0.689922156
2018-06-30 00:00,0,0.693802047
2018-07-01 00:00,0,0.697681938
2018-07-02 00:00,0,0.701561828
2018-07-03 00:00,0,0.705441719
2018-07-04 00:00,0,0.70932161
2018-07-05 00:00,0,0.7132015
2018-07-06 00:00,0,0.717081391
2018-07-07 00:00,0,0.720961282
2018-07-08 00:00,0,0.724841172
2018-07-09 00:00,0,0.728721063
2018-07-10 00:00,0,0.732600954
2018-07-11 00:00,0,0.736480844
2018-07-12 00:00,0,0.740360735
2018-07-13 00:00,0,0.744240626
2018-07-14 00:00,0,0.748120516
2018-07-15 00:00,0,0.752000407
2018-07-16 00:00,0,0.755880298
2018-07-17 00:00,0,0.759760188
2018-07-18 00:00,0,0.763640079
2018-07-19 00:00,0,0.767519969
2018-07-20 00:00,0,0.77139986
2018-07-21 00:00,0,0.775279751
2018-07-22 00:00,0,0.779159641
2018-07-23 00:00,0,0.783039532
2018-07-24 00:00,0,0.786919423
2018-07-25 00:00,0,0.790799313
2018-07-26 00:00,0,0.794679204
2018-07-27 00:00,0,0.798559095
2018-07-28 00:00,0,0.802438985
2018-07-29 00:00,0,0.806318876
2018-07-30 00:00,0,0.810198767
2018-07-31 00:00,0,0.814078657
2018-08-01 00:00,0,0.817958548
2018-08-02 00:00,0,0.821838439
2018-08-03 00:00,0,0.825718329
2018-08-04 00:00,0,0.82959822
2018-08-05 00:00,0,0.833478111
2018-08-06 00:00,0,0.837358001
2018-08-07 00:00,0,0.841237892
2018-08-08 00:00,0,0.845117783
2018-08-09 00:00,0,0.848997673
2018-08-10 00:00,0,0.852877564
2018-08-11 00:00,0,0.856757455
2018-08-12 00:00,0,0.860637345
2018-08-13 00:00,0,0.864517236
2018-08-14 00:00,0,0.868397127
2018-08-15 00:00,0,0.872277017
2018-08-16 00:00,0,0.876156908
2018-08-17 00:00,0,0.880036798
2018-08-18 00:00,0,0.883916689
2018-08-19 00:00,0,0.88779658
2018-08-20 00:00,0,0.89167647
2018-08-21 00:00,0,0.895556361
2018-08-22 00:00,0,0.899436252
2018-08-23 00:00,0,0.903316142
2018-08-24 00:00,0,0.907196033
2018-08-25 00:00,0,0.911075924
2018-08-26 00:00,0,0.914955814
2018-08-27 00:00,0,0.918835705
2018-08-28 00:00,0,0.922715596
2018-08-29 00:00,0,0.926595486
2018-08-30 00:00,0,0.930475377
2018-08-31 00:00,0,0.934355268
2018-09-01 00:00,0,0.938235158
2018-09-02 00:00,0,0.934382744
2018-09-03 00:00,0,0.93053033
2018-09-04 00:00,0,0.926677916
2018-09-05 00:00,0,0.922825502
2018-09-06 00:00,0,0.918973088
2018-09-07 00:00,0,0.915120674
2018-09-08 00:00,0,0.91126826
2018-09-09 00:00,0,0.907415846
2018-09-10 00:00,0,0.903563432
2018-09-11 00:00,0,0.899711018
2018-09-12 00:00,0,0.895858604
2018-09-13 00:00,0,0.89200619
2018-09-14 00:00,0,0.888153776
2018-09-15 00:00,0,0.884301362
2018-09-16 00:00,0,0.880448948
2018-09-17 00:00,0,0.876596534
2018-09-18 00:00,0,0.87274412
2018-09-19 00:00,0,0.868891706
2018-09-20 00:00,0,0.865039292
2018-09-21 00:00,0,0.861186878
2018-09-22 00:00,0,0.857334464
2018-09-23 00:00,0,0.85348205
2018-09-24 00:00,0,0.849629636
2018-09-25 00:00,0,0.845777222
2018-09-26 00:00,0,0.841924808
2018-09-27 00:00,0,0.838072394
2018-09-28 00:00,0,0.83421998
2018-09-29 00:00,0,0.830367566
2018-09-30 00:00,0,0.826515152
2018-10-01 00:00,0,0.822662738
2018-10-02 00:00,0,0.818810324
2018-10-03 00:00,0,0.81495791
2018-10-04 00:00,0,0.811105496
2018-10-05 00:00,0,0.807253082
2018-10-06 00:00,0,0.803400668
2018-10-07 00:00,0,0.799548254
2018-10-08 00:00,0,0.79569584
2018-10-09 00:00,0,0.791843426
2018-10-10 00:00,0,0.787991012
2018-10-11 00:00,0,0.784138598
2018-10-12 00:00,0,0.780286184
2018-10-13 00:00,0,0.77643377
2018-10-14 00:00,0,0.772581356
2018-10-15 00:00,0,0.768728942
2018-10-16 00:00,0,0.764876528
2018-10-17 00:00,0,0.761024114
2018-10-18 00:00,0,0.7571717
2018-10-19 00:00,0,0.753319286
2018-10-20 00:00,0,0.749466872
2018-10-21 00:00,0,0.745614457
2018-10-22 00:00,0,0.741762043
2018-10-23 00:00,0,0.737909629
2018-10-24 00:00,0,0.734057215
2018-10-25 00:00,0,0.730204801
2018-10-26 00:00,0,0.726352387
2018-10-27 00:00,0,0.722499973
2018-10-28 00:00,0,0.718647559
2018-10-29 00:00,0,0.714795145
2018-10-30 00:00,0,0.710942731
2018-10-31 00:00,0,0.707090317
2018-11-01 00:00,0,0.703237903
2018-11-02 00:00,0,0.699385489
2018-11-03 00:00,0,0.695533075
2018-11-04 00:00,0,0.691680661
2018-11-05 00:00,0,0.687828247
2018-11-06 00:00,0,0.683975833
2018-11-07 00:00,0,0.680123419
2018-11-08 00:00,0,0.676271005
2018-11-09 00:00,0,0.672418591
2018-11-10 00:00,0,0.668566177
2018-11-11 00:00,0,0.664713763
2018-11-12 00:00,0,0.660861349
2018-11-13 00:00,0,0.657008935
2018-11-14 00:00,0,0.653156521
2018-11-15 00:00,0,0.649304107
2018-11-16 00:00,0,0.645451693
2018-11-17 00:00,0,0.641599279
2018-11-18 00:00,0,0.637746865
2018-11-19 00:00,0,0.633894451
2018-11-20 00:00,0,0.630042037
2018-11-21 00:00,0,0.626189623
2018-11-22 00:00,0,0.622337209
2018-11-23 00:00,0,0.618484795
2018-11-24 00:00,0,0.614632381
2018-11-25 00:00,0,0.610779967
2018-11-26 00:00,0,0.606927553
2018-11-27 00:00,0,0.603075139
2018-11-28 00:00,0,0.599222725
2018-11-29 00:00,0,0.595370311
2018-11-30 00:00,0,0.591517897
2018-12-01 00:00,0,0.587665483
2018-12-02 00:00,0,0.587561282
2018-12-03 00:00,0,0.587457081
2018-12-04 00:00,0,0.587352881
2018-12-05 00:00,0,0.58724868
2018-12-06 00:00,0,0.587144479
2018-12-07 00:00,0,0.587040278
2018-12-08 00:00,0,0.586936078
2018-12-09 00:00,0,0.586831877
2018-12-10 00:00,0,0.586727676
2018-12-11 00:00,0,0.586623475
2018-12-12 00:00,0,0.586519275
2018-12-13 00:00,0,0.586415074
2018-12-14 00:00,0,0.586310873
2018-12-15 00:00,0,0.586206673
2018-12-16 00:00,0,0.586102472
2018-12-17 00:00,0,0.585998271
2018-12-18 00:00,0,0.58589407
2018-12-19 00:00,0,0.58578987
2018-12-20 00:00,0,0.585685669
2018-12-21 00:00,0,0.585581468
2018-12-22 00:00,0,0.585477267
2018-12-23 00:00,0,0.585373067
2018-12-24 00:00,0,0.585268866
2018-12-25 00:00,0,0.585164665
2018-12-26 00:00,0,0.585060464
2018-12-27 00:00,0,0.584956264
2018-12-28 00:00,0,0.584852063
2018-12-29 00:00,0,0.584747862
2018-12-30 00:00,0,0.584643661
2018-12-31 00:00,0,0.584539461
