Date,flow
2016-01-01 00:00,12.933
2016-01-02 00:00,12.74
2016-01-03 00:00,12.725
2016-01-04 00:00,12.951
2016-01-05 00:00,13.568
2016-01-06 00:00,13.835
2016-01-07 00:00,14.196
2016-01-08 00:00,13.98
2016-01-09 00:00,13.806
2016-01-10 00:00,13.943
2016-01-11 00:00,13.837
2016-01-12 00:00,14.182
2016-01-13 00:00,13.902
2016-01-14 00:00,13.525
2016-01-15 00:00,13.066
2016-01-16 00:00,12.672
2016-01-17 00:00,12.305
2016-01-18 00:00,12.012
2016-01-19 00:00,11.688
2016-01-20 00:00,11.387
2016-01-21 00:00,11.131
2016-01-22 00:00,11.589
2016-01-23 00:00,11.489
2016-01-24 00:00,11.532
2016-01-25 00:00,11.382
2016-01-26 00:00,11.878
2016-01-27 00:00,12.411
2016-01-28 00:00,12.376
2016-01-29 00:00,12.89
2016-01-30 00:00,12.919
2016-01-31 00:00,12.742
2016-02-01 00:00,13.656
2016-02-02 00:00,13.929
2016-02-03 00:00,13.538
2016-02-04 00:00,13.217
2016-02-05 00:00,12.929
2016-02-06 00:00,12.671
2016-02-07 00:00,12.815
2016-02-08 00:00,12.918
2016-02-09 00:00,12.737
2016-02-10 00:00,12.412
2016-02-11 00:00,12.025
2016-02-12 00:00,11.754
2016-02-13 00:00,11.684
2016-02-14 00:00,11.444
2016-02-15 00:00,10.996
2016-02-16 00:00,10.923
2016-02-17 00:00,11.152
2016-02-18 00:00,7.821
2016-02-19 00:00,8.235
2016-02-20 00:00,8.225
2016-02-21 00:00,8.159
2016-02-22 00:00,8.058
2016-02-23 00:00,7.926
2016-02-24 00:00,7.765
2016-02-25 00:00,4.6
2016-02-26 00:00,4.404
2016-02-27 00:00,4.358
2016-02-28 00:00,4.312
2016-02-29 00:00,4.535
2016-03-01 00:00,4.669
2016-03-02 00:00,4.665
2016-03-03 00:00,4.633
2016-03-04 00:00,4.61
2016-03-05 00:00,4.555
2016-03-06 00:00,4.505
2016-03-07 00:00,4.455
2016-03-08 00:00,4.4
2016-03-09 00:00,4.372
2016-03-10 00:00,4.323
2016-03-11 00:00,4.281
2016-03-12 00:00,4.232
2016-03-13 00:00,4.19
2016-03-14 00:00,1.906
2016-03-15 00:00,1.803
2016-03-16 00:00,1.799
2016-03-17 00:00,1.909
2016-03-18 00:00,1.973
2016-03-19 00:00,2.031
2016-03-20 00:00,2.091
2016-03-21 00:00,1.596
2016-03-22 00:00,1.6
2016-03-23 00:00,1.606
2016-03-24 00:00,1.606
2016-03-25 00:00,1.598
2016-03-26 00:00,1.617
2016-03-27 00:00,1.626
2016-03-28 00:00,1.63
2016-03-29 00:00,1.625
2016-03-30 00:00,1.63
2016-03-31 00:00,1.628
2016-04-01 00:00,1.634
2016-04-02 00:00,1.654
2016-04-03 00:00,1.671
2016-04-04 00:00,1.7
2016-04-05 00:00,1.76
2016-04-06 00:00,2.32
2016-04-07 00:00,2.327
2016-04-08 00:00,2.343
2016-04-09 00:00,2.34
2016-04-10 00:00,2.327
2016-04-11 00:00,3.669
2016-04-12 00:00,3.675
2016-04-13 00:00,3.676
2016-04-14 00:00,3.609
2016-04-15 00:00,3.579
2016-04-16 00:00,3.555
2016-04-17 00:00,3.462
2016-04-18 00:00,2.189
2016-04-19 00:00,2.178
2016-04-20 00:00,2.189
2016-04-21 00:00,2.196
2016-04-22 00:00,2.185
2016-04-23 00:00,2.176
2016-04-24 00:00,2.158
2016-04-25 00:00,1.802
2016-04-26 00:00,1.781
2016-04-27 00:00,1.413
2016-04-28 00:00,1.377
2016-04-29 00:00,1.369
2016-04-30 00:00,1.376
2016-05-01 00:00,1.391
2016-05-02 00:00,1.404
2016-05-03 00:00,1.396
2016-05-04 00:00,1.398
2016-05-05 00:00,1.411
2016-05-06 00:00,1.412
2016-05-07 00:00,1.414
2016-05-08 00:00,1.415
2016-05-09 00:00,1.421
2016-05-10 00:00,1.429
2016-05-11 00:00,1.418
2016-05-12 00:00,1.413
2016-05-13 00:00,1.408
2016-05-14 00:00,1.406
2016-05-15 00:00,1.409
2016-05-16 00:00,1.405
2016-05-17 00:00,1.409
2016-05-18 00:00,2.014
2016-05-19 00:00,2.239
2016-05-20 00:00,2.237
2016-05-21 00:00,2.23
2016-05-22 00:00,1.383
2016-05-23 00:00,1.374
2016-05-24 00:00,1.369
2016-05-25 00:00,1.366
2016-05-26 00:00,1.362
2016-05-27 00:00,1.357
2016-05-28 00:00,1.353
2016-05-29 00:00,1.348
2016-05-30 00:00,1.342
2016-05-31 00:00,1.342
2016-06-01 00:00,1.34
2016-06-02 00:00,1.334
2016-06-03 00:00,1.337
2016-06-04 00:00,1.339
2016-06-05 00:00,1.333
2016-06-06 00:00,1.333
2016-06-07 00:00,1.347
2016-06-08 00:00,1.343
2016-06-09 00:00,1.343
2016-06-10 00:00,1.343
2016-06-11 00:00,1.335
2016-06-12 00:00,1.341
2016-06-13 00:00,1.18
2016-06-14 00:00,1.189
2016-06-15 00:00,1.221
2016-06-16 00:00,1.509
2016-06-17 00:00,1.484
2016-06-18 00:00,1.468
2016-06-19 00:00,1.477
2016-06-20 00:00,1.496
2016-06-21 00:00,1.501
2016-06-22 00:00,1.499
2016-06-23 00:00,1.523
2016-06-24 00:00,1.551
2016-06-25 00:00,1.567
2016-06-26 00:00,1.571
2016-06-27 00:00,2.308
2016-06-28 00:00,2.276
2016-06-29 00:00,2.26
2016-06-30 00:00,2.251
2016-07-01 00:00,1.565
2016-07-02 00:00,1.441
2016-07-03 00:00,1.435
2016-07-04 00:00,1.434
2016-07-05 00:00,1.435
2016-07-06 00:00,1.426
2016-07-07 00:00,1.431
2016-07-08 00:00,1.427
2016-07-09 00:00,1.429
2016-07-10 00:00,1.502
2016-07-11 00:00,2.513
2016-07-12 00:00,2.498
2016-07-13 00:00,2.498
2016-07-14 00:00,2.508
2016-07-15 00:00,2.528
2016-07-16 00:00,2.503
2016-07-17 00:00,2.483
2016-07-18 00:00,2.474
2016-07-19 00:00,2.462
2016-07-20 00:00,2.448
2016-07-21 00:00,2.396
2016-07-22 00:00,2.398
2016-07-23 00:00,2.391
2016-07-24 00:00,2.412
2016-07-25 00:00,3.405
2016-07-26 00:00,3.418
2016-07-27 00:00,3.388
2016-07-28 00:00,3.366
2016-07-29 00:00,2.525
2016-07-30 00:00,2.41
2016-07-31 00:00,2.409
2016-08-01 00:00,2.413
2016-08-02 00:00,2.415
2016-08-03 00:00,2.456
2016-08-04 00:00,2.462
2016-08-05 00:00,2.459
2016-08-06 00:00,2.466
2016-08-07 00:00,2.46
2016-08-08 00:00,2.451
2016-08-09 00:00,2.419
2016-08-10 00:00,2.422
2016-08-11 00:00,2.423
2016-08-12 00:00,2.403
2016-08-13 00:00,2.396
2016-08-14 00:00,2.379
2016-08-15 00:00,2.365
2016-08-16 00:00,2.357
2016-08-17 00:00,2.007
2016-08-18 00:00,1.986
2016-08-19 00:00,2.253
2016-08-20 00:00,2.24
2016-08-21 00:00,2.221
2016-08-22 00:00,2.197
2016-08-23 00:00,2.179
2016-08-24 00:00,2.171
2016-08-25 00:00,2.141
2016-08-26 00:00,1.525
2016-08-27 00:00,1.515
2016-08-28 00:00,1.498
2016-08-29 00:00,1.493
2016-08-30 00:00,1.484
2016-08-31 00:00,1.459
2016-09-01 00:00,1.457
2016-09-02 00:00,1.457
2016-09-03 00:00,1.46
2016-09-04 00:00,1.449
2016-09-05 00:00,1.44
2016-09-06 00:00,1.849
2016-09-07 00:00,1.203
2016-09-08 00:00,2.198
2016-09-09 00:00,2.26
2016-09-10 00:00,2.4
2016-09-11 00:00,2.39
2016-09-12 00:00,2.433
2016-09-13 00:00,4.54
2016-09-14 00:00,2.356
2016-09-15 00:00,2.099
2016-09-16 00:00,2.074
2016-09-17 00:00,2.057
2016-09-18 00:00,2.059
2016-09-19 00:00,2.617
2016-09-20 00:00,2.581
2016-09-21 00:00,2.568
2016-09-22 00:00,1.548
2016-09-23 00:00,1.355
2016-09-24 00:00,1.362
2016-09-25 00:00,1.345
2016-09-26 00:00,1.346
2016-09-27 00:00,1.378
2016-09-28 00:00,1.391
2016-09-29 00:00,1.693
2016-09-30 00:00,1.707
2016-10-01 00:00,1.704
2016-10-02 00:00,1.69
2016-10-03 00:00,1.716
2016-10-04 00:00,2.178
2016-10-05 00:00,2.156
2016-10-06 00:00,2.139
2016-10-07 00:00,2.119
2016-10-08 00:00,2.091
2016-10-09 00:00,2.071
2016-10-10 00:00,2.046
2016-10-11 00:00,2.023
2016-10-12 00:00,2.005
2016-10-13 00:00,2.055
2016-10-14 00:00,2.501
2016-10-15 00:00,2.511
2016-10-16 00:00,2.504
2016-10-17 00:00,2.497
2016-10-18 00:00,2.503
2016-10-19 00:00,2.495
2016-10-20 00:00,2.48
2016-10-21 00:00,2.461
2016-10-22 00:00,2.457
2016-10-23 00:00,2.454
2016-10-24 00:00,2.442
2016-10-25 00:00,2.419
2016-10-26 00:00,2.417
2016-10-27 00:00,2.441
2016-10-28 00:00,2.426
2016-10-29 00:00,2.389
2016-10-30 00:00,1.796
2016-10-31 00:00,1.228
2016-11-01 00:00,1.176
2016-11-02 00:00,1.19
2016-11-03 00:00,1.188
2016-11-04 00:00,1.193
2016-11-05 00:00,1.187
2016-11-06 00:00,1.173
2016-11-07 00:00,1.168
2016-11-08 00:00,1.168
2016-11-09 00:00,1.17
2016-11-10 00:00,1.192
2016-11-11 00:00,1.107
2016-11-12 00:00,1.124
2016-11-13 00:00,2.084
2016-11-14 00:00,2.139
2016-11-15 00:00,2.147
2016-11-16 00:00,2.183
2016-11-17 00:00,4.026
2016-11-18 00:00,4.14
2016-11-19 00:00,4.096
2016-11-20 00:00,4.008
2016-11-21 00:00,3.934
2016-11-22 00:00,3.906
2016-11-23 00:00,3.823
2016-11-24 00:00,3.742
2016-11-25 00:00,3.956
2016-11-26 00:00,3.872
2016-11-27 00:00,3.763
2016-11-28 00:00,1.692
2016-11-29 00:00,1.655
2016-11-30 00:00,1.667
2016-12-01 00:00,1.65
2016-12-02 00:00,1.478
2016-12-03 00:00,1.468
2016-12-04 00:00,1.455
2016-12-05 00:00,1.447
2016-12-06 00:00,1.449
2016-12-07 00:00,1.465
2016-12-08 00:00,1.455
2016-12-09 00:00,1.456
2016-12-10 00:00,1.457
2016-12-11 00:00,1.457
2016-12-12 00:00,1.454
2016-12-13 00:00,1.456
2016-12-14 00:00,1.456
2016-12-15 00:00,1.024
2016-12-16 00:00,1.026
2016-12-17 00:00,1.039
2016-12-18 00:00,1.067
2016-12-19 00:00,1.452
2016-12-20 00:00,1.456
2016-12-21 00:00,1.477
2016-12-22 00:00,2.641
2016-12-23 00:00,3.956
2016-12-24 00:00,4.501
2016-12-25 00:00,4.951
2016-12-26 00:00,4.576
2016-12-27 00:00,4.494
2016-12-28 00:00,4.503
2016-12-29 00:00,4.46
2016-12-30 00:00,4.399
2016-12-31 00:00,4.398
2017-01-01 00:00,4.361
2017-01-02 00:00,4.309
2017-01-03 00:00,4.264
2017-01-04 00:00,4.167
2017-01-05 00:00,4.106
2017-01-06 00:00,4.055
2017-01-07 00:00,3.972
2017-01-08 00:00,3.919
2017-01-09 00:00,3.913
2017-01-10 00:00,3.898
2017-01-11 00:00,3.821
2017-01-12 00:00,3.784
2017-01-13 00:00,3.703
2017-01-14 00:00,3.651
2017-01-15 00:00,3.621
2017-01-16 00:00,3.587
2017-01-17 00:00,3.914
2017-01-18 00:00,3.842
2017-01-19 00:00,3.735
2017-01-20 00:00,2.481
2017-01-21 00:00,2.469
2017-01-22 00:00,2.452
2017-01-23 00:00,2.042
2017-01-24 00:00,1.916
2017-01-25 00:00,1.181
2017-01-26 00:00,1.176
2017-01-27 00:00,1.408
2017-01-28 00:00,1.464
2017-01-29 00:00,1.461
2017-01-30 00:00,1.479
2017-01-31 00:00,1.506
2017-02-01 00:00,1.532
2017-02-02 00:00,1.551
2017-02-03 00:00,1.56
2017-02-04 00:00,1.573
2017-02-05 00:00,1.584
2017-02-06 00:00,1.636
2017-02-07 00:00,1.681
2017-02-08 00:00,1.741
2017-02-09 00:00,2.88
2017-02-10 00:00,2.868
2017-02-11 00:00,2.872
2017-02-12 00:00,2.883
2017-02-13 00:00,1.688
2017-02-14 00:00,1.581
2017-02-15 00:00,1.588
2017-02-16 00:00,1.598
2017-02-17 00:00,1.593
2017-02-18 00:00,1.621
2017-02-19 00:00,1.626
2017-02-20 00:00,1.628
2017-02-21 00:00,1.631
2017-02-22 00:00,1.622
2017-02-23 00:00,1.641
2017-02-24 00:00,2.361
2017-02-25 00:00,2.539
2017-02-26 00:00,2.784
2017-02-27 00:00,5.337
2017-02-28 00:00,5.422
2017-03-01 00:00,6.876
2017-03-02 00:00,6.765
2017-03-03 00:00,6.822
2017-03-04 00:00,7.142
2017-03-05 00:00,7.119
2017-03-06 00:00,6.993
2017-03-07 00:00,6.833
2017-03-08 00:00,4.805
2017-03-09 00:00,4.663
2017-03-10 00:00,4.642
2017-03-11 00:00,4.628
2017-03-12 00:00,4.571
2017-03-13 00:00,4.5
2017-03-14 00:00,4.456
2017-03-15 00:00,4.439
2017-03-16 00:00,4.384
2017-03-17 00:00,4.385
2017-03-18 00:00,4.369
2017-03-19 00:00,4.34
2017-03-20 00:00,4.295
2017-03-21 00:00,3.47
2017-03-22 00:00,3.387
2017-03-23 00:00,3.381
2017-03-24 00:00,3.369
2017-03-25 00:00,3.358
2017-03-26 00:00,3.325
2017-03-27 00:00,1.745
2017-03-28 00:00,1.741
2017-03-29 00:00,1.747
2017-03-30 00:00,1.76
2017-03-31 00:00,1.776
2017-04-01 00:00,1.792
2017-04-02 00:00,1.79
2017-04-03 00:00,1.793
2017-04-04 00:00,1.782
2017-04-05 00:00,1.776
2017-04-06 00:00,1.773
2017-04-07 00:00,1.769
2017-04-08 00:00,1.769
2017-04-09 00:00,1.722
2017-04-10 00:00,1.351
2017-04-11 00:00,1.323
2017-04-12 00:00,1.383
2017-04-13 00:00,1.376
2017-04-14 00:00,1.365
2017-04-15 00:00,1.353
2017-04-16 00:00,1.347
2017-04-17 00:00,1.344
2017-04-18 00:00,1.34
2017-04-19 00:00,1.34
2017-04-20 00:00,1.339
2017-04-21 00:00,1.333
2017-04-22 00:00,1.319
2017-04-23 00:00,1.305
2017-04-24 00:00,1.198
2017-04-25 00:00,1.224
2017-04-26 00:00,1.216
2017-04-27 00:00,1.254
2017-04-28 00:00,1.225
2017-04-29 00:00,1.218
2017-04-30 00:00,1.166
2017-05-01 00:00,0.649
2017-05-02 00:00,0.634
2017-05-03 00:00,0.622
2017-05-04 00:00,0.616
2017-05-05 00:00,0.614
2017-05-06 00:00,0.607
2017-05-07 00:00,0.593
2017-05-08 00:00,0.589
2017-05-09 00:00,0.606
2017-05-10 00:00,0.609
2017-05-11 00:00,0.605
2017-05-12 00:00,0.599
2017-05-13 00:00,0.586
2017-05-14 00:00,0.573
2017-05-15 00:00,0.585
2017-05-16 00:00,0.663
2017-05-17 00:00,0.64
2017-05-18 00:00,0.658
2017-05-19 00:00,0.677
2017-05-20 00:00,0.702
2017-05-21 00:00,0.708
2017-05-22 00:00,0.705
2017-05-23 00:00,0.7
2017-05-24 00:00,0.707
2017-05-25 00:00,0.706
2017-05-26 00:00,0.709
2017-05-27 00:00,0.729
2017-05-28 00:00,0.745
2017-05-29 00:00,0.741
2017-05-30 00:00,0.733
2017-05-31 00:00,0.723
2017-06-01 00:00,0.705
2017-06-02 00:00,0.501
2017-06-03 00:00,0.512
2017-06-04 00:00,0.522
2017-06-05 00:00,0.526
2017-06-06 00:00,1.317
2017-06-07 00:00,1.466
2017-06-08 00:00,1.505
2017-06-09 00:00,1.93
2017-06-10 00:00,2.008
2017-06-11 00:00,2.067
2017-06-12 00:00,4.793
2017-06-13 00:00,4.861
2017-06-14 00:00,4.826
2017-06-15 00:00,4.773
2017-06-16 00:00,4.721
2017-06-17 00:00,4.683
2017-06-18 00:00,4.671
2017-06-19 00:00,4.431
2017-06-20 00:00,1.315
2017-06-21 00:00,1.31
2017-06-22 00:00,1.377
2017-06-23 00:00,1.931
2017-06-24 00:00,1.534
2017-06-25 00:00,1.601
2017-06-26 00:00,2.359
2017-06-27 00:00,2.36
2017-06-28 00:00,2.357
2017-06-29 00:00,2.351
2017-06-30 00:00,2.343
2017-07-01 00:00,2.343
2017-07-02 00:00,2.336
2017-07-03 00:00,2.346
2017-07-04 00:00,2.301
2017-07-05 00:00,1.909
2017-07-06 00:00,1.884
2017-07-07 00:00,1.505
2017-07-08 00:00,1.505
2017-07-09 00:00,1.506
2017-07-10 00:00,1.511
2017-07-11 00:00,1.515
2017-07-12 00:00,1.512
2017-07-13 00:00,1.513
2017-07-14 00:00,1.502
2017-07-15 00:00,1.503
2017-07-16 00:00,1.497
2017-07-17 00:00,1.503
2017-07-18 00:00,1.508
2017-07-19 00:00,1.504
2017-07-20 00:00,1.492
2017-07-21 00:00,1.489
2017-07-22 00:00,1.49
2017-07-23 00:00,1.554
2017-07-24 00:00,2.406
2017-07-25 00:00,2.395
2017-07-26 00:00,2.412
2017-07-27 00:00,2.403
2017-07-28 00:00,2.397
2017-07-29 00:00,2.399
2017-07-30 00:00,2.427
2017-07-31 00:00,3.825
2017-08-01 00:00,3.841
2017-08-02 00:00,3.865
2017-08-03 00:00,3.874
2017-08-04 00:00,5.224
2017-08-05 00:00,5.354
2017-08-06 00:00,5.305
2017-08-07 00:00,5.263
2017-08-08 00:00,5.21
2017-08-09 00:00,5.128
2017-08-10 00:00,3.684
2017-08-11 00:00,3.596
2017-08-12 00:00,3.577
2017-08-13 00:00,3.532
2017-08-14 00:00,2.922
2017-08-15 00:00,2.676
2017-08-16 00:00,2.69
2017-08-17 00:00,4.463
2017-08-18 00:00,5.084
2017-08-19 00:00,5.018
2017-08-20 00:00,4.934
2017-08-21 00:00,4.807
2017-08-22 00:00,3.482
2017-08-23 00:00,3.485
2017-08-24 00:00,3.457
2017-08-25 00:00,3.526
2017-08-26 00:00,4.344
2017-08-27 00:00,5.096
2017-08-28 00:00,5.383
2017-08-29 00:00,5.261
2017-08-30 00:00,3.26
2017-08-31 00:00,2.891
2017-09-01 00:00,2.304
2017-09-02 00:00,2.244
2017-09-03 00:00,2.231
2017-09-04 00:00,2.245
2017-09-05 00:00,2.249
2017-09-06 00:00,2.237
2017-09-07 00:00,2.233
2017-09-08 00:00,2.234
2017-09-09 00:00,2.235
2017-09-10 00:00,2.239
2017-09-11 00:00,2.253
2017-09-12 00:00,2.243
2017-09-13 00:00,2.274
2017-09-14 00:00,2.65
2017-09-15 00:00,2.679
2017-09-16 00:00,2.672
2017-09-17 00:00,2.688
2017-09-18 00:00,3.193
2017-09-19 00:00,3.154
2017-09-20 00:00,3.127
2017-09-21 00:00,3.118
2017-09-22 00:00,2.742
2017-09-23 00:00,2.709
2017-09-24 00:00,2.443
2017-09-25 00:00,4.648
2017-09-26 00:00,4.772
2017-09-27 00:00,5.073
2017-09-28 00:00,5.126
2017-09-29 00:00,5.03
2017-09-30 00:00,4.927
2017-10-01 00:00,4.88
2017-10-02 00:00,4.981
2017-10-03 00:00,4.909
2017-10-04 00:00,4.905
2017-10-05 00:00,4.878
2017-10-06 00:00,4.732
2017-10-07 00:00,4.636
2017-10-08 00:00,4.278
2017-10-09 00:00,2.247
2017-10-10 00:00,2.23
2017-10-11 00:00,2.268
2017-10-12 00:00,2.29
2017-10-13 00:00,2.392
2017-10-14 00:00,2.431
2017-10-15 00:00,2.449
2017-10-16 00:00,2.443
2017-10-17 00:00,2.46
2017-10-18 00:00,2.459
2017-10-19 00:00,2.693
2017-10-20 00:00,5.146
2017-10-21 00:00,5.273
2017-10-22 00:00,5.182
2017-10-23 00:00,5.095
2017-10-24 00:00,5.009
2017-10-25 00:00,4.937
2017-10-26 00:00,4.786
2017-10-27 00:00,3.057
2017-10-28 00:00,3.046
2017-10-29 00:00,3
2017-10-30 00:00,2.987
2017-10-31 00:00,3.662
2017-11-01 00:00,3.674
2017-11-02 00:00,3.65
2017-11-03 00:00,2.906
2017-11-04 00:00,2.853
2017-11-05 00:00,2.832
2017-11-06 00:00,2.371
2017-11-07 00:00,2.252
2017-11-08 00:00,2.242
2017-11-09 00:00,2.253
2017-11-10 00:00,2.246
2017-11-11 00:00,2.236
2017-11-12 00:00,2.224
2017-11-13 00:00,2.197
2017-11-14 00:00,1.558
2017-11-15 00:00,1.56
2017-11-16 00:00,1.558
2017-11-17 00:00,1.562
2017-11-18 00:00,1.551
2017-11-19 00:00,1.555
2017-11-20 00:00,1.573
2017-11-21 00:00,1.605
2017-11-22 00:00,1.654
2017-11-23 00:00,1.679
2017-11-24 00:00,1.696
2017-11-25 00:00,1.715
2017-11-26 00:00,1.735
2017-11-27 00:00,2.543
2017-11-28 00:00,2.562
2017-11-29 00:00,2.555
2017-11-30 00:00,2.269
2017-12-01 00:00,2.651
2017-12-02 00:00,2.665
2017-12-03 00:00,2.652
2017-12-04 00:00,2.642
2017-12-05 00:00,2.624
2017-12-06 00:00,2.628
2017-12-07 00:00,2.649
2017-12-08 00:00,2.65
2017-12-09 00:00,2.641
2017-12-10 00:00,2.632
2017-12-11 00:00,2.606
2017-12-12 00:00,2.588
2017-12-13 00:00,2.585
2017-12-14 00:00,2.545
2017-12-15 00:00,2.524
2017-12-16 00:00,2.537
2017-12-17 00:00,2.535
2017-12-18 00:00,2.279
2017-12-19 00:00,2.156
2017-12-20 00:00,2.174
2017-12-21 00:00,2.17
2017-12-22 00:00,2.19
2017-12-23 00:00,2.204
2017-12-24 00:00,2.259
2017-12-25 00:00,2.331
2017-12-26 00:00,2.373
2017-12-27 00:00,2.387
2017-12-28 00:00,2.395
2017-12-29 00:00,2.408
2017-12-30 00:00,2.411
2017-12-31 00:00,2.46
2018-01-01 00:00,4.907
2018-01-02 00:00,5.423
2018-01-03 00:00,6.963
2018-01-04 00:00,7.133
2018-01-05 00:00,7.588
2018-01-06 00:00,7.646
2018-01-07 00:00,7.553
2018-01-08 00:00,7.461
2018-01-09 00:00,7.347
2018-01-10 00:00,6.724
2018-01-11 00:00,5.467
2018-01-12 00:00,5.294
2018-01-13 00:00,5.207
2018-01-14 00:00,5.121
2018-01-15 00:00,5.2
2018-01-16 00:00,5.178
2018-01-17 00:00,5.148
2018-01-18 00:00,6.209
2018-01-19 00:00,6.696
2018-01-20 00:00,6.674
2018-01-21 00:00,6.532
2018-01-22 00:00,6.462
2018-01-23 00:00,6.985
2018-01-24 00:00,7.724
2018-01-25 00:00,8.579
2018-01-26 00:00,9.379
2018-01-27 00:00,9.388
2018-01-28 00:00,9.364
2018-01-29 00:00,9.543
2018-01-30 00:00,9.492
2018-01-31 00:00,9.695
2018-02-01 00:00,9.618
2018-02-02 00:00,9.328
2018-02-03 00:00,8.227
2018-02-04 00:00,5.817
2018-02-05 00:00,5.591
2018-02-06 00:00,5.525
2018-02-07 00:00,5.424
2018-02-08 00:00,5.393
2018-02-09 00:00,5.299
2018-02-10 00:00,5.3
2018-02-11 00:00,5.109
2018-02-12 00:00,2.172
2018-02-13 00:00,2.183
2018-02-14 00:00,2.57
2018-02-15 00:00,4.644
2018-02-16 00:00,4.734
2018-02-17 00:00,4.764
2018-02-18 00:00,4.762
2018-02-19 00:00,4.767
2018-02-20 00:00,4.732
2018-02-21 00:00,5.197
2018-02-22 00:00,5.105
2018-02-23 00:00,5.032
2018-02-24 00:00,4.948
2018-02-25 00:00,4.866
2018-02-26 00:00,4.786
2018-02-27 00:00,4.727
2018-02-28 00:00,4.685
2018-03-01 00:00,4.688
2018-03-02 00:00,4.605
2018-03-03 00:00,4.489
2018-03-04 00:00,4.452
2018-03-05 00:00,4.605
2018-03-06 00:00,5.251
2018-03-07 00:00,4.757
2018-03-08 00:00,4.035
2018-03-09 00:00,3.979
2018-03-10 00:00,4.241
2018-03-11 00:00,4.328
2018-03-12 00:00,4.299
2018-03-13 00:00,3.841
2018-03-14 00:00,3.823
2018-03-15 00:00,4.002
2018-03-16 00:00,4.208
2018-03-17 00:00,4.125
2018-03-18 00:00,4.061
2018-03-19 00:00,4.675
2018-03-20 00:00,4.939
2018-03-21 00:00,4.866
2018-03-22 00:00,4.862
2018-03-23 00:00,4.936
2018-03-24 00:00,4.892
2018-03-25 00:00,4.708
2018-03-26 00:00,2.391
2018-03-27 00:00,2.401
2018-03-28 00:00,2.409
2018-03-29 00:00,2.414
2018-03-30 00:00,2.424
2018-03-31 00:00,4.581
2018-04-01 00:00,4.652
2018-04-02 00:00,4.453
2018-04-03 00:00,3.784
2018-04-04 00:00,4.952
2018-04-05 00:00,4.879
2018-04-06 00:00,5.924
2018-04-07 00:00,6.089
2018-04-08 00:00,6.141
2018-04-09 00:00,8.463
2018-04-10 00:00,9.083
2018-04-11 00:00,8.46
2018-04-12 00:00,4.45
2018-04-13 00:00,4.308
2018-04-14 00:00,4.271
2018-04-15 00:00,4.256
2018-04-16 00:00,4.134
2018-04-17 00:00,2.817
2018-04-18 00:00,2.815
2018-04-19 00:00,2.816
2018-04-20 00:00,2.808
2018-04-21 00:00,2.803
2018-04-22 00:00,2.758
2018-04-23 00:00,2.181
2018-04-24 00:00,2.183
2018-04-25 00:00,2.231
2018-04-26 00:00,2.292
2018-04-27 00:00,2.294
2018-04-28 00:00,2.293
2018-04-29 00:00,2.285
2018-04-30 00:00,2.274
2018-05-01 00:00,2.264
2018-05-02 00:00,2.261
2018-05-03 00:00,2.247
2018-05-04 00:00,2.241
2018-05-05 00:00,2.238
2018-05-06 00:00,2.242
2018-05-07 00:00,2.083
2018-05-08 00:00,2.063
2018-05-09 00:00,2.053
2018-05-10 00:00,2.028
2018-05-11 00:00,2.021
2018-05-12 00:00,2.013
2018-05-13 00:00,2.003
2018-05-14 00:00,1.986
2018-05-15 00:00,1.977
2018-05-16 00:00,1.95
2018-05-17 00:00,1.941
2018-05-18 00:00,1.943
2018-05-19 00:00,1.941
2018-05-20 00:00,1.581
2018-05-21 00:00,1.581
2018-05-22 00:00,1.569
2018-05-23 00:00,1.559
2018-05-24 00:00,1.559
2018-05-25 00:00,1.559
2018-05-26 00:00,1.555
2018-05-27 00:00,1.559
2018-05-28 00:00,1.556
2018-05-29 00:00,1.551
2018-05-30 00:00,1.557
2018-05-31 00:00,1.562
2018-06-01 00:00,1.577
2018-06-02 00:00,1.582
2018-06-03 00:00,1.578
2018-06-04 00:00,1.568
2018-06-05 00:00,1.568
2018-06-06 00:00,1.577
2018-06-07 00:00,1.55
2018-06-08 00:00,1.14
2018-06-09 00:00,1.147
2018-06-10 00:00,1.208
2018-06-11 00:00,1.252
2018-06-12 00:00,1.262
2018-06-13 00:00,1.272
2018-06-14 00:00,0.933
2018-06-15 00:00,2.145
2018-06-16 00:00,2.141
2018-06-17 00:00,2.138
2018-06-18 00:00,1.678
2018-06-19 00:00,1.603
2018-06-20 00:00,1.609
2018-06-21 00:00,1.581
2018-06-22 00:00,1.6
2018-06-23 00:00,1.608
2018-06-24 00:00,1.634
2018-06-25 00:00,1.622
2018-06-26 00:00,1.361
2018-06-27 00:00,1.382
2018-06-28 00:00,1.386
2018-06-29 00:00,1.351
2018-06-30 00:00,1.352
2018-07-01 00:00,1.362
2018-07-02 00:00,1.337
2018-07-03 00:00,1.33
2018-07-04 00:00,1.216
2018-07-05 00:00,1.202
2018-07-06 00:00,1.194
2018-07-07 00:00,1.209
2018-07-08 00:00,1.165
2018-07-09 00:00,1.132
2018-07-10 00:00,1.308
2018-07-11 00:00,1.187
2018-07-12 00:00,1.157
2018-07-13 00:00,1.146
2018-07-14 00:00,1.114
2018-07-15 00:00,1.097
2018-07-16 00:00,1.081
2018-07-17 00:00,1.045
2018-07-18 00:00,0.935
2018-07-19 00:00,0.497
2018-07-20 00:00,0.456
2018-07-21 00:00,0.413
2018-07-22 00:00,0.359
2018-07-23 00:00,0.324
2018-07-24 00:00,0.287
2018-07-25 00:00,0.272
2018-07-26 00:00,0.267
2018-07-27 00:00,0.243
2018-07-28 00:00,0.196
2018-07-29 00:00,0.127
2018-07-30 00:00,0.099
2018-07-31 00:00,0.313
2018-08-01 00:00,0.342
2018-08-02 00:00,0.363
2018-08-03 00:00,0.362
2018-08-04 00:00,0.405
2018-08-05 00:00,0.68
2018-08-06 00:00,0.952
2018-08-07 00:00,1.157
2018-08-08 00:00,1.077
2018-08-09 00:00,0.569
2018-08-10 00:00,0.541
2018-08-11 00:00,1.024
2018-08-12 00:00,1.104
2018-08-13 00:00,1.909
2018-08-14 00:00,1.884
2018-08-15 00:00,1.87
2018-08-16 00:00,1.841
2018-08-17 00:00,1.824
2018-08-18 00:00,1.814
2018-08-19 00:00,1.803
2018-08-20 00:00,1.796
2018-08-21 00:00,1.785
2018-08-22 00:00,1.775
2018-08-23 00:00,1.752
2018-08-24 00:00,1.728
2018-08-25 00:00,1.692
2018-08-26 00:00,1.683
2018-08-27 00:00,1.631
2018-08-28 00:00,0.957
2018-08-29 00:00,0.941
2018-08-30 00:00,0.733
2018-08-31 00:00,0.595
2018-09-01 00:00,0.595
2018-09-02 00:00,0.588
2018-09-03 00:00,0.547
2018-09-04 00:00,0.559
2018-09-05 00:00,0.569
2018-09-06 00:00,0.571
2018-09-07 00:00,0.573
2018-09-08 00:00,0.567
2018-09-09 00:00,0.481
2018-09-10 00:00,0.366
2018-09-11 00:00,0.248
2018-09-12 00:00,1.618
2018-09-13 00:00,1.597
2018-09-14 00:00,1.577
2018-09-15 00:00,1.585
2018-09-16 00:00,1.594
2018-09-17 00:00,1.602
2018-09-18 00:00,1.607
2018-09-19 00:00,2.313
2018-09-20 00:00,2.4
2018-09-21 00:00,2.381
2018-09-22 00:00,2.368
2018-09-23 00:00,2.342
2018-09-24 00:00,2.307
2018-09-25 00:00,2.307
2018-09-26 00:00,2.324
2018-09-27 00:00,2.295
2018-09-28 00:00,2.27
2018-09-29 00:00,2.246
2018-09-30 00:00,2.234
2018-10-01 00:00,2.922
2018-10-02 00:00,2.888
2018-10-03 00:00,2.839
2018-10-04 00:00,2.786
2018-10-05 00:00,2.448
2018-10-06 00:00,2.404
2018-10-07 00:00,2.35
2018-10-08 00:00,1.909
2018-10-09 00:00,1.956
2018-10-10 00:00,2.16
2018-10-11 00:00,4.847
2018-10-12 00:00,4.925
2018-10-13 00:00,5.19
2018-10-14 00:00,5.312
2018-10-15 00:00,5.266
2018-10-16 00:00,5.175
2018-10-17 00:00,5.085
2018-10-18 00:00,4.131
2018-10-19 00:00,3.97
2018-10-20 00:00,3.864
2018-10-21 00:00,3.762
2018-10-22 00:00,2.391
2018-10-23 00:00,2.344
2018-10-24 00:00,2.312
2018-10-25 00:00,2.283
2018-10-26 00:00,2.278
2018-10-27 00:00,2.238
2018-10-28 00:00,2.137
2018-10-29 00:00,0.99
2018-10-30 00:00,1.015
2018-10-31 00:00,1.013
2018-11-01 00:00,1.017
2018-11-02 00:00,1.013
2018-11-03 00:00,1.055
2018-11-04 00:00,1.192
2018-11-05 00:00,2.428
2018-11-06 00:00,2.428
2018-11-07 00:00,2.42
2018-11-08 00:00,2.422
2018-11-09 00:00,2.453
2018-11-10 00:00,2.498
2018-11-11 00:00,2.527
2018-11-12 00:00,2.549
2018-11-13 00:00,2.553
2018-11-14 00:00,2.626
2018-11-15 00:00,2.697
2018-11-16 00:00,2.722
2018-11-17 00:00,2.722
2018-11-18 00:00,2.716
2018-11-19 00:00,2.715
2018-11-20 00:00,2.723
2018-11-21 00:00,2.796
2018-11-22 00:00,2.94
2018-11-23 00:00,4.949
2018-11-24 00:00,5.018
2018-11-25 00:00,4.83
2018-11-26 00:00,4.694
2018-11-27 00:00,1.988
2018-11-28 00:00,1.746
2018-11-29 00:00,5.067
2018-11-30 00:00,5.315
2018-12-01 00:00,5.442
2018-12-02 00:00,5.48
2018-12-03 00:00,5.515
2018-12-04 00:00,5.47
2018-12-05 00:00,5.482
2018-12-06 00:00,5.464
2018-12-07 00:00,5.453
2018-12-08 00:00,5.59
2018-12-09 00:00,5.562
2018-12-10 00:00,5.525
2018-12-11 00:00,5.488
2018-12-12 00:00,5.446
2018-12-13 00:00,5.378
2018-12-14 00:00,5.298
2018-12-15 00:00,5.338
2018-12-16 00:00,5.468
2018-12-17 00:00,7.853
2018-12-18 00:00,7.968
2018-12-19 00:00,5.662
2018-12-20 00:00,5.532
2018-12-21 00:00,5.537
2018-12-22 00:00,5.483
2018-12-23 00:00,5.434
2018-12-24 00:00,5.374
2018-12-25 00:00,5.319
2018-12-26 00:00,5.251
2018-12-27 00:00,5.193
2018-12-28 00:00,5.115
2018-12-29 00:00,5.094
2018-12-30 00:00,5.007
2018-12-31 00:00,4.944
