time,temp,salt
2016-01-01 24:00:00,    7.649151,    0.020685
2016-01-02 24:00:00,    6.922722,    0.012239
2016-01-03 24:00:00,    6.499373,    0.010398
2016-01-04 24:00:00,    6.193847,    0.009496
2016-01-05 24:00:00,    5.769524,    0.005899
2016-01-06 24:00:00,    5.680438,    0.006014
2016-01-07 24:00:00,    5.564996,    0.005989
2016-01-08 24:00:00,    1.264319,    0.000109
2016-01-09 24:00:00,    5.206960,    0.003896
2016-01-10 24:00:00,    4.683709,    0.003169
2016-01-11 24:00:00,    4.453007,    0.002823
2016-01-12 24:00:00,    4.334552,    0.002758
2016-01-13 24:00:00,    4.376078,    0.002758
2016-01-14 24:00:00,    4.415867,    0.002758
2016-01-15 24:00:00,    4.316851,    0.002748
2016-01-16 24:00:00,    4.359756,    0.002748
2016-01-17 24:00:00,    0.639195,    0.000023
2016-01-18 24:00:00,    1.126035,    0.000226
2016-01-19 24:00:00,    3.108774,    0.000268
2016-01-20 24:00:00,    4.362988,    0.000606
2016-01-21 24:00:00,    4.399094,    0.000606
2016-01-22 24:00:00,    4.439814,    0.000606
2016-01-23 24:00:00,    1.931000,    0.000051
2016-01-24 24:00:00,    3.814887,    0.000484
2016-01-25 24:00:00,    4.121441,    0.000474
2016-01-26 24:00:00,    4.148961,    0.000452
2016-01-27 24:00:00,    4.125005,    0.000451
2016-01-28 24:00:00,    5.871994,    0.000150
2016-01-29 24:00:00,    5.647723,    0.000168
2016-01-30 24:00:00,    5.257733,    0.000226
2016-01-31 24:00:00,    5.399546,    0.000316
2016-02-01 24:00:00,    6.274858,    0.000224
2016-02-02 24:00:00,    6.169694,    0.000229
2016-02-03 24:00:00,    6.225496,    0.000230
2016-02-04 24:00:00,    6.214463,    0.000227
2016-02-05 24:00:00,    6.006547,    0.000227
2016-02-06 24:00:00,    5.443650,    0.000162
2016-02-07 24:00:00,    1.989072,    0.000044
2016-02-08 24:00:00,    1.230982,    0.000015
2016-02-09 24:00:00,    3.185321,    0.000082
2016-02-10 24:00:00,    3.828937,    0.000068
2016-02-11 24:00:00,    8.320757,    0.000020
2016-02-12 24:00:00,    5.936737,    0.000051
2016-02-13 24:00:00,    5.682025,    0.000053
2016-02-14 24:00:00,    5.829623,    0.000047
2016-02-15 24:00:00,    5.636390,    0.000048
2016-02-16 24:00:00,    5.517649,    0.000054
2016-02-17 24:00:00,    5.648983,    0.000054
2016-02-18 24:00:00,    4.913915,    0.000049
2016-02-19 24:00:00,    4.940823,    0.000052
2016-02-20 24:00:00,    5.877242,    0.000046
2016-02-21 24:00:00,    6.034037,    0.000054
2016-02-22 24:00:00,    6.131157,    0.000054
2016-02-23 24:00:00,    6.249913,    0.000062
2016-02-24 24:00:00,    6.246872,    0.000070
2016-02-25 24:00:00,    5.707495,    0.000068
2016-02-26 24:00:00,    5.581222,    0.000075
2016-02-27 24:00:00,    4.241765,    0.000056
2016-02-28 24:00:00,    4.173596,    0.000046
2016-02-29 24:00:00,    5.607432,    0.000035
2016-03-01 24:00:00,    5.578026,    0.000043
2016-03-02 24:00:00,    5.876423,    0.000047
2016-03-03 24:00:00,    5.477516,    0.000049
2016-03-04 24:00:00,    4.255270,    0.000028
2016-03-05 24:00:00,    4.045055,    0.000030
2016-03-06 24:00:00,    3.531749,    0.000028
2016-03-07 24:00:00,    3.622213,    0.000038
2016-03-08 24:00:00,    3.934645,    0.000048
2016-03-09 24:00:00,    3.696630,    0.000054
2016-03-10 24:00:00,    3.693519,    0.000059
2016-03-11 24:00:00,    3.750612,    0.000059
2016-03-12 24:00:00,    3.739602,    0.000067
2016-03-13 24:00:00,    3.742943,    0.000072
2016-03-14 24:00:00,    3.753001,    0.000073
2016-03-15 24:00:00,    0.999147,    0.000070
2016-03-16 24:00:00,    3.785895,    0.000083
2016-03-17 24:00:00,    5.202351,    0.000082
2016-03-18 24:00:00,    6.080427,    0.000084
2016-03-19 24:00:00,    6.778200,    0.000089
2016-03-20 24:00:00,    6.970875,    0.000095
2016-03-21 24:00:00,    7.152852,    0.000102
2016-03-22 24:00:00,    7.512992,    0.000113
2016-03-23 24:00:00,    7.365033,    0.000114
2016-03-24 24:00:00,    7.706655,    0.000116
2016-03-25 24:00:00,    8.147874,    0.000105
2016-03-26 24:00:00,    7.829610,    0.000066
2016-03-27 24:00:00,    7.798546,    0.000083
2016-03-28 24:00:00,    7.646164,    0.000096
2016-03-29 24:00:00,    7.205899,    0.000088
2016-03-30 24:00:00,    6.932999,    0.000079
2016-03-31 24:00:00,    5.307125,    0.000045
2016-04-01 24:00:00,    4.693811,    0.000040
2016-04-02 24:00:00,    4.673842,    0.000041
2016-04-03 24:00:00,    4.676192,    0.000048
2016-04-04 24:00:00,    4.692036,    0.000057
2016-04-05 24:00:00,    4.785264,    0.000059
2016-04-06 24:00:00,    4.729181,    0.000065
2016-04-07 24:00:00,    4.520673,    0.000063
2016-04-08 24:00:00,    4.509868,    0.000068
2016-04-09 24:00:00,    3.878583,    0.000063
2016-04-10 24:00:00,    3.969692,    0.000059
2016-04-11 24:00:00,    5.259818,    0.000085
2016-04-12 24:00:00,    5.788117,    0.000085
2016-04-13 24:00:00,    6.114637,    0.000128
2016-04-14 24:00:00,    6.244896,    0.000149
2016-04-15 24:00:00,    6.427848,    0.000169
2016-04-16 24:00:00,    7.044499,    0.000207
2016-04-17 24:00:00,    7.262392,    0.000207
2016-04-18 24:00:00,    7.647007,    0.000209
2016-04-19 24:00:00,    8.065779,    0.000209
2016-04-20 24:00:00,    8.481815,    0.000209
2016-04-21 24:00:00,    5.764201,    0.000116
2016-04-22 24:00:00,    5.972937,    0.000116
2016-04-23 24:00:00,    6.269749,    0.000122
2016-04-24 24:00:00,    6.374509,    0.000128
2016-04-25 24:00:00,    6.481574,    0.000133
2016-04-26 24:00:00,    6.586256,    0.000112
2016-04-27 24:00:00,    6.900243,    0.000109
2016-04-28 24:00:00,    6.759578,    0.000125
2016-04-29 24:00:00,    7.002250,    0.000131
2016-04-30 24:00:00,    7.274960,    0.000136
2016-05-01 24:00:00,    7.540924,    0.000136
2016-05-02 24:00:00,   10.611776,    0.000037
2016-05-03 24:00:00,    8.856506,    0.000070
2016-05-04 24:00:00,    8.286420,    0.000087
2016-05-05 24:00:00,    7.898187,    0.000090
2016-05-06 24:00:00,    7.315865,    0.000095
2016-05-07 24:00:00,    7.001845,    0.000069
2016-05-08 24:00:00,    6.866491,    0.000068
2016-05-09 24:00:00,    6.677577,    0.000064
2016-05-10 24:00:00,    6.727150,    0.000068
2016-05-11 24:00:00,    7.022058,    0.000090
2016-05-12 24:00:00,    7.386293,    0.000110
2016-05-13 24:00:00,    6.948244,    0.000081
2016-05-14 24:00:00,    7.076338,    0.000083
2016-05-15 24:00:00,    7.629296,    0.000089
2016-05-16 24:00:00,   10.653431,    0.000031
2016-05-17 24:00:00,    9.560228,    0.000047
2016-05-18 24:00:00,   10.010606,    0.000083
2016-05-19 24:00:00,   10.460754,    0.000087
2016-05-20 24:00:00,   10.856835,    0.000129
2016-05-21 24:00:00,   11.228856,    0.000148
2016-05-22 24:00:00,   11.872527,    0.000173
2016-05-23 24:00:00,   11.019689,    0.000142
2016-05-24 24:00:00,   12.344160,    0.000102
2016-05-25 24:00:00,   12.626296,    0.000124
2016-05-26 24:00:00,   13.571426,    0.000138
2016-05-27 24:00:00,   14.258299,    0.000126
2016-05-28 24:00:00,   14.571328,    0.000138
2016-05-29 24:00:00,   14.544286,    0.000162
2016-05-30 24:00:00,   14.053365,    0.000156
2016-05-31 24:00:00,   13.973741,    0.000169
2016-06-01 24:00:00,   12.811758,    0.000135
2016-06-02 24:00:00,    9.147447,    0.000044
2016-06-03 24:00:00,    8.962842,    0.000050
2016-06-04 24:00:00,    8.997019,    0.000058
2016-06-05 24:00:00,    9.297680,    0.000075
2016-06-06 24:00:00,    9.936154,    0.000059
2016-06-07 24:00:00,    9.902725,    0.000084
2016-06-08 24:00:00,   11.451869,    0.000077
2016-06-09 24:00:00,   11.996566,    0.000087
2016-06-10 24:00:00,   12.387322,    0.000094
2016-06-11 24:00:00,   12.857033,    0.000094
2016-06-12 24:00:00,   14.458427,    0.000132
2016-06-13 24:00:00,   15.028060,    0.000134
2016-06-14 24:00:00,   16.911705,    0.000251
2016-06-15 24:00:00,   16.313536,    0.000070
2016-06-16 24:00:00,   16.515262,    0.000073
2016-06-17 24:00:00,   16.470059,    0.000073
2016-06-18 24:00:00,   16.370344,    0.000076
2016-06-19 24:00:00,   17.049364,    0.000079
2016-06-20 24:00:00,   17.575133,    0.000092
2016-06-21 24:00:00,   17.190336,    0.000134
2016-06-22 24:00:00,   13.925631,    0.000065
2016-06-23 24:00:00,   13.767308,    0.000070
2016-06-24 24:00:00,   13.693485,    0.000078
2016-06-25 24:00:00,   13.608309,    0.000090
2016-06-26 24:00:00,   13.809610,    0.000096
2016-06-27 24:00:00,   14.287982,    0.000096
2016-06-28 24:00:00,   15.145732,    0.000110
2016-06-29 24:00:00,   15.875963,    0.000150
2016-06-30 24:00:00,   16.349967,    0.000161
2016-07-01 24:00:00,   13.601918,    0.000079
2016-07-02 24:00:00,   13.579162,    0.000090
2016-07-03 24:00:00,   13.081176,    0.000075
2016-07-04 24:00:00,   13.094518,    0.000086
2016-07-05 24:00:00,   13.042487,    0.000091
2016-07-06 24:00:00,   13.145950,    0.000101
2016-07-07 24:00:00,   13.564956,    0.000102
2016-07-08 24:00:00,   13.734900,    0.000105
2016-07-09 24:00:00,   13.884193,    0.000121
2016-07-10 24:00:00,   14.079240,    0.000139
2016-07-11 24:00:00,   13.559561,    0.000102
2016-07-12 24:00:00,   13.604862,    0.000106
2016-07-13 24:00:00,   14.087245,    0.000115
2016-07-14 24:00:00,   13.579396,    0.000093
2016-07-15 24:00:00,   13.895940,    0.000099
2016-07-16 24:00:00,   14.393418,    0.000102
2016-07-17 24:00:00,   14.912725,    0.000106
2016-07-18 24:00:00,   14.993924,    0.000104
2016-07-19 24:00:00,   15.672669,    0.000104
2016-07-20 24:00:00,   16.153031,    0.000104
2016-07-21 24:00:00,   17.175406,    0.000105
2016-07-22 24:00:00,   16.981565,    0.000104
2016-07-23 24:00:00,   18.205263,    0.000106
2016-07-24 24:00:00,   18.770883,    0.000107
2016-07-25 24:00:00,   19.553873,    0.000161
2016-07-26 24:00:00,   20.371113,    0.000168
2016-07-27 24:00:00,   20.306568,    0.000194
2016-07-28 24:00:00,   20.287341,    0.000200
2016-07-29 24:00:00,   20.664794,    0.000208
2016-07-30 24:00:00,   21.097321,    0.000208
2016-07-31 24:00:00,   19.792889,    0.000058
2016-08-01 24:00:00,   19.755968,    0.000077
2016-08-02 24:00:00,   18.109623,    0.000065
2016-08-03 24:00:00,   17.705962,    0.000046
2016-08-04 24:00:00,   16.613569,    0.000038
2016-08-05 24:00:00,   17.122949,    0.000082
2016-08-06 24:00:00,   17.593151,    0.000079
2016-08-07 24:00:00,   16.555957,    0.000038
2016-08-08 24:00:00,   15.078734,    0.000039
2016-08-09 24:00:00,   15.151766,    0.000041
2016-08-10 24:00:00,   15.482166,    0.000046
2016-08-11 24:00:00,   15.825581,    0.000117
2016-08-12 24:00:00,   15.480537,    0.000091
2016-08-13 24:00:00,   15.271014,    0.000077
2016-08-14 24:00:00,   15.564271,    0.000099
2016-08-15 24:00:00,   15.997080,    0.000136
2016-08-16 24:00:00,   16.480520,    0.000171
2016-08-17 24:00:00,   17.376436,    0.000126
2016-08-18 24:00:00,   17.767030,    0.000081
2016-08-19 24:00:00,   18.284833,    0.000111
2016-08-20 24:00:00,   17.419547,    0.000119
2016-08-21 24:00:00,   17.071613,    0.000138
2016-08-22 24:00:00,   16.384366,    0.000136
2016-08-23 24:00:00,   16.582387,    0.000141
2016-08-24 24:00:00,   16.983153,    0.000145
2016-08-25 24:00:00,   17.135040,    0.000155
2016-08-26 24:00:00,   16.698316,    0.000160
2016-08-27 24:00:00,   15.608320,    0.000135
2016-08-28 24:00:00,   14.265485,    0.000106
2016-08-29 24:00:00,   14.223540,    0.000111
2016-08-30 24:00:00,   14.260905,    0.000115
2016-08-31 24:00:00,   14.510592,    0.000100
2016-09-01 24:00:00,   14.432599,    0.000105
2016-09-02 24:00:00,   14.351321,    0.000114
2016-09-03 24:00:00,   14.101729,    0.000088
2016-09-04 24:00:00,   13.450657,    0.000056
2016-09-05 24:00:00,   13.412763,    0.000059
2016-09-06 24:00:00,   13.550493,    0.000075
2016-09-07 24:00:00,   13.512166,    0.000040
2016-09-08 24:00:00,   13.461294,    0.000041
2016-09-09 24:00:00,   13.272325,    0.000055
2016-09-10 24:00:00,   14.028066,    0.000011
2016-09-11 24:00:00,   14.563942,    0.000016
2016-09-12 24:00:00,   14.626605,    0.000017
2016-09-13 24:00:00,   12.592179,    0.000019
2016-09-14 24:00:00,   12.333015,    0.000030
2016-09-15 24:00:00,   12.274379,    0.000033
2016-09-16 24:00:00,   13.228461,    0.000013
2016-09-17 24:00:00,   12.508651,    0.000036
2016-09-18 24:00:00,   12.501694,    0.000041
2016-09-19 24:00:00,   12.481053,    0.000044
2016-09-20 24:00:00,   11.936098,    0.000052
2016-09-21 24:00:00,   11.802838,    0.000063
2016-09-22 24:00:00,   11.407443,    0.000062
2016-09-23 24:00:00,   12.612529,    0.000012
2016-09-24 24:00:00,   12.418491,    0.000022
2016-09-25 24:00:00,   12.293577,    0.000036
2016-09-26 24:00:00,   12.190816,    0.000058
2016-09-27 24:00:00,   10.967076,    0.000034
2016-09-28 24:00:00,   10.822518,    0.000036
2016-09-29 24:00:00,   10.784836,    0.000039
2016-09-30 24:00:00,   10.825320,    0.000045
2016-10-01 24:00:00,   10.780795,    0.000045
2016-10-02 24:00:00,   10.736616,    0.000050
2016-10-03 24:00:00,   10.691050,    0.000050
2016-10-04 24:00:00,   10.699934,    0.000059
2016-10-05 24:00:00,   10.658008,    0.000060
2016-10-06 24:00:00,   10.331939,    0.000069
2016-10-07 24:00:00,   10.042745,    0.000071
2016-10-08 24:00:00,   10.014525,    0.000071
2016-10-09 24:00:00,   10.344710,    0.000066
2016-10-10 24:00:00,   10.497489,    0.000090
2016-10-11 24:00:00,   10.390752,    0.000085
2016-10-12 24:00:00,   10.395441,    0.000096
2016-10-13 24:00:00,   10.264704,    0.000106
2016-10-14 24:00:00,   10.035463,    0.000109
2016-10-15 24:00:00,    9.855973,    0.000116
2016-10-16 24:00:00,    9.196100,    0.000068
2016-10-17 24:00:00,   11.913346,    0.000031
2016-10-18 24:00:00,   11.451645,    0.000022
2016-10-19 24:00:00,   11.265819,    0.000026
2016-10-20 24:00:00,   11.039834,    0.000028
2016-10-21 24:00:00,   10.934266,    0.000032
2016-10-22 24:00:00,   10.984172,    0.000052
2016-10-23 24:00:00,   10.951383,    0.000058
2016-10-24 24:00:00,   10.757805,    0.000066
2016-10-25 24:00:00,   10.479306,    0.000074
2016-10-26 24:00:00,   10.368569,    0.000074
2016-10-27 24:00:00,   10.164006,    0.000077
2016-10-28 24:00:00,   10.021652,    0.000080
2016-10-29 24:00:00,    9.016739,    0.000083
2016-10-30 24:00:00,    8.868891,    0.000090
2016-10-31 24:00:00,    8.802593,    0.000098
2016-11-01 24:00:00,    8.716368,    0.000104
2016-11-02 24:00:00,    8.307311,    0.000042
2016-11-03 24:00:00,   10.033654,    0.000017
2016-11-04 24:00:00,    9.492866,    0.000040
2016-11-05 24:00:00,    9.380224,    0.000062
2016-11-06 24:00:00,    9.327223,    0.000042
2016-11-07 24:00:00,   10.159143,    0.000017
2016-11-08 24:00:00,    9.762237,    0.000028
2016-11-09 24:00:00,    9.388079,    0.000040
2016-11-10 24:00:00,    9.284231,    0.000041
2016-11-11 24:00:00,    7.861890,    0.000040
2016-11-12 24:00:00,    8.188145,    0.000049
2016-11-13 24:00:00,    8.539251,    0.000057
2016-11-14 24:00:00,    8.743100,    0.000066
2016-11-15 24:00:00,    8.694476,    0.000072
2016-11-16 24:00:00,    8.556035,    0.000072
2016-11-17 24:00:00,    8.281514,    0.000072
2016-11-18 24:00:00,    6.805932,    0.000074
2016-11-19 24:00:00,    6.529278,    0.000076
2016-11-20 24:00:00,    6.508724,    0.000079
2016-11-21 24:00:00,    8.406341,    0.000029
2016-11-22 24:00:00,    8.349324,    0.000047
2016-11-23 24:00:00,    8.146929,    0.000077
2016-11-24 24:00:00,    7.879987,    0.000080
2016-11-25 24:00:00,    7.715360,    0.000087
2016-11-26 24:00:00,    7.385065,    0.000086
2016-11-27 24:00:00,    8.620752,    0.000048
2016-11-28 24:00:00,    9.343231,    0.000034
2016-11-29 24:00:00,    9.122449,    0.000059
2016-11-30 24:00:00,    8.361736,    0.000061
2016-12-01 24:00:00,    7.785601,    0.000055
2016-12-02 24:00:00,    7.502587,    0.000066
2016-12-03 24:00:00,    7.405640,    0.000072
2016-12-04 24:00:00,    8.941921,    0.000029
2016-12-05 24:00:00,    8.577062,    0.000045
2016-12-06 24:00:00,    8.324201,    0.000045
2016-12-07 24:00:00,    6.160219,    0.000028
2016-12-08 24:00:00,    6.067286,    0.000029
2016-12-09 24:00:00,    5.960632,    0.000030
2016-12-10 24:00:00,    5.864543,    0.000030
2016-12-11 24:00:00,    5.803866,    0.000030
2016-12-12 24:00:00,    5.840965,    0.000030
2016-12-13 24:00:00,    5.372369,    0.000050
2016-12-14 24:00:00,    4.380910,    0.000045
2016-12-15 24:00:00,    4.089041,    0.000049
2016-12-16 24:00:00,    4.085118,    0.000024
2016-12-17 24:00:00,    5.414901,    0.000014
2016-12-18 24:00:00,    5.303051,    0.000019
2016-12-19 24:00:00,    4.970049,    0.000028
2016-12-20 24:00:00,    4.477305,    0.000037
2016-12-21 24:00:00,    4.307608,    0.000047
2016-12-22 24:00:00,    4.230687,    0.000050
2016-12-23 24:00:00,    3.771748,    0.000049
2016-12-24 24:00:00,    3.224896,    0.000044
2016-12-25 24:00:00,    2.972710,    0.000041
2016-12-26 24:00:00,    2.981010,    0.000041
2016-12-27 24:00:00,    2.782248,    0.000062
2016-12-28 24:00:00,    2.487819,    0.000062
2016-12-29 24:00:00,   -0.898715,    0.000064
2016-12-30 24:00:00,   -0.865995,    0.000064
2016-12-31 24:00:00,   -0.045890,    0.000066
2017-01-01 24:00:00,   -0.044813,    0.000001
2017-01-02 24:00:00,   -0.012063,    0.000002
2017-01-03 24:00:00,    0.104175,    0.000002
2017-01-04 24:00:00,    0.124748,    0.000002
2017-01-05 24:00:00,    0.113389,    0.000000
2017-01-06 24:00:00,    0.088077,    0.000000
2017-01-07 24:00:00,    0.059163,    0.000000
2017-01-08 24:00:00,    0.034635,    0.000000
2017-01-09 24:00:00,    0.071106,    0.000000
2017-01-10 24:00:00,   -0.017550,    0.000000
2017-01-11 24:00:00,    0.004300,    0.000000
2017-01-12 24:00:00,    0.022297,    0.000000
2017-01-13 24:00:00,    0.014078,    0.000000
2017-01-14 24:00:00,    0.029786,    0.000000
2017-01-15 24:00:00,    0.041924,    0.000000
2017-01-16 24:00:00,    0.047611,    0.000000
2017-01-17 24:00:00,   -0.153138,    0.000000
2017-01-18 24:00:00,   -0.067461,    0.000000
2017-01-19 24:00:00,   -0.066423,    0.000000
2017-01-20 24:00:00,   -0.066717,    0.000000
2017-01-21 24:00:00,   -0.066899,    0.000000
2017-01-22 24:00:00,   -0.070788,    0.000000
2017-01-23 24:00:00,   -0.025281,    0.000000
2017-01-24 24:00:00,   -0.014775,    0.000000
2017-01-25 24:00:00,   -0.092500,    0.000000
2017-01-26 24:00:00,   -0.085428,    0.000000
2017-01-27 24:00:00,   -0.085044,    0.000000
2017-01-28 24:00:00,    0.133565,    0.000004
2017-01-29 24:00:00,    1.216059,    0.000020
2017-01-30 24:00:00,    2.870105,    0.000019
2017-01-31 24:00:00,    3.048586,    0.000031
2017-02-01 24:00:00,    3.159886,    0.000042
2017-02-02 24:00:00,    3.233333,    0.000052
2017-02-03 24:00:00,    3.279335,    0.000061
2017-02-04 24:00:00,    3.311725,    0.000069
2017-02-05 24:00:00,    3.348855,    0.000069
2017-02-06 24:00:00,    3.371429,    0.000079
2017-02-07 24:00:00,    3.492100,    0.000081
2017-02-08 24:00:00,    3.581288,    0.000086
2017-02-09 24:00:00,    3.732098,    0.000088
2017-02-10 24:00:00,    4.643707,    0.000084
2017-02-11 24:00:00,    4.413920,    0.000092
2017-02-12 24:00:00,    4.520956,    0.000092
2017-02-13 24:00:00,    4.412405,    0.000092
2017-02-14 24:00:00,    4.609829,    0.000092
2017-02-15 24:00:00,    4.411143,    0.000099
2017-02-16 24:00:00,    4.614394,    0.000099
2017-02-17 24:00:00,    4.714885,    0.000099
2017-02-18 24:00:00,    4.905877,    0.000130
2017-02-19 24:00:00,    5.031600,    0.000128
2017-02-20 24:00:00,    4.287916,    0.000107
2017-02-21 24:00:00,    4.293259,    0.000114
2017-02-22 24:00:00,    4.449653,    0.000114
2017-02-23 24:00:00,    3.457192,    0.000169
2017-02-24 24:00:00,    4.128168,    0.000124
2017-02-25 24:00:00,    3.969364,    0.000130
2017-02-26 24:00:00,    3.954516,    0.000130
2017-02-27 24:00:00,    3.986846,    0.000130
2017-02-28 24:00:00,    4.014156,    0.000130
2017-03-01 24:00:00,    4.034227,    0.000130
2017-03-02 24:00:00,    4.054459,    0.000130
2017-03-03 24:00:00,    6.215388,    0.000142
2017-03-04 24:00:00,    6.392108,    0.000142
2017-03-05 24:00:00,    3.487382,    0.000107
2017-03-06 24:00:00,    4.700502,    0.000086
2017-03-07 24:00:00,    9.271067,    0.000073
2017-03-08 24:00:00,    8.412971,    0.000110
2017-03-09 24:00:00,    8.435348,    0.000082
2017-03-10 24:00:00,    8.416028,    0.000094
2017-03-11 24:00:00,    8.326182,    0.000107
2017-03-12 24:00:00,    7.596737,    0.000116
2017-03-13 24:00:00,    6.977810,    0.000063
2017-03-14 24:00:00,    6.569863,    0.000059
2017-03-15 24:00:00,    6.407056,    0.000048
2017-03-16 24:00:00,    6.185487,    0.000061
2017-03-17 24:00:00,    6.125700,    0.000062
2017-03-18 24:00:00,    5.915877,    0.000066
2017-03-19 24:00:00,   -0.785189,    0.000129
2017-03-20 24:00:00,    1.588601,    0.000115
2017-03-21 24:00:00,    5.368298,    0.000074
2017-03-22 24:00:00,    5.757143,    0.000074
2017-03-23 24:00:00,    6.131005,    0.000082
2017-03-24 24:00:00,    0.588227,    0.000002
2017-03-25 24:00:00,    3.933623,    0.000046
2017-03-26 24:00:00,    4.610154,    0.000053
2017-03-27 24:00:00,    4.787824,    0.000063
2017-03-28 24:00:00,    6.013366,    0.000092
2017-03-29 24:00:00,    6.402861,    0.000138
2017-03-30 24:00:00,    5.924151,    0.000060
2017-03-31 24:00:00,    6.263346,    0.000074
2017-04-01 24:00:00,    6.499769,    0.000097
2017-04-02 24:00:00,    7.137292,    0.000120
2017-04-03 24:00:00,    9.689971,    0.000052
2017-04-04 24:00:00,    9.434755,    0.000082
2017-04-05 24:00:00,    9.471818,    0.000096
2017-04-06 24:00:00,    9.350001,    0.000110
2017-04-07 24:00:00,    9.158072,    0.000124
2017-04-08 24:00:00,    9.012617,    0.000136
2017-04-09 24:00:00,    8.507685,    0.000122
2017-04-10 24:00:00,    8.015198,    0.000113
2017-04-11 24:00:00,    7.774540,    0.000122
2017-04-12 24:00:00,    7.320750,    0.000109
2017-04-13 24:00:00,    7.367550,    0.000120
2017-04-14 24:00:00,    7.419911,    0.000123
2017-04-15 24:00:00,    7.577773,    0.000134
2017-04-16 24:00:00,    7.702998,    0.000139
2017-04-17 24:00:00,    8.133652,    0.000155
2017-04-18 24:00:00,    8.359649,    0.000103
2017-04-19 24:00:00,    8.504827,    0.000112
2017-04-20 24:00:00,    8.775424,    0.000079
2017-04-21 24:00:00,    8.603970,    0.000097
2017-04-22 24:00:00,    8.515325,    0.000111
2017-04-23 24:00:00,    8.258054,    0.000112
2017-04-24 24:00:00,    8.883549,    0.000155
2017-04-25 24:00:00,   10.981713,    0.000093
2017-04-26 24:00:00,   11.347129,    0.000094
2017-04-27 24:00:00,   10.012161,    0.000126
2017-04-28 24:00:00,   10.075926,    0.000138
2017-04-29 24:00:00,   10.019201,    0.000147
2017-04-30 24:00:00,    7.932491,    0.000094
2017-05-01 24:00:00,    7.238515,    0.000090
2017-05-02 24:00:00,    7.180860,    0.000090
2017-05-03 24:00:00,    7.331124,    0.000092
2017-05-04 24:00:00,    8.109840,    0.000131
2017-05-05 24:00:00,    8.849502,    0.000131
2017-05-06 24:00:00,    9.249854,    0.000131
2017-05-07 24:00:00,    8.617480,    0.000123
2017-05-08 24:00:00,   10.709823,    0.000114
2017-05-09 24:00:00,   11.265607,    0.000129
2017-05-10 24:00:00,   11.366896,    0.000136
2017-05-11 24:00:00,   10.712770,    0.000151
2017-05-12 24:00:00,   10.446156,    0.000153
2017-05-13 24:00:00,    9.009535,    0.000149
2017-05-14 24:00:00,    9.032458,    0.000150
2017-05-15 24:00:00,    8.474191,    0.000116
2017-05-16 24:00:00,    8.616351,    0.000119
2017-05-17 24:00:00,    8.939725,    0.000124
2017-05-18 24:00:00,    9.318690,    0.000142
2017-05-19 24:00:00,   10.032768,    0.000127
2017-05-20 24:00:00,   10.243339,    0.000136
2017-05-21 24:00:00,   10.614672,    0.000136
2017-05-22 24:00:00,   10.997985,    0.000136
2017-05-23 24:00:00,   11.390472,    0.000136
2017-05-24 24:00:00,   12.529253,    0.000136
2017-05-25 24:00:00,   14.809302,    0.000223
2017-05-26 24:00:00,   13.530519,    0.000141
2017-05-27 24:00:00,   14.337319,    0.000215
2017-05-28 24:00:00,   13.716184,    0.000219
2017-05-29 24:00:00,   12.322542,    0.000149
2017-05-30 24:00:00,   11.684455,    0.000157
2017-05-31 24:00:00,   11.797858,    0.000170
2017-06-01 24:00:00,   10.143323,    0.000093
2017-06-02 24:00:00,   10.362424,    0.000068
2017-06-03 24:00:00,    9.767091,    0.000051
2017-06-04 24:00:00,   10.327216,    0.000063
2017-06-05 24:00:00,   11.817113,    0.000121
2017-06-06 24:00:00,   12.458486,    0.000128
2017-06-07 24:00:00,   12.946346,    0.000127
2017-06-08 24:00:00,   13.489639,    0.000158
2017-06-09 24:00:00,   13.958550,    0.000158
2017-06-10 24:00:00,   14.158987,    0.000142
2017-06-11 24:00:00,   15.180111,    0.000142
2017-06-12 24:00:00,   15.972757,    0.000153
2017-06-13 24:00:00,   16.554160,    0.000155
2017-06-14 24:00:00,   17.114984,    0.000155
2017-06-15 24:00:00,   17.415815,    0.000156
2017-06-16 24:00:00,   17.914473,    0.000173
2017-06-17 24:00:00,   18.763045,    0.000175
2017-06-18 24:00:00,   18.247241,    0.000180
2017-06-19 24:00:00,   16.101891,    0.000116
2017-06-20 24:00:00,   16.091438,    0.000122
2017-06-21 24:00:00,   16.777657,    0.000164
2017-06-22 24:00:00,   15.972129,    0.000068
2017-06-23 24:00:00,   15.861674,    0.000083
2017-06-24 24:00:00,   16.112221,    0.000108
2017-06-25 24:00:00,   16.842312,    0.000124
2017-06-26 24:00:00,   17.375198,    0.000126
2017-06-27 24:00:00,   17.996999,    0.000127
2017-06-28 24:00:00,   17.771775,    0.000133
2017-06-29 24:00:00,   18.009976,    0.000141
2017-06-30 24:00:00,   17.396258,    0.000132
2017-07-01 24:00:00,   17.308543,    0.000135
2017-07-02 24:00:00,   17.558737,    0.000139
2017-07-03 24:00:00,   17.335471,    0.000118
2017-07-04 24:00:00,   17.228768,    0.000127
2017-07-05 24:00:00,   17.194921,    0.000140
2017-07-06 24:00:00,   17.875428,    0.000145
2017-07-07 24:00:00,   18.687288,    0.000159
2017-07-08 24:00:00,   18.833077,    0.000183
2017-07-09 24:00:00,   18.131866,    0.000182
2017-07-10 24:00:00,   18.471261,    0.000204
2017-07-11 24:00:00,   17.697380,    0.000147
2017-07-12 24:00:00,   17.562765,    0.000154
2017-07-13 24:00:00,   17.625706,    0.000166
2017-07-14 24:00:00,   18.182959,    0.000193
2017-07-15 24:00:00,   18.336570,    0.000145
2017-07-16 24:00:00,   18.464609,    0.000158
2017-07-17 24:00:00,   19.280648,    0.000177
2017-07-18 24:00:00,   19.837429,    0.000174
2017-07-19 24:00:00,   17.775601,    0.000104
2017-07-20 24:00:00,   15.654797,    0.000070
2017-07-21 24:00:00,   15.776345,    0.000088
2017-07-22 24:00:00,   16.410804,    0.000139
2017-07-23 24:00:00,   17.483699,    0.000097
2017-07-24 24:00:00,   17.708690,    0.000107
2017-07-25 24:00:00,   18.395471,    0.000111
2017-07-26 24:00:00,   19.373999,    0.000156
2017-07-27 24:00:00,   19.705808,    0.000150
2017-07-28 24:00:00,   20.021333,    0.000184
2017-07-29 24:00:00,   20.639548,    0.000206
2017-07-30 24:00:00,   18.736449,    0.000149
2017-07-31 24:00:00,   18.681359,    0.000156
2017-08-01 24:00:00,   19.371476,    0.000164
2017-08-02 24:00:00,   19.558604,    0.000192
2017-08-03 24:00:00,   19.947209,    0.000215
2017-08-04 24:00:00,   19.589580,    0.000201
2017-08-05 24:00:00,   19.677070,    0.000203
2017-08-06 24:00:00,   19.706185,    0.000202
2017-08-07 24:00:00,   20.292396,    0.000219
2017-08-08 24:00:00,   20.746013,    0.000222
2017-08-09 24:00:00,   21.173958,    0.000223
2017-08-10 24:00:00,   21.680362,    0.000239
2017-08-11 24:00:00,   21.859981,    0.000256
2017-08-12 24:00:00,   22.263837,    0.000264
2017-08-13 24:00:00,   21.975282,    0.000277
2017-08-14 24:00:00,   21.928523,    0.000285
2017-08-15 24:00:00,   21.229734,    0.000277
2017-08-16 24:00:00,   20.734655,    0.000273
2017-08-17 24:00:00,   19.947932,    0.000257
2017-08-18 24:00:00,   19.518208,    0.000255
2017-08-19 24:00:00,   18.317856,    0.000226
2017-08-20 24:00:00,   15.896774,    0.000092
2017-08-21 24:00:00,   15.670984,    0.000097
2017-08-22 24:00:00,   15.560145,    0.000106
2017-08-23 24:00:00,   15.620801,    0.000115
2017-08-24 24:00:00,   15.952305,    0.000121
2017-08-25 24:00:00,   16.038897,    0.000139
2017-08-26 24:00:00,   16.832159,    0.000177
2017-08-27 24:00:00,   16.115231,    0.000156
2017-08-28 24:00:00,   15.225041,    0.000078
2017-08-29 24:00:00,   15.092112,    0.000087
2017-08-30 24:00:00,   15.067090,    0.000097
2017-08-31 24:00:00,   14.467561,    0.000094
2017-09-01 24:00:00,   13.169109,    0.000078
2017-09-02 24:00:00,   13.094220,    0.000084
2017-09-03 24:00:00,   12.975365,    0.000093
2017-09-04 24:00:00,   14.141745,    0.000079
2017-09-05 24:00:00,   13.328369,    0.000093
2017-09-06 24:00:00,   13.334484,    0.000093
2017-09-07 24:00:00,   13.352340,    0.000100
2017-09-08 24:00:00,   13.395198,    0.000104
2017-09-09 24:00:00,   13.678203,    0.000117
2017-09-10 24:00:00,   15.270987,    0.000024
2017-09-11 24:00:00,   15.105065,    0.000036
2017-09-12 24:00:00,   14.572912,    0.000057
2017-09-13 24:00:00,   14.462911,    0.000061
2017-09-14 24:00:00,   14.384587,    0.000071
2017-09-15 24:00:00,   13.386799,    0.000057
2017-09-16 24:00:00,   13.095404,    0.000063
2017-09-17 24:00:00,   13.000921,    0.000068
2017-09-18 24:00:00,   12.804776,    0.000077
2017-09-19 24:00:00,   10.578250,    0.000072
2017-09-20 24:00:00,    8.931617,    0.000060
2017-09-21 24:00:00,    9.025632,    0.000069
2017-09-22 24:00:00,    9.216386,    0.000084
2017-09-23 24:00:00,    9.232032,    0.000088
2017-09-24 24:00:00,    9.612105,    0.000109
2017-09-25 24:00:00,   12.328681,    0.000025
2017-09-26 24:00:00,   11.889572,    0.000054
2017-09-27 24:00:00,   14.887210,    0.000031
2017-09-28 24:00:00,   14.584537,    0.000033
2017-09-29 24:00:00,   14.228405,    0.000054
2017-09-30 24:00:00,   14.105568,    0.000057
2017-10-01 24:00:00,   13.297912,    0.000080
2017-10-02 24:00:00,   13.077076,    0.000095
2017-10-03 24:00:00,   12.267408,    0.000091
2017-10-04 24:00:00,   12.113887,    0.000091
2017-10-05 24:00:00,   11.481875,    0.000096
2017-10-06 24:00:00,   11.404935,    0.000097
2017-10-07 24:00:00,   11.390916,    0.000100
2017-10-08 24:00:00,   11.373567,    0.000104
2017-10-09 24:00:00,   11.362927,    0.000114
2017-10-10 24:00:00,   11.258614,    0.000125
2017-10-11 24:00:00,   11.192918,    0.000136
2017-10-12 24:00:00,   10.979553,    0.000139
2017-10-13 24:00:00,   10.828119,    0.000142
2017-10-14 24:00:00,   11.072405,    0.000047
2017-10-15 24:00:00,   11.363792,    0.000083
2017-10-16 24:00:00,   11.101251,    0.000030
2017-10-17 24:00:00,   10.789102,    0.000068
2017-10-18 24:00:00,   10.633080,    0.000080
2017-10-19 24:00:00,   10.536716,    0.000084
2017-10-20 24:00:00,   10.018464,    0.000093
2017-10-21 24:00:00,    9.927467,    0.000095
2017-10-22 24:00:00,    9.326935,    0.000056
2017-10-23 24:00:00,    9.224793,    0.000059
2017-10-24 24:00:00,    9.170551,    0.000061
2017-10-25 24:00:00,    9.087859,    0.000067
2017-10-26 24:00:00,    9.030908,    0.000069
2017-10-27 24:00:00,    8.966225,    0.000073
2017-10-28 24:00:00,    8.928381,    0.000073
2017-10-29 24:00:00,    8.893384,    0.000073
2017-10-30 24:00:00,    8.699220,    0.000084
2017-10-31 24:00:00,    8.337183,    0.000084
2017-11-01 24:00:00,    8.021283,    0.000093
2017-11-02 24:00:00,    7.953807,    0.000096
2017-11-03 24:00:00,    7.769580,    0.000103
2017-11-04 24:00:00,    7.649222,    0.000107
2017-11-05 24:00:00,    7.811850,    0.000128
2017-11-06 24:00:00,   11.772135,    0.000062
2017-11-07 24:00:00,   10.710187,    0.000072
2017-11-08 24:00:00,    9.430999,    0.000083
2017-11-09 24:00:00,    9.282684,    0.000102
2017-11-10 24:00:00,    9.174383,    0.000108
2017-11-11 24:00:00,    8.929883,    0.000108
2017-11-12 24:00:00,    8.801971,    0.000109
2017-11-13 24:00:00,    8.587421,    0.000120
2017-11-14 24:00:00,    7.807550,    0.000121
2017-11-15 24:00:00,    7.432056,    0.000126
2017-11-16 24:00:00,    6.059613,    0.000101
2017-11-17 24:00:00,    6.314699,    0.000011
2017-11-18 24:00:00,    6.156594,    0.000051
2017-11-19 24:00:00,    6.065990,    0.000058
2017-11-20 24:00:00,    5.834452,    0.000067
2017-11-21 24:00:00,    4.718272,    0.000056
2017-11-22 24:00:00,    4.712429,    0.000057
2017-11-23 24:00:00,    5.249301,    0.000047
2017-11-24 24:00:00,    6.605075,    0.000021
2017-11-25 24:00:00,    6.005663,    0.000052
2017-11-26 24:00:00,    8.163572,    0.000049
2017-11-27 24:00:00,    7.648241,    0.000050
2017-11-28 24:00:00,    7.497394,    0.000052
2017-11-29 24:00:00,    6.684875,    0.000060
2017-11-30 24:00:00,    6.543615,    0.000067
2017-12-01 24:00:00,    6.081362,    0.000084
2017-12-02 24:00:00,    5.497250,    0.000075
2017-12-03 24:00:00,    5.464671,    0.000078
2017-12-04 24:00:00,    5.496163,    0.000078
2017-12-05 24:00:00,    5.597261,    0.000078
2017-12-06 24:00:00,    4.866643,    0.000070
2017-12-07 24:00:00,    5.424751,    0.000078
2017-12-08 24:00:00,    6.393941,    0.000073
2017-12-09 24:00:00,    7.169160,    0.000077
2017-12-10 24:00:00,    7.111322,    0.000078
2017-12-11 24:00:00,    7.042050,    0.000080
2017-12-12 24:00:00,    6.944768,    0.000080
2017-12-13 24:00:00,    6.894164,    0.000082
2017-12-14 24:00:00,    6.985119,    0.000090
2017-12-15 24:00:00,    7.024753,    0.000096
2017-12-16 24:00:00,    6.924400,    0.000104
2017-12-17 24:00:00,    6.845182,    0.000092
2017-12-18 24:00:00,   10.094916,    0.000086
2017-12-19 24:00:00,    8.985747,    0.000066
2017-12-20 24:00:00,    8.164785,    0.000037
2017-12-21 24:00:00,    6.542358,    0.000030
2017-12-22 24:00:00,    5.932914,    0.000031
2017-12-23 24:00:00,    5.771637,    0.000042
2017-12-24 24:00:00,    5.444194,    0.000049
2017-12-25 24:00:00,    5.469716,    0.000049
2017-12-26 24:00:00,    3.275977,    0.000030
2017-12-27 24:00:00,    4.661145,    0.000030
2017-12-28 24:00:00,    4.988578,    0.000033
2017-12-29 24:00:00,    4.892128,    0.000043
2017-12-30 24:00:00,    4.812400,    0.000044
2017-12-31 24:00:00,    4.856895,    0.000044
2018-01-01 24:00:00,    5.042971,    0.000044
2018-01-02 24:00:00,    4.882646,    0.000043
2018-01-03 24:00:00,    4.350527,    0.000053
2018-01-04 24:00:00,    4.262842,    0.000058
2018-01-05 24:00:00,    4.309340,    0.000058
2018-01-06 24:00:00,    4.363753,    0.000058
2018-01-07 24:00:00,    4.402973,    0.000058
2018-01-08 24:00:00,    4.432970,    0.000058
2018-01-09 24:00:00,    5.034095,    0.000058
2018-01-10 24:00:00,    0.524554,    0.000001
2018-01-11 24:00:00,    0.574580,    0.000001
2018-01-12 24:00:00,    0.628488,    0.000001
2018-01-13 24:00:00,    0.686531,    0.000001
2018-01-14 24:00:00,    0.727061,    0.000001
2018-01-15 24:00:00,    0.590559,    0.000000
2018-01-16 24:00:00,    0.462324,    0.000002
2018-01-17 24:00:00,    1.295130,    0.000017
2018-01-18 24:00:00,    1.358989,    0.000028
2018-01-19 24:00:00,    1.569076,    0.000049
2018-01-20 24:00:00,    1.627836,    0.000052
2018-01-21 24:00:00,    2.950896,    0.000061
2018-01-22 24:00:00,    3.261406,    0.000037
2018-01-23 24:00:00,    5.107514,    0.000040
2018-01-24 24:00:00,    5.303822,    0.000051
2018-01-25 24:00:00,    5.254916,    0.000052
2018-01-26 24:00:00,    5.466922,    0.000051
2018-01-27 24:00:00,    5.334021,    0.000061
2018-01-28 24:00:00,    5.148055,    0.000070
2018-01-29 24:00:00,    5.864305,    0.000044
2018-01-30 24:00:00,    4.694142,    0.000038
2018-01-31 24:00:00,    4.069303,    0.000044
2018-02-01 24:00:00,    4.034857,    0.000053
2018-02-02 24:00:00,    4.061878,    0.000060
2018-02-03 24:00:00,    5.147175,    0.000042
2018-02-04 24:00:00,    4.899786,    0.000047
2018-02-05 24:00:00,    4.928932,    0.000050
2018-02-06 24:00:00,    5.026032,    0.000047
2018-02-07 24:00:00,    4.888561,    0.000056
2018-02-08 24:00:00,    4.845350,    0.000058
2018-02-09 24:00:00,    4.856330,    0.000061
2018-02-10 24:00:00,    4.809966,    0.000063
2018-02-11 24:00:00,    4.770650,    0.000068
2018-02-12 24:00:00,    5.561642,    0.000070
2018-02-13 24:00:00,    4.968149,    0.000074
2018-02-14 24:00:00,    4.930641,    0.000083
2018-02-15 24:00:00,    4.922058,    0.000085
2018-02-16 24:00:00,    4.926184,    0.000090
2018-02-17 24:00:00,    4.924483,    0.000095
2018-02-18 24:00:00,    4.841562,    0.000101
2018-02-19 24:00:00,    0.552660,    0.000063
2018-02-20 24:00:00,    0.805556,    0.000083
2018-02-21 24:00:00,    3.967302,    0.000104
2018-02-22 24:00:00,    3.529960,    0.000145
2018-02-23 24:00:00,    3.530577,    0.000166
2018-02-24 24:00:00,    3.542527,    0.000169
2018-02-25 24:00:00,    3.975017,    0.000170
2018-02-26 24:00:00,    4.043803,    0.000115
2018-02-27 24:00:00,    3.753986,    0.000125
2018-02-28 24:00:00,    3.222163,    0.000090
2018-03-01 24:00:00,    3.138698,    0.000096
2018-03-02 24:00:00,    3.164800,    0.000100
2018-03-03 24:00:00,    3.201410,    0.000102
2018-03-04 24:00:00,    3.350794,    0.000109
2018-03-05 24:00:00,    3.961282,    0.000103
2018-03-06 24:00:00,    4.150619,    0.000092
2018-03-07 24:00:00,    4.192463,    0.000093
2018-03-08 24:00:00,    4.599124,    0.000083
2018-03-09 24:00:00,    4.682505,    0.000083
2018-03-10 24:00:00,    6.761332,    0.000044
2018-03-11 24:00:00,    6.443796,    0.000061
2018-03-12 24:00:00,    6.180456,    0.000067
2018-03-13 24:00:00,    6.177410,    0.000045
2018-03-14 24:00:00,    6.588397,    0.000045
2018-03-15 24:00:00,    8.114207,    0.000057
2018-03-16 24:00:00,    7.918292,    0.000060
2018-03-17 24:00:00,    8.851463,    0.000090
2018-03-18 24:00:00,    8.499360,    0.000097
2018-03-19 24:00:00,    8.229437,    0.000096
2018-03-20 24:00:00,    7.708327,    0.000081
2018-03-21 24:00:00,    7.397732,    0.000073
2018-03-22 24:00:00,    7.067893,    0.000083
2018-03-23 24:00:00,    7.336699,    0.000100
2018-03-24 24:00:00,    7.994308,    0.000112
2018-03-25 24:00:00,    8.230827,    0.000121
2018-03-26 24:00:00,    8.586218,    0.000140
2018-03-27 24:00:00,    8.911401,    0.000159
2018-03-28 24:00:00,    9.507537,    0.000171
2018-03-29 24:00:00,    9.051146,    0.000147
2018-03-30 24:00:00,    9.816556,    0.000162
2018-03-31 24:00:00,    8.637029,    0.000133
2018-04-01 24:00:00,    8.582523,    0.000140
2018-04-02 24:00:00,    8.593466,    0.000142
2018-04-03 24:00:00,    8.741631,    0.000143
2018-04-04 24:00:00,    9.348109,    0.000159
2018-04-05 24:00:00,    9.627321,    0.000165
2018-04-06 24:00:00,   10.181119,    0.000140
2018-04-07 24:00:00,    9.429341,    0.000144
2018-04-08 24:00:00,    8.664034,    0.000127
2018-04-09 24:00:00,    9.347250,    0.000051
2018-04-10 24:00:00,    8.918329,    0.000056
2018-04-11 24:00:00,   10.032756,    0.000092
2018-04-12 24:00:00,    9.542854,    0.000062
2018-04-13 24:00:00,    9.812037,    0.000084
2018-04-14 24:00:00,    9.777500,    0.000092
2018-04-15 24:00:00,    9.616634,    0.000094
2018-04-16 24:00:00,    8.479747,    0.000079
2018-04-17 24:00:00,    8.260562,    0.000089
2018-04-18 24:00:00,    5.810994,    0.000054
2018-04-19 24:00:00,    4.013801,    0.000032
2018-04-20 24:00:00,    4.041623,    0.000040
2018-04-21 24:00:00,    5.253746,    0.000094
2018-04-22 24:00:00,    4.987514,    0.000058
2018-04-23 24:00:00,    5.257689,    0.000058
2018-04-24 24:00:00,    5.529848,    0.000073
2018-04-25 24:00:00,    5.990914,    0.000078
2018-04-26 24:00:00,    6.224671,    0.000086
2018-04-27 24:00:00,    8.119664,    0.000043
2018-04-28 24:00:00,    9.168466,    0.000095
2018-04-29 24:00:00,    9.912806,    0.000105
2018-04-30 24:00:00,    9.405466,    0.000092
2018-05-01 24:00:00,    9.210899,    0.000104
2018-05-02 24:00:00,    8.912306,    0.000073
2018-05-03 24:00:00,    8.488406,    0.000080
2018-05-04 24:00:00,    8.385468,    0.000040
2018-05-05 24:00:00,    9.978212,    0.000034
2018-05-06 24:00:00,   10.224652,    0.000068
2018-05-07 24:00:00,   10.962478,    0.000118
2018-05-08 24:00:00,   12.026709,    0.000078
2018-05-09 24:00:00,   13.088829,    0.000097
2018-05-10 24:00:00,   13.526447,    0.000107
2018-05-11 24:00:00,   14.160462,    0.000109
2018-05-12 24:00:00,   12.945991,    0.000086
2018-05-13 24:00:00,   13.514973,    0.000096
2018-05-14 24:00:00,   13.950396,    0.000095
2018-05-15 24:00:00,   15.317962,    0.000129
2018-05-16 24:00:00,   13.741509,    0.000065
2018-05-17 24:00:00,   12.732897,    0.000044
2018-05-18 24:00:00,   12.810108,    0.000047
2018-05-19 24:00:00,   13.451977,    0.000092
2018-05-20 24:00:00,   13.562669,    0.000088
2018-05-21 24:00:00,   13.963207,    0.000112
2018-05-22 24:00:00,   13.732541,    0.000115
2018-05-23 24:00:00,   13.808322,    0.000127
2018-05-24 24:00:00,   14.231756,    0.000137
2018-05-25 24:00:00,   14.386160,    0.000159
2018-05-26 24:00:00,   13.332094,    0.000125
2018-05-27 24:00:00,   13.900337,    0.000125
2018-05-28 24:00:00,   14.384003,    0.000125
2018-05-29 24:00:00,   15.343599,    0.000125
2018-05-30 24:00:00,   16.008647,    0.000125
2018-05-31 24:00:00,   14.943992,    0.000134
2018-06-01 24:00:00,   15.153949,    0.000139
2018-06-02 24:00:00,   15.638737,    0.000139
2018-06-03 24:00:00,   16.132394,    0.000139
2018-06-04 24:00:00,   16.313733,    0.000167
2018-06-05 24:00:00,   15.791272,    0.000164
2018-06-06 24:00:00,   15.849572,    0.000169
2018-06-07 24:00:00,   15.728249,    0.000172
2018-06-08 24:00:00,   15.776370,    0.000174
2018-06-09 24:00:00,   15.876902,    0.000188
2018-06-10 24:00:00,   15.819612,    0.000198
2018-06-11 24:00:00,   15.404833,    0.000208
2018-06-12 24:00:00,   15.622380,    0.000210
2018-06-13 24:00:00,   16.137273,    0.000214
2018-06-14 24:00:00,   16.605483,    0.000225
2018-06-15 24:00:00,   13.895599,    0.000142
2018-06-16 24:00:00,   12.846476,    0.000095
2018-06-17 24:00:00,   12.962163,    0.000112
2018-06-18 24:00:00,   13.588866,    0.000127
2018-06-19 24:00:00,   12.828306,    0.000097
2018-06-20 24:00:00,   14.600079,    0.000071
2018-06-21 24:00:00,   12.849776,    0.000080
2018-06-22 24:00:00,   14.082439,    0.000017
2018-06-23 24:00:00,   13.353858,    0.000039
2018-06-24 24:00:00,   13.350317,    0.000049
2018-06-25 24:00:00,   12.500397,    0.000059
2018-06-26 24:00:00,   12.708576,    0.000091
2018-06-27 24:00:00,   13.424340,    0.000099
2018-06-28 24:00:00,   13.933659,    0.000099
2018-06-29 24:00:00,   15.677491,    0.000159
2018-06-30 24:00:00,   16.197933,    0.000191
2018-07-01 24:00:00,   15.393434,    0.000111
2018-07-02 24:00:00,   15.215235,    0.000119
2018-07-03 24:00:00,   15.256251,    0.000136
2018-07-04 24:00:00,   15.992690,    0.000141
2018-07-05 24:00:00,   18.120094,    0.000086
2018-07-06 24:00:00,   17.406271,    0.000101
2018-07-07 24:00:00,   17.421255,    0.000104
2018-07-08 24:00:00,   17.606303,    0.000124
2018-07-09 24:00:00,   16.118490,    0.000038
2018-07-10 24:00:00,   16.331488,    0.000067
2018-07-11 24:00:00,   16.827591,    0.000112
2018-07-12 24:00:00,   17.589687,    0.000126
2018-07-13 24:00:00,   17.451608,    0.000137
2018-07-14 24:00:00,   17.215333,    0.000134
2018-07-15 24:00:00,   17.125340,    0.000132
2018-07-16 24:00:00,   17.214506,    0.000143
2018-07-17 24:00:00,   16.572264,    0.000134
2018-07-18 24:00:00,   16.532375,    0.000133
2018-07-19 24:00:00,   16.577996,    0.000135
2018-07-20 24:00:00,   17.142329,    0.000137
2018-07-21 24:00:00,   17.713564,    0.000141
2018-07-22 24:00:00,   17.535885,    0.000166
2018-07-23 24:00:00,   17.102667,    0.000176
2018-07-24 24:00:00,   17.099449,    0.000189
2018-07-25 24:00:00,   17.390573,    0.000140
2018-07-26 24:00:00,   16.383706,    0.000073
2018-07-27 24:00:00,   15.998625,    0.000085
2018-07-28 24:00:00,   15.150662,    0.000084
2018-07-29 24:00:00,   14.313250,    0.000054
2018-07-30 24:00:00,   13.991817,    0.000060
2018-07-31 24:00:00,   13.886051,    0.000071
2018-08-01 24:00:00,   12.763025,    0.000062
2018-08-02 24:00:00,   12.864456,    0.000070
2018-08-03 24:00:00,   14.594172,    0.000070
2018-08-04 24:00:00,   13.766377,    0.000083
2018-08-05 24:00:00,   13.878038,    0.000100
2018-08-06 24:00:00,   13.804823,    0.000109
2018-08-07 24:00:00,   13.663772,    0.000118
2018-08-08 24:00:00,   13.646355,    0.000129
2018-08-09 24:00:00,   14.082166,    0.000142
2018-08-10 24:00:00,   14.140402,    0.000172
2018-08-11 24:00:00,   14.517700,    0.000185
2018-08-12 24:00:00,   14.000025,    0.000144
2018-08-13 24:00:00,   14.650787,    0.000155
2018-08-14 24:00:00,   15.160439,    0.000168
2018-08-15 24:00:00,   15.395068,    0.000170
2018-08-16 24:00:00,   14.025834,    0.000113
2018-08-17 24:00:00,   13.840600,    0.000101
2018-08-18 24:00:00,   14.093384,    0.000105
2018-08-19 24:00:00,   14.595786,    0.000105
2018-08-20 24:00:00,   17.598763,    0.000102
2018-08-21 24:00:00,   16.847373,    0.000129
2018-08-22 24:00:00,   16.554518,    0.000149
2018-08-23 24:00:00,   16.649323,    0.000159
2018-08-24 24:00:00,   15.004248,    0.000109
2018-08-25 24:00:00,   14.734784,    0.000123
2018-08-26 24:00:00,   14.375286,    0.000131
2018-08-27 24:00:00,   13.635594,    0.000117
2018-08-28 24:00:00,   13.747217,    0.000123
2018-08-29 24:00:00,   13.972818,    0.000123
2018-08-30 24:00:00,   14.097275,    0.000123
2018-08-31 24:00:00,   14.443082,    0.000120
2018-09-01 24:00:00,   14.246808,    0.000136
2018-09-02 24:00:00,   13.758761,    0.000139
2018-09-03 24:00:00,   13.668497,    0.000142
2018-09-04 24:00:00,   12.830837,    0.000095
2018-09-05 24:00:00,   14.338759,    0.000040
2018-09-06 24:00:00,   14.340660,    0.000063
2018-09-07 24:00:00,   14.206846,    0.000068
2018-09-08 24:00:00,   14.133033,    0.000079
2018-09-09 24:00:00,   13.171980,    0.000102
2018-09-10 24:00:00,   12.799314,    0.000109
2018-09-11 24:00:00,   12.824013,    0.000112
2018-09-12 24:00:00,   12.798023,    0.000113
2018-09-13 24:00:00,   12.310383,    0.000093
2018-09-14 24:00:00,   12.124580,    0.000101
2018-09-15 24:00:00,   10.611912,    0.000079
2018-09-16 24:00:00,   10.544638,    0.000088
2018-09-17 24:00:00,   10.350096,    0.000091
2018-09-18 24:00:00,   10.354640,    0.000099
2018-09-19 24:00:00,   10.790989,    0.000099
2018-09-20 24:00:00,   11.213880,    0.000100
2018-09-21 24:00:00,   11.286066,    0.000105
2018-09-22 24:00:00,   11.124025,    0.000102
2018-09-23 24:00:00,   10.944092,    0.000109
2018-09-24 24:00:00,    9.773672,    0.000047
2018-09-25 24:00:00,    9.659620,    0.000056
2018-09-26 24:00:00,    8.915972,    0.000057
2018-09-27 24:00:00,    8.722412,    0.000065
2018-09-28 24:00:00,    8.614933,    0.000067
2018-09-29 24:00:00,    8.463997,    0.000070
2018-09-30 24:00:00,    8.353775,    0.000071
2018-10-01 24:00:00,    8.298349,    0.000072
2018-10-02 24:00:00,    8.380827,    0.000062
2018-10-03 24:00:00,    8.476243,    0.000071
2018-10-04 24:00:00,    8.421402,    0.000077
2018-10-05 24:00:00,    8.490153,    0.000049
2018-10-06 24:00:00,    8.579858,    0.000041
2018-10-07 24:00:00,    8.840621,    0.000032
2018-10-08 24:00:00,    8.824005,    0.000048
2018-10-09 24:00:00,    8.863627,    0.000054
2018-10-10 24:00:00,    8.854722,    0.000076
2018-10-11 24:00:00,   11.154243,    0.000014
2018-10-12 24:00:00,   12.632074,    0.000049
2018-10-13 24:00:00,   11.993044,    0.000075
2018-10-14 24:00:00,   10.362099,    0.000046
2018-10-15 24:00:00,   11.105387,    0.000043
2018-10-16 24:00:00,   10.949776,    0.000073
2018-10-17 24:00:00,   10.832491,    0.000074
2018-10-18 24:00:00,   10.412700,    0.000075
2018-10-19 24:00:00,   10.349897,    0.000075
2018-10-20 24:00:00,   10.595228,    0.000080
2018-10-21 24:00:00,   10.388256,    0.000079
2018-10-22 24:00:00,   10.165377,    0.000089
2018-10-23 24:00:00,   10.172648,    0.000071
2018-10-24 24:00:00,   10.653843,    0.000010
2018-10-25 24:00:00,   10.613627,    0.000028
2018-10-26 24:00:00,   10.438300,    0.000057
2018-10-27 24:00:00,   10.273977,    0.000066
2018-10-28 24:00:00,    9.973012,    0.000040
2018-10-29 24:00:00,    9.821606,    0.000040
2018-10-30 24:00:00,    8.614666,    0.000038
2018-10-31 24:00:00,    8.649424,    0.000049
2018-11-01 24:00:00,    8.524255,    0.000056
2018-11-02 24:00:00,    7.803844,    0.000053
2018-11-03 24:00:00,    8.033279,    0.000030
2018-11-04 24:00:00,    7.659496,    0.000038
2018-11-05 24:00:00,    7.800133,    0.000044
2018-11-06 24:00:00,    7.742304,    0.000047
2018-11-07 24:00:00,    7.029936,    0.000037
2018-11-08 24:00:00,    8.214303,    0.000024
2018-11-09 24:00:00,    7.559227,    0.000035
2018-11-10 24:00:00,    7.723227,    0.000038
2018-11-11 24:00:00,    6.508486,    0.000023
2018-11-12 24:00:00,    7.613987,    0.000015
2018-11-13 24:00:00,    7.161814,    0.000024
2018-11-14 24:00:00,    7.046105,    0.000026
2018-11-15 24:00:00,    5.918664,    0.000024
2018-11-16 24:00:00,    5.301289,    0.000018
2018-11-17 24:00:00,    5.520623,    0.000017
2018-11-18 24:00:00,    5.400923,    0.000029
2018-11-19 24:00:00,    5.386598,    0.000038
2018-11-20 24:00:00,    5.676288,    0.000042
2018-11-21 24:00:00,    5.587037,    0.000044
2018-11-22 24:00:00,    5.465795,    0.000056
2018-11-23 24:00:00,    5.133044,    0.000060
2018-11-24 24:00:00,    4.823852,    0.000039
2018-11-25 24:00:00,    4.163705,    0.000034
2018-11-26 24:00:00,    3.630184,    0.000043
2018-11-27 24:00:00,    3.482242,    0.000046
2018-11-28 24:00:00,    2.308914,    0.000136
2018-11-29 24:00:00,    3.850124,    0.000056
2018-11-30 24:00:00,    6.909783,    0.000049
2018-12-01 24:00:00,    4.938907,    0.000058
2018-12-02 24:00:00,    5.273539,    0.000054
2018-12-03 24:00:00,    5.198600,    0.000058
2018-12-04 24:00:00,    5.391656,    0.000068
2018-12-05 24:00:00,    9.484550,    0.000038
2018-12-06 24:00:00,    8.427435,    0.000049
2018-12-07 24:00:00,    8.079734,    0.000052
2018-12-08 24:00:00,    7.645354,    0.000058
2018-12-09 24:00:00,    7.006475,    0.000078
2018-12-10 24:00:00,    6.487470,    0.000080
2018-12-11 24:00:00,    6.171079,    0.000090
2018-12-12 24:00:00,    6.001027,    0.000088
2018-12-13 24:00:00,    5.704178,    0.000042
2018-12-14 24:00:00,    5.012195,    0.000032
2018-12-15 24:00:00,    4.924321,    0.000033
2018-12-16 24:00:00,    4.958335,    0.000033
2018-12-17 24:00:00,    1.154350,    0.000008
2018-12-18 24:00:00,    3.666989,    0.000018
2018-12-19 24:00:00,    7.299897,    0.000024
2018-12-20 24:00:00,    6.950929,    0.000023
2018-12-21 24:00:00,    7.510895,    0.000041
2018-12-22 24:00:00,    7.215916,    0.000039
2018-12-23 24:00:00,    5.657454,    0.000047
2018-12-24 24:00:00,    6.709005,    0.000026
2018-12-25 24:00:00,    5.682379,    0.000038
2018-12-26 24:00:00,    5.618821,    0.000049
2018-12-27 24:00:00,    5.326117,    0.000039
2018-12-28 24:00:00,    5.276809,    0.000041
2018-12-29 24:00:00,    5.155029,    0.000026
2018-12-30 24:00:00,    5.189043,    0.000026
2018-12-31 24:00:00,    5.270194,    0.000026
2019-01-01 24:00:00,    5.443103,    0.000026
2019-01-02 24:00:00,    5.554383,    0.000026
2019-01-03 24:00:00,    5.576535,    0.000026
2019-01-04 24:00:00,    0.814091,    0.000000
2019-01-05 24:00:00,    0.852299,    0.000000
2019-01-06 24:00:00,    0.872303,    0.000000
2019-01-07 24:00:00,    0.722632,    0.000000
2019-01-08 24:00:00,    0.401504,    0.000000
2019-01-09 24:00:00,    0.902598,    0.000020
2019-01-10 24:00:00,   -0.739809,    0.000027
2019-01-11 24:00:00,   -0.358106,    0.000027
2019-01-12 24:00:00,   -0.339790,    0.000002
2019-01-13 24:00:00,   -0.297412,    0.000002
2019-01-14 24:00:00,   -0.260364,    0.000002
2019-01-15 24:00:00,   -0.245441,    0.000001
2019-01-16 24:00:00,   -0.162810,    0.000002
2019-01-17 24:00:00,    0.432765,    0.000018
2019-01-18 24:00:00,    0.567986,    0.000025
2019-01-19 24:00:00,    0.601568,    0.000034
2019-01-20 24:00:00,    0.634303,    0.000034
2019-01-21 24:00:00,    0.738656,    0.000034
2019-01-22 24:00:00,    0.746249,    0.000031
2019-01-23 24:00:00,    0.722057,    0.000020
2019-01-24 24:00:00,    1.013702,    0.000033
2019-01-25 24:00:00,    1.847179,    0.000046
2019-01-26 24:00:00,    2.241114,    0.000058
2019-01-27 24:00:00,    2.484003,    0.000068
2019-01-28 24:00:00,    3.338259,    0.000073
2019-01-29 24:00:00,    4.161898,    0.000076
2019-01-30 24:00:00,    4.828561,    0.000077
2019-01-31 24:00:00,    4.817330,    0.000081
2019-02-01 24:00:00,    4.786474,    0.000081
2019-02-02 24:00:00,    4.764428,    0.000079
2019-02-03 24:00:00,    4.757406,    0.000085
2019-02-04 24:00:00,    6.141820,    0.000108
2019-02-05 24:00:00,    6.004606,    0.000141
2019-02-06 24:00:00,    5.791318,    0.000084
2019-02-07 24:00:00,    5.836569,    0.000091
2019-02-08 24:00:00,    5.821371,    0.000071
2019-02-09 24:00:00,    5.882248,    0.000080
2019-02-10 24:00:00,    5.551051,    0.000040
2019-02-11 24:00:00,    5.545484,    0.000049
2019-02-12 24:00:00,    5.811881,    0.000039
2019-02-13 24:00:00,    5.676350,    0.000049
2019-02-14 24:00:00,    5.036963,    0.000050
2019-02-15 24:00:00,    4.909893,    0.000058
2019-02-16 24:00:00,    4.629041,    0.000068
2019-02-17 24:00:00,    4.789234,    0.000068
2019-02-18 24:00:00,    4.713357,    0.000070
2019-02-19 24:00:00,    4.741594,    0.000070
2019-02-20 24:00:00,    5.151832,    0.000074
2019-02-21 24:00:00,    5.200709,    0.000082
2019-02-22 24:00:00,    5.600955,    0.000088
2019-02-23 24:00:00,    6.051966,    0.000092
2019-02-24 24:00:00,    6.402863,    0.000096
2019-02-25 24:00:00,    6.999774,    0.000097
2019-02-26 24:00:00,    6.995707,    0.000088
2019-02-27 24:00:00,    6.795631,    0.000087
2019-02-28 24:00:00,    6.781324,    0.000093
2019-03-01 24:00:00,    6.812861,    0.000093
2019-03-02 24:00:00,    6.228466,    0.000086
2019-03-03 24:00:00,    5.507493,    0.000077
2019-03-04 24:00:00,    5.448230,    0.000080
2019-03-05 24:00:00,    5.445860,    0.000084
2019-03-06 24:00:00,    5.334740,    0.000091
2019-03-07 24:00:00,    5.073629,    0.000096
2019-03-08 24:00:00,    5.084044,    0.000096
2019-03-09 24:00:00,    5.095608,    0.000104
2019-03-10 24:00:00,    5.297357,    0.000104
2019-03-11 24:00:00,    5.692875,    0.000108
2019-03-12 24:00:00,    6.200397,    0.000113
2019-03-13 24:00:00,    6.026650,    0.000130
2019-03-14 24:00:00,    5.910657,    0.000151
2019-03-15 24:00:00,    5.289734,    0.000100
2019-03-16 24:00:00,    5.366183,    0.000087
2019-03-17 24:00:00,    6.058212,    0.000033
2019-03-18 24:00:00,    5.636919,    0.000031
2019-03-19 24:00:00,    5.550518,    0.000042
2019-03-20 24:00:00,    5.477268,    0.000053
2019-03-21 24:00:00,    5.218545,    0.000055
2019-03-22 24:00:00,    5.255979,    0.000061
2019-03-23 24:00:00,    5.266289,    0.000066
2019-03-24 24:00:00,    5.351397,    0.000093
2019-03-25 24:00:00,    6.019648,    0.000137
2019-03-26 24:00:00,    5.558702,    0.000093
2019-03-27 24:00:00,    5.397756,    0.000051
2019-03-28 24:00:00,    5.325827,    0.000055
2019-03-29 24:00:00,    5.345687,    0.000063
2019-03-30 24:00:00,    5.317322,    0.000071
2019-03-31 24:00:00,    5.323279,    0.000071
2019-04-01 24:00:00,    5.414363,    0.000074
2019-04-02 24:00:00,    5.429376,    0.000075
2019-04-03 24:00:00,    5.521318,    0.000078
2019-04-04 24:00:00,    5.698668,    0.000086
2019-04-05 24:00:00,    5.839405,    0.000090
2019-04-06 24:00:00,    6.120996,    0.000098
2019-04-07 24:00:00,   10.161431,    0.000032
2019-04-08 24:00:00,    8.932466,    0.000066
2019-04-09 24:00:00,    8.958363,    0.000087
2019-04-10 24:00:00,    8.790024,    0.000104
2019-04-11 24:00:00,    8.334216,    0.000105
2019-04-12 24:00:00,    8.336269,    0.000094
2019-04-13 24:00:00,    7.794102,    0.000102
2019-04-14 24:00:00,    8.155157,    0.000109
2019-04-15 24:00:00,    8.356838,    0.000113
2019-04-16 24:00:00,    8.711286,    0.000114
2019-04-17 24:00:00,    9.038958,    0.000119
2019-04-18 24:00:00,    9.343193,    0.000122
2019-04-19 24:00:00,    8.881709,    0.000132
2019-04-20 24:00:00,    8.928379,    0.000137
2019-04-21 24:00:00,    9.027022,    0.000139
2019-04-22 24:00:00,    9.439960,    0.000139
2019-04-23 24:00:00,   10.055830,    0.000139
2019-04-24 24:00:00,   10.860126,    0.000139
2019-04-25 24:00:00,   13.763339,    0.000258
2019-04-26 24:00:00,   12.489268,    0.000149
2019-04-27 24:00:00,   13.059489,    0.000152
2019-04-28 24:00:00,   13.664159,    0.000159
2019-04-29 24:00:00,   13.248723,    0.000193
2019-04-30 24:00:00,   13.241606,    0.000203
2019-05-01 24:00:00,   12.244019,    0.000200
2019-05-02 24:00:00,   11.807279,    0.000197
2019-05-03 24:00:00,   12.004635,    0.000206
2019-05-04 24:00:00,   13.370364,    0.000223
2019-05-05 24:00:00,   14.675293,    0.000185
2019-05-06 24:00:00,   14.000418,    0.000161
2019-05-07 24:00:00,   12.144238,    0.000173
2019-05-08 24:00:00,   12.112244,    0.000178
2019-05-09 24:00:00,   11.974669,    0.000186
2019-05-10 24:00:00,   10.877090,    0.000116
2019-05-11 24:00:00,   11.208607,    0.000139
2019-05-12 24:00:00,   11.650968,    0.000147
2019-05-13 24:00:00,   12.158843,    0.000147
2019-05-14 24:00:00,   12.756257,    0.000147
2019-05-15 24:00:00,   13.309119,    0.000147
2019-05-16 24:00:00,   13.771198,    0.000147
2019-05-17 24:00:00,   13.962345,    0.000127
2019-05-18 24:00:00,   14.081521,    0.000083
2019-05-19 24:00:00,   13.262165,    0.000056
2019-05-20 24:00:00,   13.323300,    0.000071
2019-05-21 24:00:00,   13.360835,    0.000076
2019-05-22 24:00:00,   14.056387,    0.000099
2019-05-23 24:00:00,   14.545891,    0.000102
2019-05-24 24:00:00,   15.123000,    0.000103
2019-05-25 24:00:00,   15.631734,    0.000104
2019-05-26 24:00:00,   16.421689,    0.000181
2019-05-27 24:00:00,   16.201916,    0.000186
2019-05-28 24:00:00,   15.665185,    0.000200
2019-05-29 24:00:00,   11.844998,    0.000078
2019-05-30 24:00:00,   11.884939,    0.000087
2019-05-31 24:00:00,   12.644474,    0.000125
2019-06-01 24:00:00,   13.274714,    0.000125
2019-06-02 24:00:00,   13.749758,    0.000125
2019-06-03 24:00:00,   14.222741,    0.000125
2019-06-04 24:00:00,   14.745324,    0.000125
2019-06-05 24:00:00,   16.256175,    0.000129
2019-06-06 24:00:00,   18.499792,    0.000184
2019-06-07 24:00:00,   17.804461,    0.000193
2019-06-08 24:00:00,   18.223514,    0.000193
2019-06-09 24:00:00,   16.635637,    0.000144
2019-06-10 24:00:00,   17.064599,    0.000158
2019-06-11 24:00:00,   17.764496,    0.000185
2019-06-12 24:00:00,   19.220711,    0.000182
2019-06-13 24:00:00,   19.889494,    0.000189
2019-06-14 24:00:00,   17.999158,    0.000061
2019-06-15 24:00:00,   17.701214,    0.000077
2019-06-16 24:00:00,   17.564234,    0.000089
2019-06-17 24:00:00,   17.408783,    0.000090
2019-06-18 24:00:00,   17.317169,    0.000090
2019-06-19 24:00:00,   17.581042,    0.000097
2019-06-20 24:00:00,   18.100544,    0.000097
2019-06-21 24:00:00,   18.646727,    0.000097
2019-06-22 24:00:00,   17.042827,    0.000057
2019-06-23 24:00:00,   15.780191,    0.000052
2019-06-24 24:00:00,   15.715664,    0.000066
2019-06-25 24:00:00,   15.640553,    0.000080
2019-06-26 24:00:00,   15.665704,    0.000092
2019-06-27 24:00:00,   15.629368,    0.000101
2019-06-28 24:00:00,   15.983928,    0.000124
2019-06-29 24:00:00,   16.506054,    0.000140
2019-06-30 24:00:00,   16.994964,    0.000140
2019-07-01 24:00:00,   16.965779,    0.000133
2019-07-02 24:00:00,   17.196191,    0.000148
2019-07-03 24:00:00,   16.968920,    0.000164
2019-07-04 24:00:00,   17.085535,    0.000181
2019-07-05 24:00:00,   15.881045,    0.000140
2019-07-06 24:00:00,   15.789258,    0.000148
2019-07-07 24:00:00,   16.068851,    0.000154
2019-07-08 24:00:00,   15.687642,    0.000143
2019-07-09 24:00:00,   15.576586,    0.000130
2019-07-10 24:00:00,   15.640366,    0.000113
2019-07-11 24:00:00,   15.954495,    0.000124
2019-07-12 24:00:00,   15.588964,    0.000068
2019-07-13 24:00:00,   16.098111,    0.000066
2019-07-14 24:00:00,   15.663455,    0.000067
2019-07-15 24:00:00,   15.249319,    0.000074
2019-07-16 24:00:00,   15.352149,    0.000094
2019-07-17 24:00:00,   15.319637,    0.000110
2019-07-18 24:00:00,   15.406647,    0.000134
2019-07-19 24:00:00,   15.605586,    0.000155
2019-07-20 24:00:00,   15.783118,    0.000159
2019-07-21 24:00:00,   16.112009,    0.000166
2019-07-22 24:00:00,   16.451694,    0.000166
2019-07-23 24:00:00,   17.053131,    0.000097
2019-07-24 24:00:00,   16.990935,    0.000124
2019-07-25 24:00:00,   17.478745,    0.000139
2019-07-26 24:00:00,   15.669629,    0.000076
2019-07-27 24:00:00,   15.737115,    0.000091
2019-07-28 24:00:00,   15.479351,    0.000091
2019-07-29 24:00:00,   15.451658,    0.000099
2019-07-30 24:00:00,   15.441461,    0.000100
2019-07-31 24:00:00,   15.565318,    0.000114
2019-08-01 24:00:00,   15.481563,    0.000114
2019-08-02 24:00:00,   15.309196,    0.000122
2019-08-03 24:00:00,   14.952886,    0.000121
2019-08-04 24:00:00,   14.860320,    0.000124
2019-08-05 24:00:00,   14.859380,    0.000126
2019-08-06 24:00:00,   14.865224,    0.000131
2019-08-07 24:00:00,   14.904790,    0.000135
2019-08-08 24:00:00,   14.787775,    0.000141
2019-08-09 24:00:00,   14.880162,    0.000151
2019-08-10 24:00:00,   14.861342,    0.000151
2019-08-11 24:00:00,   14.939376,    0.000153
2019-08-12 24:00:00,   15.107018,    0.000164
2019-08-13 24:00:00,   15.218553,    0.000175
2019-08-14 24:00:00,   15.430239,    0.000182
2019-08-15 24:00:00,   15.609846,    0.000188
2019-08-16 24:00:00,   15.782483,    0.000204
2019-08-17 24:00:00,   15.920840,    0.000216
2019-08-18 24:00:00,   15.770864,    0.000228
2019-08-19 24:00:00,   15.615469,    0.000228
2019-08-20 24:00:00,   15.490884,    0.000227
2019-08-21 24:00:00,   14.749361,    0.000169
2019-08-22 24:00:00,   14.412139,    0.000174
2019-08-23 24:00:00,   14.320077,    0.000177
2019-08-24 24:00:00,   14.255477,    0.000181
2019-08-25 24:00:00,   14.294983,    0.000183
2019-08-26 24:00:00,   14.792886,    0.000036
2019-08-27 24:00:00,   14.754698,    0.000043
2019-08-28 24:00:00,   14.352297,    0.000087
2019-08-29 24:00:00,   13.896097,    0.000089
2019-08-30 24:00:00,   13.944529,    0.000091
2019-08-31 24:00:00,   14.007506,    0.000091
2019-09-01 24:00:00,   13.196941,    0.000068
2019-09-02 24:00:00,   13.150673,    0.000074
2019-09-03 24:00:00,   13.061994,    0.000076
2019-09-04 24:00:00,   13.048339,    0.000076
2019-09-05 24:00:00,   12.590685,    0.000083
2019-09-06 24:00:00,   12.495523,    0.000093
2019-09-07 24:00:00,   12.856739,    0.000057
2019-09-08 24:00:00,   13.180130,    0.000078
2019-09-09 24:00:00,   16.673335,    0.000104
2019-09-10 24:00:00,   16.469669,    0.000108
2019-09-11 24:00:00,   16.636913,    0.000116
2019-09-12 24:00:00,   16.356312,    0.000123
2019-09-13 24:00:00,   15.767348,    0.000135
2019-09-14 24:00:00,   14.892504,    0.000124
2019-09-15 24:00:00,   14.209732,    0.000121
2019-09-16 24:00:00,   13.941431,    0.000120
2019-09-17 24:00:00,   13.800384,    0.000118
2019-09-18 24:00:00,   13.637117,    0.000123
2019-09-19 24:00:00,   13.558011,    0.000136
2019-09-20 24:00:00,   11.799995,    0.000088
2019-09-21 24:00:00,   11.746946,    0.000089
2019-09-22 24:00:00,   11.719117,    0.000096
2019-09-23 24:00:00,   13.798771,    0.000044
2019-09-24 24:00:00,   12.877528,    0.000075
2019-09-25 24:00:00,   12.240036,    0.000091
2019-09-26 24:00:00,   11.873676,    0.000094
2019-09-27 24:00:00,   11.748379,    0.000097
2019-09-28 24:00:00,   11.705487,    0.000106
2019-09-29 24:00:00,   12.343919,    0.000102
2019-09-30 24:00:00,   11.931980,    0.000110
2019-10-01 24:00:00,   11.578817,    0.000116
2019-10-02 24:00:00,   11.367821,    0.000117
2019-10-03 24:00:00,   11.240751,    0.000119
2019-10-04 24:00:00,    6.967432,    0.000044
2019-10-05 24:00:00,    6.524005,    0.000032
2019-10-06 24:00:00,    7.213908,    0.000012
2019-10-07 24:00:00,    9.103875,    0.000010
2019-10-08 24:00:00,   11.444106,    0.000047
2019-10-09 24:00:00,   11.246248,    0.000069
2019-10-10 24:00:00,   13.052935,    0.000023
2019-10-11 24:00:00,   12.921549,    0.000026
2019-10-12 24:00:00,   12.662975,    0.000027
2019-10-13 24:00:00,   12.502509,    0.000046
2019-10-14 24:00:00,   12.125533,    0.000065
2019-10-15 24:00:00,    9.671083,    0.000017
2019-10-16 24:00:00,    9.388862,    0.000030
2019-10-17 24:00:00,   10.288172,    0.000036
2019-10-18 24:00:00,    9.126371,    0.000026
2019-10-19 24:00:00,    9.279744,    0.000033
2019-10-20 24:00:00,    9.889328,    0.000025
2019-10-21 24:00:00,    9.789425,    0.000031
2019-10-22 24:00:00,    9.697302,    0.000028
2019-10-23 24:00:00,   10.709706,    0.000006
2019-10-24 24:00:00,    9.114607,    0.000014
2019-10-25 24:00:00,    8.329644,    0.000018
2019-10-26 24:00:00,    7.906338,    0.000029
2019-10-27 24:00:00,    7.595807,    0.000038
2019-10-28 24:00:00,    7.160860,    0.000046
2019-10-29 24:00:00,    6.913274,    0.000052
2019-10-30 24:00:00,    6.322566,    0.000041
2019-10-31 24:00:00,    6.216218,    0.000051
2019-11-01 24:00:00,    6.087432,    0.000061
2019-11-02 24:00:00,    6.282009,    0.000046
2019-11-03 24:00:00,    5.979118,    0.000067
2019-11-04 24:00:00,    5.539468,    0.000070
2019-11-05 24:00:00,    5.045561,    0.000050
2019-11-06 24:00:00,    5.447637,    0.000047
2019-11-07 24:00:00,    5.302593,    0.000057
2019-11-08 24:00:00,    5.596213,    0.000052
2019-11-09 24:00:00,    5.582716,    0.000063
2019-11-10 24:00:00,    5.534548,    0.000063
2019-11-11 24:00:00,    5.566988,    0.000071
2019-11-12 24:00:00,    5.640906,    0.000073
2019-11-13 24:00:00,    5.240506,    0.000065
2019-11-14 24:00:00,    5.240124,    0.000073
2019-11-15 24:00:00,    5.915459,    0.000068
2019-11-16 24:00:00,    5.969124,    0.000067
2019-11-17 24:00:00,    9.285886,    0.000028
2019-11-18 24:00:00,    7.759764,    0.000039
2019-11-19 24:00:00,    7.437822,    0.000049
2019-11-20 24:00:00,    6.535913,    0.000057
2019-11-21 24:00:00,    6.415023,    0.000072
2019-11-22 24:00:00,    5.986517,    0.000080
2019-11-23 24:00:00,    5.888226,    0.000080
2019-11-24 24:00:00,    5.939157,    0.000080
2019-11-25 24:00:00,    5.973916,    0.000080
2019-11-26 24:00:00,    6.435949,    0.000080
2019-11-27 24:00:00,    4.200056,    0.000055
2019-11-28 24:00:00,    4.209910,    0.000061
2019-11-29 24:00:00,    4.504351,    0.000065
2019-11-30 24:00:00,    4.820911,    0.000070
2019-12-01 24:00:00,    5.159645,    0.000065
2019-12-02 24:00:00,    6.520774,    0.000059
2019-12-03 24:00:00,    6.455731,    0.000051
2019-12-04 24:00:00,    6.247865,    0.000061
2019-12-05 24:00:00,    6.348495,    0.000070
2019-12-06 24:00:00,    6.282225,    0.000070
2019-12-07 24:00:00,    6.240042,    0.000077
2019-12-08 24:00:00,    6.085300,    0.000062
2019-12-09 24:00:00,    5.985592,    0.000072
2019-12-10 24:00:00,    5.972555,    0.000079
2019-12-11 24:00:00,    5.757245,    0.000089
2019-12-12 24:00:00,    5.037394,    0.000054
2019-12-13 24:00:00,    4.942721,    0.000057
2019-12-14 24:00:00,    4.858901,    0.000059
2019-12-15 24:00:00,    4.774204,    0.000060
2019-12-16 24:00:00,    4.817041,    0.000060
2019-12-17 24:00:00,   -0.005570,    0.000002
2019-12-18 24:00:00,    9.358324,    0.000029
2019-12-19 24:00:00,    5.762685,    0.000046
2019-12-20 24:00:00,    5.276470,    0.000043
2019-12-21 24:00:00,    6.317892,    0.000051
2019-12-22 24:00:00,    8.550203,    0.000059
2019-12-23 24:00:00,    7.018683,    0.000058
2019-12-24 24:00:00,    6.205545,    0.000030
2019-12-25 24:00:00,    5.862984,    0.000040
2019-12-26 24:00:00,    5.815713,    0.000049
2019-12-27 24:00:00,    5.717366,    0.000056
2019-12-28 24:00:00,    5.511449,    0.000066
2019-12-29 24:00:00,    4.653373,    0.000070
2019-12-30 24:00:00,    4.014114,    0.000057
