Date,flow,PHS_frp,NIT_nit
2016-01-01 00:00:00,0.502,0.716,138.1454
2016-01-02 00:00:00,0.454,0.713905926,138.0781748
2016-01-03 00:00:00,0.436,0.711811852,138.0109496
2016-01-04 00:00:00,0.415,0.709717778,137.9437244
2016-01-05 00:00:00,0.388,0.707623704,137.8764993
2016-01-06 00:00:00,0.373,0.70552963,137.8092741
2016-01-07 00:00:00,0.938,0.703435556,137.7420489
2016-01-08 00:00:00,1.014,0.701341481,137.6748237
2016-01-09 00:00:00,4.643,0.699247407,137.6075985
2016-01-10 00:00:00,4.943,0.697153333,137.5403733
2016-01-11 00:00:00,8.813,0.695059259,137.4731481
2016-01-12 00:00:00,2.954,0.692965185,137.405923
2016-01-13 00:00:00,1.671,0.690871111,137.3386978
2016-01-14 00:00:00,3.273,0.688777037,137.2714726
2016-01-15 00:00:00,1.682,0.686682963,137.2042474
2016-01-16 00:00:00,2.579,0.684588889,137.1370222
2016-01-17 00:00:00,1.89,0.682494815,137.069797
2016-01-18 00:00:00,2.093,0.680400741,137.0025719
2016-01-19 00:00:00,2.234,0.678306667,136.9353467
2016-01-20 00:00:00,2.216,0.676212593,136.8681215
2016-01-21 00:00:00,1.561,0.674118519,136.8008963
2016-01-22 00:00:00,1.378,0.672024444,136.7336711
2016-01-23 00:00:00,1.531,0.66993037,136.6664459
2016-01-24 00:00:00,1.139,0.667836296,136.5992207
2016-01-25 00:00:00,1.101,0.665742222,136.5319956
2016-01-26 00:00:00,1.564,0.663648148,136.4647704
2016-01-27 00:00:00,1.353,0.661554074,136.3975452
2016-01-28 00:00:00,1.031,0.65946,136.33032
2016-01-29 00:00:00,1.144,0.657365926,136.2630948
2016-01-30 00:00:00,1.904,0.655271852,136.1958696
2016-01-31 00:00:00,1.298,0.653177778,136.1286444
2016-02-01 00:00:00,1.326,0.651083704,136.0614193
2016-02-02 00:00:00,0.974,0.64898963,135.9941941
2016-02-03 00:00:00,0.778,0.646895556,135.9269689
2016-02-04 00:00:00,0.677,0.644801481,135.8597437
2016-02-05 00:00:00,0.625,0.642707407,135.7925185
2016-02-06 00:00:00,0.55,0.640613333,135.7252933
2016-02-07 00:00:00,0.505,0.638519259,135.6580681
2016-02-08 00:00:00,0.481,0.636425185,135.590843
2016-02-09 00:00:00,0.441,0.634331111,135.5236178
2016-02-10 00:00:00,0.417,0.632237037,135.4563926
2016-02-11 00:00:00,0.404,0.630142963,135.3891674
2016-02-12 00:00:00,0.416,0.628048889,135.3219422
2016-02-13 00:00:00,0.775,0.625954815,135.254717
2016-02-14 00:00:00,1.003,0.623860741,135.1874919
2016-02-15 00:00:00,1.027,0.621766667,135.1202667
2016-02-16 00:00:00,1.558,0.619672593,135.0530415
2016-02-17 00:00:00,2.852,0.617578519,134.9858163
2016-02-18 00:00:00,2.006,0.615484444,134.9185911
2016-02-19 00:00:00,3.141,0.61339037,134.8513659
2016-02-20 00:00:00,1.719,0.611296296,134.7841407
2016-02-21 00:00:00,1.216,0.609202222,134.7169156
2016-02-22 00:00:00,0.935,0.607108148,134.6496904
2016-02-23 00:00:00,0.792,0.605014074,134.5824652
2016-02-24 00:00:00,0.719,0.60292,134.51524
2016-02-25 00:00:00,0.604,0.600825926,134.4480148
2016-02-26 00:00:00,0.583,0.598731852,134.3807896
2016-02-27 00:00:00,0.51,0.596637778,134.3135644
2016-02-28 00:00:00,0.473,0.594543704,134.2463393
2016-02-29 00:00:00,0.413,0.59244963,134.1791141
2016-03-01 00:00:00,0.457,0.590355556,134.1118889
2016-03-02 00:00:00,0.401,0.588261481,134.0446637
2016-03-03 00:00:00,0.374,0.586167407,133.9774385
2016-03-04 00:00:00,0.352,0.584073333,133.9102133
2016-03-05 00:00:00,0.487,0.581979259,133.8429881
2016-03-06 00:00:00,1.404,0.579885185,133.775763
2016-03-07 00:00:00,0.915,0.577791111,133.7085378
2016-03-08 00:00:00,0.655,0.575697037,133.6413126
2016-03-09 00:00:00,0.545,0.573602963,133.5740874
2016-03-10 00:00:00,1.277,0.571508889,133.5068622
2016-03-11 00:00:00,1.743,0.569414815,133.439637
2016-03-12 00:00:00,2.176,0.567320741,133.3724119
2016-03-13 00:00:00,1.084,0.565226667,133.3051867
2016-03-14 00:00:00,0.791,0.563132593,133.2379615
2016-03-15 00:00:00,0.654,0.561038519,133.1707363
2016-03-16 00:00:00,0.554,0.558944444,133.1035111
2016-03-17 00:00:00,0.487,0.55685037,133.0362859
2016-03-18 00:00:00,0.458,0.554756296,132.9690607
2016-03-19 00:00:00,0.435,0.552662222,132.9018356
2016-03-20 00:00:00,0.403,0.550568148,132.8346104
2016-03-21 00:00:00,0.375,0.548474074,132.7673852
2016-03-22 00:00:00,0.348,0.54638,132.70016
2016-03-23 00:00:00,0.332,0.544285926,132.6329348
2016-03-24 00:00:00,0.324,0.542191852,132.5657096
2016-03-25 00:00:00,0.298,0.540097778,132.4984844
2016-03-26 00:00:00,0.297,0.538003704,132.4312593
2016-03-27 00:00:00,0.307,0.53590963,132.3640341
2016-03-28 00:00:00,0.281,0.533815556,132.2968089
2016-03-29 00:00:00,0.29,0.531721481,132.2295837
2016-03-30 00:00:00,0.239,0.529627407,132.1623585
2016-03-31 00:00:00,0.223,0.527533333,132.0951333
2016-04-01 00:00:00,0.231,0.525439259,132.0279081
2016-04-02 00:00:00,0.218,0.523345185,131.960683
2016-04-03 00:00:00,0.213,0.521251111,131.8934578
2016-04-04 00:00:00,0.207,0.519157037,131.8262326
2016-04-05 00:00:00,0.202,0.517062963,131.7590074
2016-04-06 00:00:00,0.205,0.514968889,131.6917822
2016-04-07 00:00:00,0.198,0.512874815,131.624557
2016-04-08 00:00:00,0.194,0.510780741,131.5573319
2016-04-09 00:00:00,0.19,0.508686667,131.4901067
2016-04-10 00:00:00,0.185,0.506592593,131.4228815
2016-04-11 00:00:00,0.369,0.504498519,131.3556563
2016-04-12 00:00:00,0.538,0.502404444,131.2884311
2016-04-13 00:00:00,0.652,0.50031037,131.2212059
2016-04-14 00:00:00,0.397,0.498216296,131.1539807
2016-04-15 00:00:00,0.353,0.496122222,131.0867556
2016-04-16 00:00:00,0.34,0.494028148,131.0195304
2016-04-17 00:00:00,0.365,0.491934074,130.9523052
2016-04-18 00:00:00,0.317,0.48984,130.88508
2016-04-19 00:00:00,0.292,0.487745926,130.8178548
2016-04-20 00:00:00,0.26,0.485651852,130.7506296
2016-04-21 00:00:00,0.244,0.483557778,130.6834044
2016-04-22 00:00:00,0.253,0.481463704,130.6161793
2016-04-23 00:00:00,0.251,0.47936963,130.5489541
2016-04-24 00:00:00,0.231,0.477275556,130.4817289
2016-04-25 00:00:00,0.224,0.475181481,130.4145037
2016-04-26 00:00:00,0.311,0.473087407,130.3472785
2016-04-27 00:00:00,0.389,0.470993333,130.2800533
2016-04-28 00:00:00,1.611,0.468899259,130.2128281
2016-04-29 00:00:00,0.717,0.466805185,130.145603
2016-04-30 00:00:00,0.526,0.464711111,130.0783778
2016-05-01 00:00:00,0.432,0.462617037,130.0111526
2016-05-02 00:00:00,0.398,0.460522963,129.9439274
2016-05-03 00:00:00,0.386,0.458428889,129.8767022
2016-05-04 00:00:00,0.331,0.456334815,129.809477
2016-05-05 00:00:00,0.31,0.454240741,129.7422519
2016-05-06 00:00:00,0.268,0.452146667,129.6750267
2016-05-07 00:00:00,0.383,0.450052593,129.6078015
2016-05-08 00:00:00,0.322,0.447958519,129.5405763
2016-05-09 00:00:00,0.265,0.445864444,129.4733511
2016-05-10 00:00:00,0.259,0.44377037,129.4061259
2016-05-11 00:00:00,0.258,0.441676296,129.3389007
2016-05-12 00:00:00,0.279,0.439582222,129.2716756
2016-05-13 00:00:00,0.275,0.437488148,129.2044504
2016-05-14 00:00:00,0.259,0.431259783,129.1372252
2016-05-15 00:00:00,0.238,0.4333,129.07
2016-05-16 00:00:00,0.224,0.435340217,127.9197826
2016-05-17 00:00:00,0.223,0.437380435,126.7695652
2016-05-18 00:00:00,0.226,0.439420652,125.6193478
2016-05-19 00:00:00,0.223,0.44146087,124.4691304
2016-05-20 00:00:00,0.223,0.443501087,123.318913
2016-05-21 00:00:00,0.214,0.445541304,122.1686957
2016-05-22 00:00:00,0.218,0.447581522,121.0184783
2016-05-23 00:00:00,0.276,0.449621739,119.8682609
2016-05-24 00:00:00,0.55,0.451661957,118.7180435
2016-05-25 00:00:00,0.416,0.453702174,117.5678261
2016-05-26 00:00:00,0.306,0.455742391,116.4176087
2016-05-27 00:00:00,2.647,0.457782609,115.2673913
2016-05-28 00:00:00,1.703,0.459822826,114.1171739
2016-05-29 00:00:00,0.852,0.461863043,112.9669565
2016-05-30 00:00:00,0.606,0.463903261,111.8167391
2016-05-31 00:00:00,0.479,0.465943478,110.6665217
2016-06-01 00:00:00,0.467,0.467983696,109.5163043
2016-06-02 00:00:00,0.507,0.470023913,108.366087
2016-06-03 00:00:00,0.411,0.47206413,107.2158696
2016-06-04 00:00:00,0.341,0.474104348,106.0656522
2016-06-05 00:00:00,0.308,0.476144565,104.9154348
2016-06-06 00:00:00,0.288,0.478184783,103.7652174
2016-06-07 00:00:00,0.293,0.480225,102.615
2016-06-08 00:00:00,0.253,0.482265217,101.4647826
2016-06-09 00:00:00,0.227,0.484305435,100.3145652
2016-06-10 00:00:00,0.232,0.486345652,99.16434783
2016-06-11 00:00:00,0.758,0.48838587,98.01413043
2016-06-12 00:00:00,0.514,0.490426087,96.86391304
2016-06-13 00:00:00,0.386,0.492466304,95.71369565
2016-06-14 00:00:00,0.33,0.494506522,94.56347826
2016-06-15 00:00:00,0.364,0.496546739,93.41326087
2016-06-16 00:00:00,0.58,0.498586957,92.26304348
2016-06-17 00:00:00,0.437,0.500627174,91.11282609
2016-06-18 00:00:00,0.345,0.502667391,89.9626087
2016-06-19 00:00:00,0.296,0.504707609,88.8123913
2016-06-20 00:00:00,0.308,0.506747826,87.66217391
2016-06-21 00:00:00,1.31,0.508788043,86.51195652
2016-06-22 00:00:00,1.751,0.510828261,85.36173913
2016-06-23 00:00:00,1.012,0.512868478,84.21152174
2016-06-24 00:00:00,1.23,0.514908696,83.06130435
2016-06-25 00:00:00,1.462,0.516948913,81.91108696
2016-06-26 00:00:00,0.838,0.51898913,80.76086957
2016-06-27 00:00:00,0.631,0.521029348,79.61065217
2016-06-28 00:00:00,0.496,0.523069565,78.46043478
2016-06-29 00:00:00,0.409,0.525109783,77.31021739
2016-06-30 00:00:00,0.354,0.52715,76.16
2016-07-01 00:00:00,0.317,0.529190217,75.00978261
2016-07-02 00:00:00,0.291,0.531230435,73.85956522
2016-07-03 00:00:00,0.352,0.533270652,72.70934783
2016-07-04 00:00:00,0.326,0.53531087,71.55913043
2016-07-05 00:00:00,0.279,0.537351087,70.40891304
2016-07-06 00:00:00,0.263,0.539391304,69.25869565
2016-07-07 00:00:00,0.256,0.541431522,68.10847826
2016-07-08 00:00:00,0.267,0.543471739,66.95826087
2016-07-09 00:00:00,0.241,0.545511957,65.80804348
2016-07-10 00:00:00,0.283,0.547552174,64.65782609
2016-07-11 00:00:00,0.264,0.549592391,63.5076087
2016-07-12 00:00:00,0.648,0.551632609,62.3573913
2016-07-13 00:00:00,1.602,0.553672826,61.20717391
2016-07-14 00:00:00,0.806,0.555713043,60.05695652
2016-07-15 00:00:00,0.529,0.557753261,58.90673913
2016-07-16 00:00:00,4.011,0.559793478,57.75652174
2016-07-17 00:00:00,5.901,0.561833696,56.60630435
2016-07-18 00:00:00,2.544,0.563873913,55.45608696
2016-07-19 00:00:00,2.192,0.56591413,54.30586957
2016-07-20 00:00:00,1.247,0.567954348,53.15565217
2016-07-21 00:00:00,0.899,0.569994565,52.00543478
2016-07-22 00:00:00,0.811,0.572034783,50.85521739
2016-07-23 00:00:00,0.684,0.574075,49.705
2016-07-24 00:00:00,0.651,0.576115217,48.55478261
2016-07-25 00:00:00,0.652,0.578155435,47.40456522
2016-07-26 00:00:00,0.605,0.580195652,46.25434783
2016-07-27 00:00:00,0.514,0.58223587,45.10413043
2016-07-28 00:00:00,0.461,0.584276087,43.95391304
2016-07-29 00:00:00,0.436,0.586316304,42.80369565
2016-07-30 00:00:00,0.426,0.588356522,41.65347826
2016-07-31 00:00:00,0.406,0.590396739,40.50326087
2016-08-01 00:00:00,0.44,0.592436957,39.35304348
2016-08-02 00:00:00,0.469,0.594477174,38.20282609
2016-08-03 00:00:00,0.421,0.596517391,37.0526087
2016-08-04 00:00:00,0.381,0.598557609,35.9023913
2016-08-05 00:00:00,0.381,0.600597826,34.75217391
2016-08-06 00:00:00,0.351,0.602638043,33.60195652
2016-08-07 00:00:00,0.337,0.604678261,32.45173913
2016-08-08 00:00:00,0.385,0.606718478,31.30152174
2016-08-09 00:00:00,0.409,0.608758696,30.15130435
2016-08-10 00:00:00,0.362,0.610798913,29.00108696
2016-08-11 00:00:00,0.442,0.61283913,27.85086957
2016-08-12 00:00:00,1.249,0.614879348,26.70065217
2016-08-13 00:00:00,0.806,0.616919565,25.55043478
2016-08-14 00:00:00,0.57,0.618959783,24.40021739
2016-08-15 00:00:00,0.546,0.621,23.25
2016-08-16 00:00:00,0.775,0.620119565,23.09643478
2016-08-17 00:00:00,1.26,0.61923913,22.94286957
2016-08-18 00:00:00,8.923,0.618358696,22.78930435
2016-08-19 00:00:00,2.474,0.617478261,22.63573913
2016-08-20 00:00:00,1.349,0.616597826,22.48217391
2016-08-21 00:00:00,0.94,0.615717391,22.3286087
2016-08-22 00:00:00,0.942,0.614836957,22.17504348
2016-08-23 00:00:00,0.992,0.613956522,22.02147826
2016-08-24 00:00:00,0.804,0.613076087,21.86791304
2016-08-25 00:00:00,0.732,0.612195652,21.71434783
2016-08-26 00:00:00,0.702,0.611315217,21.56078261
2016-08-27 00:00:00,0.839,0.610434783,21.40721739
2016-08-28 00:00:00,0.701,0.609554348,21.25365217
2016-08-29 00:00:00,0.609,0.608673913,21.10008696
2016-08-30 00:00:00,0.582,0.607793478,20.94652174
2016-08-31 00:00:00,0.594,0.606913043,20.79295652
2016-09-01 00:00:00,0.548,0.606032609,20.6393913
2016-09-02 00:00:00,0.605,0.605152174,20.48582609
2016-09-03 00:00:00,0.562,0.604271739,20.33226087
2016-09-04 00:00:00,0.495,0.603391304,20.17869565
2016-09-05 00:00:00,0.463,0.60251087,20.02513043
2016-09-06 00:00:00,0.471,0.601630435,19.87156522
2016-09-07 00:00:00,1.281,0.60075,19.718
2016-09-08 00:00:00,0.847,0.599869565,19.56443478
2016-09-09 00:00:00,0.672,0.59898913,19.41086957
2016-09-10 00:00:00,0.789,0.598108696,19.25730435
2016-09-11 00:00:00,1.738,0.597228261,19.10373913
2016-09-12 00:00:00,1.027,0.596347826,18.95017391
2016-09-13 00:00:00,0.908,0.595467391,18.7966087
2016-09-14 00:00:00,1.101,0.594586957,18.64304348
2016-09-15 00:00:00,0.865,0.593706522,18.48947826
2016-09-16 00:00:00,0.702,0.592826087,18.33591304
2016-09-17 00:00:00,0.878,0.591945652,18.18234783
2016-09-18 00:00:00,0.731,0.591065217,18.02878261
2016-09-19 00:00:00,0.68,0.590184783,17.87521739
2016-09-20 00:00:00,0.827,0.589304348,17.72165217
2016-09-21 00:00:00,0.854,0.588423913,17.56808696
2016-09-22 00:00:00,4.811,0.587543478,17.41452174
2016-09-23 00:00:00,2.455,0.586663043,17.26095652
2016-09-24 00:00:00,1.311,0.585782609,17.1073913
2016-09-25 00:00:00,1.024,0.584902174,16.95382609
2016-09-26 00:00:00,1.147,0.584021739,16.80026087
2016-09-27 00:00:00,0.952,0.583141304,16.64669565
2016-09-28 00:00:00,0.879,0.58226087,16.49313043
2016-09-29 00:00:00,0.729,0.581380435,16.33956522
2016-09-30 00:00:00,0.705,0.5805,16.186
2016-10-01 00:00:00,0.647,0.579619565,16.03243478
2016-10-02 00:00:00,0.594,0.57873913,15.87886957
2016-10-03 00:00:00,0.583,0.577858696,15.72530435
2016-10-04 00:00:00,0.93,0.576978261,15.57173913
2016-10-05 00:00:00,0.836,0.576097826,15.41817391
2016-10-06 00:00:00,0.823,0.575217391,15.2646087
2016-10-07 00:00:00,0.763,0.574336957,15.11104348
2016-10-08 00:00:00,0.66,0.573456522,14.95747826
2016-10-09 00:00:00,0.74,0.572576087,14.80391304
2016-10-10 00:00:00,0.66,0.571695652,14.65034783
2016-10-11 00:00:00,0.584,0.570815217,14.49678261
2016-10-12 00:00:00,0.528,0.569934783,14.34321739
2016-10-13 00:00:00,0.489,0.569054348,14.18965217
2016-10-14 00:00:00,0.489,0.568173913,14.03608696
2016-10-15 00:00:00,0.525,0.567293478,13.88252174
2016-10-16 00:00:00,0.51,0.566413043,13.72895652
2016-10-17 00:00:00,0.857,0.565532609,13.5753913
2016-10-18 00:00:00,0.922,0.564652174,13.42182609
2016-10-19 00:00:00,0.663,0.563771739,13.26826087
2016-10-20 00:00:00,0.619,0.562891304,13.11469565
2016-10-21 00:00:00,0.538,0.56201087,12.96113043
2016-10-22 00:00:00,0.492,0.561130435,12.80756522
2016-10-23 00:00:00,0.566,0.56025,12.654
2016-10-24 00:00:00,0.709,0.559369565,12.50043478
2016-10-25 00:00:00,0.568,0.55848913,12.34686957
2016-10-26 00:00:00,0.573,0.557608696,12.19330435
2016-10-27 00:00:00,0.659,0.556728261,12.03973913
2016-10-28 00:00:00,0.94,0.555847826,11.88617391
2016-10-29 00:00:00,0.742,0.554967391,11.7326087
2016-10-30 00:00:00,1.215,0.554086957,11.57904348
2016-10-31 00:00:00,1.959,0.553206522,11.42547826
2016-11-01 00:00:00,4.778,0.552326087,11.27191304
2016-11-02 00:00:00,2.482,0.551445652,11.11834783
2016-11-03 00:00:00,6.607,0.550565217,10.96478261
2016-11-04 00:00:00,7.266,0.549684783,10.81121739
2016-11-05 00:00:00,3.547,0.548804348,10.65765217
2016-11-06 00:00:00,2.308,0.547923913,10.50408696
2016-11-07 00:00:00,1.777,0.547043478,10.35052174
2016-11-08 00:00:00,1.46,0.546163043,10.19695652
2016-11-09 00:00:00,1.145,0.545282609,10.0433913
2016-11-10 00:00:00,0.929,0.544402174,9.889826087
2016-11-11 00:00:00,0.988,0.543521739,9.73626087
2016-11-12 00:00:00,1.526,0.542641304,9.582695652
2016-11-13 00:00:00,6.812,0.54176087,9.429130435
2016-11-14 00:00:00,1.752,0.540880435,9.275565217
2016-11-15 00:00:00,1.296,0.54,9.122
2016-11-16 00:00:00,1.229,0.543826087,11.92685652
2016-11-17 00:00:00,1.159,0.547652174,14.73171304
2016-11-18 00:00:00,3.955,0.551478261,17.53656957
2016-11-19 00:00:00,3.542,0.555304348,20.34142609
2016-11-20 00:00:00,1.542,0.559130435,23.14628261
2016-11-21 00:00:00,1.085,0.562956522,25.95113913
2016-11-22 00:00:00,0.845,0.566782609,28.75599565
2016-11-23 00:00:00,0.713,0.570608696,31.56085217
2016-11-24 00:00:00,0.76,0.574434783,34.3657087
2016-11-25 00:00:00,0.653,0.57826087,37.17056522
2016-11-26 00:00:00,1.063,0.582086957,39.97542174
2016-11-27 00:00:00,1.073,0.585913043,42.78027826
2016-11-28 00:00:00,0.841,0.58973913,45.58513478
2016-11-29 00:00:00,2.196,0.593565217,48.3899913
2016-11-30 00:00:00,2.056,0.597391304,51.19484783
2016-12-01 00:00:00,2.036,0.601217391,53.99970435
2016-12-02 00:00:00,1.57,0.605043478,56.80456087
2016-12-03 00:00:00,2.143,0.608869565,59.60941739
2016-12-04 00:00:00,1.357,0.612695652,62.41427391
2016-12-05 00:00:00,1.455,0.616521739,65.21913043
2016-12-06 00:00:00,2.445,0.620347826,68.02398696
2016-12-07 00:00:00,2.021,0.624173913,70.82884348
2016-12-08 00:00:00,2.242,0.628,73.6337
2016-12-09 00:00:00,3.834,0.631826087,76.43855652
2016-12-10 00:00:00,5.664,0.635652174,79.24341304
2016-12-11 00:00:00,2.41,0.639478261,82.04826957
2016-12-12 00:00:00,1.664,0.643304348,84.85312609
2016-12-13 00:00:00,1.26,0.647130435,87.65798261
2016-12-14 00:00:00,1.039,0.650956522,90.46283913
2016-12-15 00:00:00,1.02,0.654782609,93.26769565
2016-12-16 00:00:00,0.852,0.658608696,96.07255217
2016-12-17 00:00:00,0.858,0.662434783,98.8774087
2016-12-18 00:00:00,0.885,0.66626087,101.6822652
2016-12-19 00:00:00,0.714,0.670086957,104.4871217
2016-12-20 00:00:00,0.652,0.673913043,107.2919783
2016-12-21 00:00:00,0.585,0.67773913,110.0968348
2016-12-22 00:00:00,0.533,0.681565217,112.9016913
2016-12-23 00:00:00,0.591,0.685391304,115.7065478
2016-12-24 00:00:00,0.779,0.689217391,118.5114043
2016-12-25 00:00:00,0.727,0.693043478,121.3162609
2016-12-26 00:00:00,0.713,0.696869565,124.1211174
2016-12-27 00:00:00,0.706,0.700695652,126.9259739
2016-12-28 00:00:00,0.865,0.704521739,129.7308304
2016-12-29 00:00:00,0.643,0.708347826,132.535687
2016-12-30 00:00:00,0.707,0.712173913,135.3405435
2016-12-31 00:00:00,1.114,0.716,138.1454
2017-01-01 00:00:00,1.057,0.716,138.1454
2017-01-02 00:00:00,0.809,0.713905926,138.0781748
2017-01-03 00:00:00,0.668,0.711811852,138.0109496
2017-01-04 00:00:00,0.621,0.709717778,137.9437244
2017-01-05 00:00:00,0.583,0.707623704,137.8764993
2017-01-06 00:00:00,0.541,0.70552963,137.8092741
2017-01-07 00:00:00,0.498,0.703435556,137.7420489
2017-01-08 00:00:00,0.46,0.701341481,137.6748237
2017-01-09 00:00:00,0.435,0.699247407,137.6075985
2017-01-10 00:00:00,0.509,0.697153333,137.5403733
2017-01-11 00:00:00,0.488,0.695059259,137.4731481
2017-01-12 00:00:00,0.478,0.692965185,137.405923
2017-01-13 00:00:00,0.418,0.690871111,137.3386978
2017-01-14 00:00:00,0.422,0.688777037,137.2714726
2017-01-15 00:00:00,0.64,0.686682963,137.2042474
2017-01-16 00:00:00,0.704,0.684588889,137.1370222
2017-01-17 00:00:00,0.667,0.682494815,137.069797
2017-01-18 00:00:00,0.612,0.680400741,137.0025719
2017-01-19 00:00:00,0.505,0.678306667,136.9353467
2017-01-20 00:00:00,0.552,0.676212593,136.8681215
2017-01-21 00:00:00,0.471,0.674118519,136.8008963
2017-01-22 00:00:00,0.453,0.672024444,136.7336711
2017-01-23 00:00:00,0.475,0.66993037,136.6664459
2017-01-24 00:00:00,0.769,0.667836296,136.5992207
2017-01-25 00:00:00,0.545,0.665742222,136.5319956
2017-01-26 00:00:00,0.99,0.663648148,136.4647704
2017-01-27 00:00:00,1.164,0.661554074,136.3975452
2017-01-28 00:00:00,1.923,0.65946,136.33032
2017-01-29 00:00:00,1.277,0.657365926,136.2630948
2017-01-30 00:00:00,0.884,0.655271852,136.1958696
2017-01-31 00:00:00,0.725,0.653177778,136.1286444
2017-02-01 00:00:00,0.711,0.651083704,136.0614193
2017-02-02 00:00:00,0.765,0.64898963,135.9941941
2017-02-03 00:00:00,0.652,0.646895556,135.9269689
2017-02-04 00:00:00,0.587,0.644801481,135.8597437
2017-02-05 00:00:00,0.605,0.642707407,135.7925185
2017-02-06 00:00:00,0.607,0.640613333,135.7252933
2017-02-07 00:00:00,0.574,0.638519259,135.6580681
2017-02-08 00:00:00,0.535,0.636425185,135.590843
2017-02-09 00:00:00,0.49,0.634331111,135.5236178
2017-02-10 00:00:00,0.562,0.632237037,135.4563926
2017-02-11 00:00:00,0.589,0.630142963,135.3891674
2017-02-12 00:00:00,0.606,0.628048889,135.3219422
2017-02-13 00:00:00,0.632,0.625954815,135.254717
2017-02-14 00:00:00,0.532,0.623860741,135.1874919
2017-02-15 00:00:00,0.492,0.621766667,135.1202667
2017-02-16 00:00:00,0.468,0.619672593,135.0530415
2017-02-17 00:00:00,0.443,0.617578519,134.9858163
2017-02-18 00:00:00,0.427,0.615484444,134.9185911
2017-02-19 00:00:00,0.417,0.61339037,134.8513659
2017-02-20 00:00:00,0.483,0.611296296,134.7841407
2017-02-21 00:00:00,0.448,0.609202222,134.7169156
2017-02-22 00:00:00,0.406,0.607108148,134.6496904
2017-02-23 00:00:00,0.596,0.605014074,134.5824652
2017-02-24 00:00:00,0.713,0.60292,134.51524
2017-02-25 00:00:00,0.513,0.600825926,134.4480148
2017-02-26 00:00:00,0.46,0.598731852,134.3807896
2017-02-27 00:00:00,0.427,0.596637778,134.3135644
2017-02-28 00:00:00,0.402,0.594543704,134.2463393
2017-03-01 00:00:00,0.369,0.59244963,134.1791141
2017-03-02 00:00:00,0.341,0.590355556,134.1118889
2017-03-03 00:00:00,0.378,0.588261481,134.0446637
2017-03-04 00:00:00,0.321,0.586167407,133.9774385
2017-03-05 00:00:00,0.321,0.584073333,133.9102133
2017-03-06 00:00:00,0.284,0.581979259,133.8429881
2017-03-07 00:00:00,0.279,0.579885185,133.775763
2017-03-08 00:00:00,0.27,0.577791111,133.7085378
2017-03-09 00:00:00,0.289,0.575697037,133.6413126
2017-03-10 00:00:00,0.404,0.573602963,133.5740874
2017-03-11 00:00:00,0.404,0.571508889,133.5068622
2017-03-12 00:00:00,0.365,0.569414815,133.439637
2017-03-13 00:00:00,0.359,0.567320741,133.3724119
2017-03-14 00:00:00,0.334,0.565226667,133.3051867
2017-03-15 00:00:00,0.312,0.563132593,133.2379615
2017-03-16 00:00:00,0.639,0.561038519,133.1707363
2017-03-17 00:00:00,1.939,0.558944444,133.1035111
2017-03-18 00:00:00,0.832,0.55685037,133.0362859
2017-03-19 00:00:00,0.686,0.554756296,132.9690607
2017-03-20 00:00:00,0.554,0.552662222,132.9018356
2017-03-21 00:00:00,0.477,0.550568148,132.8346104
2017-03-22 00:00:00,0.426,0.548474074,132.7673852
2017-03-23 00:00:00,0.466,0.54638,132.70016
2017-03-24 00:00:00,1.026,0.544285926,132.6329348
2017-03-25 00:00:00,1.314,0.542191852,132.5657096
2017-03-26 00:00:00,1.193,0.540097778,132.4984844
2017-03-27 00:00:00,1.218,0.538003704,132.4312593
2017-03-28 00:00:00,1.048,0.53590963,132.3640341
2017-03-29 00:00:00,0.801,0.533815556,132.2968089
2017-03-30 00:00:00,0.676,0.531721481,132.2295837
2017-03-31 00:00:00,0.759,0.529627407,132.1623585
2017-04-01 00:00:00,1.459,0.527533333,132.0951333
2017-04-02 00:00:00,1.189,0.525439259,132.0279081
2017-04-03 00:00:00,0.871,0.523345185,131.960683
2017-04-04 00:00:00,0.765,0.521251111,131.8934578
2017-04-05 00:00:00,0.661,0.519157037,131.8262326
2017-04-06 00:00:00,0.692,0.517062963,131.7590074
2017-04-07 00:00:00,0.579,0.514968889,131.6917822
2017-04-08 00:00:00,0.524,0.512874815,131.624557
2017-04-09 00:00:00,0.494,0.510780741,131.5573319
2017-04-10 00:00:00,0.449,0.508686667,131.4901067
2017-04-11 00:00:00,0.423,0.506592593,131.4228815
2017-04-12 00:00:00,0.405,0.504498519,131.3556563
2017-04-13 00:00:00,0.416,0.502404444,131.2884311
2017-04-14 00:00:00,0.415,0.50031037,131.2212059
2017-04-15 00:00:00,0.377,0.498216296,131.1539807
2017-04-16 00:00:00,0.629,0.496122222,131.0867556
2017-04-17 00:00:00,0.905,0.494028148,131.0195304
2017-04-18 00:00:00,0.59,0.491934074,130.9523052
2017-04-19 00:00:00,1.322,0.48984,130.88508
2017-04-20 00:00:00,1.017,0.487745926,130.8178548
2017-04-21 00:00:00,0.67,0.485651852,130.7506296
2017-04-22 00:00:00,0.556,0.483557778,130.6834044
2017-04-23 00:00:00,0.899,0.481463704,130.6161793
2017-04-24 00:00:00,0.901,0.47936963,130.5489541
2017-04-25 00:00:00,0.682,0.477275556,130.4817289
2017-04-26 00:00:00,0.586,0.475181481,130.4145037
2017-04-27 00:00:00,0.503,0.473087407,130.3472785
2017-04-28 00:00:00,0.452,0.470993333,130.2800533
2017-04-29 00:00:00,0.409,0.468899259,130.2128281
2017-04-30 00:00:00,0.354,0.466805185,130.145603
2017-05-01 00:00:00,0.363,0.464711111,130.0783778
2017-05-02 00:00:00,0.308,0.462617037,130.0111526
2017-05-03 00:00:00,0.328,0.460522963,129.9439274
2017-05-04 00:00:00,0.288,0.458428889,129.8767022
2017-05-05 00:00:00,0.285,0.456334815,129.809477
2017-05-06 00:00:00,0.277,0.454240741,129.7422519
2017-05-07 00:00:00,0.456,0.452146667,129.6750267
2017-05-08 00:00:00,0.349,0.450052593,129.6078015
2017-05-09 00:00:00,0.3,0.447958519,129.5405763
2017-05-10 00:00:00,0.278,0.445864444,129.4733511
2017-05-11 00:00:00,0.261,0.44377037,129.4061259
2017-05-12 00:00:00,0.252,0.441676296,129.3389007
2017-05-13 00:00:00,0.254,0.439582222,129.2716756
2017-05-14 00:00:00,0.298,0.437488148,129.2044504
2017-05-15 00:00:00,0.483,0.431259783,129.1372252
2017-05-16 00:00:00,0.403,0.4333,129.07
2017-05-17 00:00:00,0.54,0.435340217,127.9197826
2017-05-18 00:00:00,0.387,0.437380435,126.7695652
2017-05-19 00:00:00,0.338,0.439420652,125.6193478
2017-05-20 00:00:00,0.317,0.44146087,124.4691304
2017-05-21 00:00:00,0.293,0.443501087,123.318913
2017-05-22 00:00:00,0.318,0.445541304,122.1686957
2017-05-23 00:00:00,0.643,0.447581522,121.0184783
2017-05-24 00:00:00,0.797,0.449621739,119.8682609
2017-05-25 00:00:00,0.653,0.451661957,118.7180435
2017-05-26 00:00:00,0.452,0.453702174,117.5678261
2017-05-27 00:00:00,0.378,0.455742391,116.4176087
2017-05-28 00:00:00,2.037,0.457782609,115.2673913
2017-05-29 00:00:00,3.103,0.459822826,114.1171739
2017-05-30 00:00:00,1.202,0.461863043,112.9669565
2017-05-31 00:00:00,0.81,0.463903261,111.8167391
2017-06-01 00:00:00,0.627,0.465943478,110.6665217
2017-06-02 00:00:00,0.601,0.467983696,109.5163043
2017-06-03 00:00:00,0.699,0.470023913,108.366087
2017-06-04 00:00:00,0.802,0.47206413,107.2158696
2017-06-05 00:00:00,3.114,0.474104348,106.0656522
2017-06-06 00:00:00,2.025,0.476144565,104.9154348
2017-06-07 00:00:00,1.193,0.478184783,103.7652174
2017-06-08 00:00:00,1.529,0.480225,102.615
2017-06-09 00:00:00,1.186,0.482265217,101.4647826
2017-06-10 00:00:00,0.956,0.484305435,100.3145652
2017-06-11 00:00:00,0.819,0.486345652,99.16434783
2017-06-12 00:00:00,0.694,0.48838587,98.01413043
2017-06-13 00:00:00,2.888,0.490426087,96.86391304
2017-06-14 00:00:00,1.563,0.492466304,95.71369565
2017-06-15 00:00:00,1.354,0.494506522,94.56347826
2017-06-16 00:00:00,1.146,0.496546739,93.41326087
2017-06-17 00:00:00,2.033,0.498586957,92.26304348
2017-06-18 00:00:00,1.302,0.500627174,91.11282609
2017-06-19 00:00:00,0.951,0.502667391,89.9626087
2017-06-20 00:00:00,0.794,0.504707609,88.8123913
2017-06-21 00:00:00,0.704,0.506747826,87.66217391
2017-06-22 00:00:00,0.586,0.508788043,86.51195652
2017-06-23 00:00:00,0.605,0.510828261,85.36173913
2017-06-24 00:00:00,5.391,0.512868478,84.21152174
2017-06-25 00:00:00,1.888,0.514908696,83.06130435
2017-06-26 00:00:00,1.193,0.516948913,81.91108696
2017-06-27 00:00:00,0.884,0.51898913,80.76086957
2017-06-28 00:00:00,1.456,0.521029348,79.61065217
2017-06-29 00:00:00,2.12,0.523069565,78.46043478
2017-06-30 00:00:00,1.288,0.525109783,77.31021739
2017-07-01 00:00:00,0.928,0.52715,76.16
2017-07-02 00:00:00,0.773,0.529190217,75.00978261
2017-07-03 00:00:00,0.666,0.531230435,73.85956522
2017-07-04 00:00:00,0.607,0.533270652,72.70934783
2017-07-05 00:00:00,0.543,0.53531087,71.55913043
2017-07-06 00:00:00,0.513,0.537351087,70.40891304
2017-07-07 00:00:00,0.528,0.539391304,69.25869565
2017-07-08 00:00:00,0.729,0.541431522,68.10847826
2017-07-09 00:00:00,0.551,0.543471739,66.95826087
2017-07-10 00:00:00,0.458,0.545511957,65.80804348
2017-07-11 00:00:00,0.397,0.547552174,64.65782609
2017-07-12 00:00:00,0.464,0.549592391,63.5076087
2017-07-13 00:00:00,1.211,0.551632609,62.3573913
2017-07-14 00:00:00,0.762,0.553672826,61.20717391
2017-07-15 00:00:00,0.581,0.555713043,60.05695652
2017-07-16 00:00:00,0.486,0.557753261,58.90673913
2017-07-17 00:00:00,0.45,0.559793478,57.75652174
2017-07-18 00:00:00,0.425,0.561833696,56.60630435
2017-07-19 00:00:00,0.409,0.563873913,55.45608696
2017-07-20 00:00:00,0.404,0.56591413,54.30586957
2017-07-21 00:00:00,0.407,0.567954348,53.15565217
2017-07-22 00:00:00,0.539,0.569994565,52.00543478
2017-07-23 00:00:00,0.541,0.572034783,50.85521739
2017-07-24 00:00:00,1.584,0.574075,49.705
2017-07-25 00:00:00,1.015,0.576115217,48.55478261
2017-07-26 00:00:00,0.704,0.578155435,47.40456522
2017-07-27 00:00:00,0.59,0.580195652,46.25434783
2017-07-28 00:00:00,1.244,0.58223587,45.10413043
2017-07-29 00:00:00,1.09,0.584276087,43.95391304
2017-07-30 00:00:00,0.785,0.586316304,42.80369565
2017-07-31 00:00:00,0.655,0.588356522,41.65347826
2017-08-01 00:00:00,0.88,0.590396739,40.50326087
2017-08-02 00:00:00,0.763,0.592436957,39.35304348
2017-08-03 00:00:00,2.624,0.594477174,38.20282609
2017-08-04 00:00:00,1.512,0.596517391,37.0526087
2017-08-05 00:00:00,2.381,0.598557609,35.9023913
2017-08-06 00:00:00,1.384,0.600597826,34.75217391
2017-08-07 00:00:00,1.036,0.602638043,33.60195652
2017-08-08 00:00:00,1.285,0.604678261,32.45173913
2017-08-09 00:00:00,1.122,0.606718478,31.30152174
2017-08-10 00:00:00,0.821,0.608758696,30.15130435
2017-08-11 00:00:00,0.667,0.610798913,29.00108696
2017-08-12 00:00:00,0.602,0.61283913,27.85086957
2017-08-13 00:00:00,0.604,0.614879348,26.70065217
2017-08-14 00:00:00,0.607,0.616919565,25.55043478
2017-08-15 00:00:00,0.542,0.618959783,24.40021739
2017-08-16 00:00:00,0.556,0.621,23.25
2017-08-17 00:00:00,0.587,0.620119565,23.09643478
2017-08-18 00:00:00,0.526,0.61923913,22.94286957
2017-08-19 00:00:00,0.54,0.618358696,22.78930435
2017-08-20 00:00:00,0.491,0.617478261,22.63573913
2017-08-21 00:00:00,0.501,0.616597826,22.48217391
2017-08-22 00:00:00,0.435,0.615717391,22.3286087
2017-08-23 00:00:00,0.446,0.614836957,22.17504348
2017-08-24 00:00:00,1.043,0.613956522,22.02147826
2017-08-25 00:00:00,0.728,0.613076087,21.86791304
2017-08-26 00:00:00,0.539,0.612195652,21.71434783
2017-08-27 00:00:00,1.476,0.611315217,21.56078261
2017-08-28 00:00:00,0.994,0.610434783,21.40721739
2017-08-29 00:00:00,0.71,0.609554348,21.25365217
2017-08-30 00:00:00,0.619,0.608673913,21.10008696
2017-08-31 00:00:00,0.731,0.607793478,20.94652174
2017-09-01 00:00:00,1.888,0.606913043,20.79295652
2017-09-02 00:00:00,2.17,0.606032609,20.6393913
2017-09-03 00:00:00,1.321,0.605152174,20.48582609
2017-09-04 00:00:00,1.023,0.604271739,20.33226087
2017-09-05 00:00:00,1.004,0.603391304,20.17869565
2017-09-06 00:00:00,2.06,0.60251087,20.02513043
2017-09-07 00:00:00,1.255,0.601630435,19.87156522
2017-09-08 00:00:00,1.529,0.60075,19.718
2017-09-09 00:00:00,1.46,0.599869565,19.56443478
2017-09-10 00:00:00,1.025,0.59898913,19.41086957
2017-09-11 00:00:00,0.886,0.598108696,19.25730435
2017-09-12 00:00:00,0.736,0.597228261,19.10373913
2017-09-13 00:00:00,0.661,0.596347826,18.95017391
2017-09-14 00:00:00,0.591,0.595467391,18.7966087
2017-09-15 00:00:00,0.551,0.594586957,18.64304348
2017-09-16 00:00:00,0.539,0.593706522,18.48947826
2017-09-17 00:00:00,2.063,0.592826087,18.33591304
2017-09-18 00:00:00,4.401,0.591945652,18.18234783
2017-09-19 00:00:00,1.61,0.591065217,18.02878261
2017-09-20 00:00:00,1.266,0.590184783,17.87521739
2017-09-21 00:00:00,1.065,0.589304348,17.72165217
2017-09-22 00:00:00,1.09,0.588423913,17.56808696
2017-09-23 00:00:00,5.198,0.587543478,17.41452174
2017-09-24 00:00:00,2.507,0.586663043,17.26095652
2017-09-25 00:00:00,1.92,0.585782609,17.1073913
2017-09-26 00:00:00,1.547,0.584902174,16.95382609
2017-09-27 00:00:00,1.209,0.584021739,16.80026087
2017-09-28 00:00:00,1.042,0.583141304,16.64669565
2017-09-29 00:00:00,0.95,0.58226087,16.49313043
2017-09-30 00:00:00,0.837,0.581380435,16.33956522
2017-10-01 00:00:00,0.708,0.5805,16.186
2017-10-02 00:00:00,0.71,0.579619565,16.03243478
2017-10-03 00:00:00,0.634,0.57873913,15.87886957
2017-10-04 00:00:00,0.61,0.577858696,15.72530435
2017-10-05 00:00:00,0.621,0.576978261,15.57173913
2017-10-06 00:00:00,0.568,0.576097826,15.41817391
2017-10-07 00:00:00,1.131,0.575217391,15.2646087
2017-10-08 00:00:00,0.905,0.574336957,15.11104348
2017-10-09 00:00:00,1.74,0.573456522,14.95747826
2017-10-10 00:00:00,1.008,0.572576087,14.80391304
2017-10-11 00:00:00,0.875,0.571695652,14.65034783
2017-10-12 00:00:00,0.694,0.570815217,14.49678261
2017-10-13 00:00:00,0.747,0.569934783,14.34321739
2017-10-14 00:00:00,0.752,0.569054348,14.18965217
2017-10-15 00:00:00,0.696,0.568173913,14.03608696
2017-10-16 00:00:00,0.976,0.567293478,13.88252174
2017-10-17 00:00:00,0.758,0.566413043,13.72895652
2017-10-18 00:00:00,0.672,0.565532609,13.5753913
2017-10-19 00:00:00,0.667,0.564652174,13.42182609
2017-10-20 00:00:00,0.887,0.563771739,13.26826087
2017-10-21 00:00:00,0.901,0.562891304,13.11469565
2017-10-22 00:00:00,0.84,0.56201087,12.96113043
2017-10-23 00:00:00,0.78,0.561130435,12.80756522
2017-10-24 00:00:00,0.744,0.56025,12.654
2017-10-25 00:00:00,1.156,0.559369565,12.50043478
2017-10-26 00:00:00,3.156,0.55848913,12.34686957
2017-10-27 00:00:00,1.495,0.557608696,12.19330435
2017-10-28 00:00:00,1.108,0.556728261,12.03973913
2017-10-29 00:00:00,4.494,0.555847826,11.88617391
2017-10-30 00:00:00,2.062,0.554967391,11.7326087
2017-10-31 00:00:00,1.634,0.554086957,11.57904348
2017-11-01 00:00:00,1.929,0.553206522,11.42547826
2017-11-02 00:00:00,1.263,0.552326087,11.27191304
2017-11-03 00:00:00,1.038,0.551445652,11.11834783
2017-11-04 00:00:00,0.956,0.550565217,10.96478261
2017-11-05 00:00:00,0.792,0.549684783,10.81121739
2017-11-06 00:00:00,0.774,0.548804348,10.65765217
2017-11-07 00:00:00,0.737,0.547923913,10.50408696
2017-11-08 00:00:00,0.749,0.547043478,10.35052174
2017-11-09 00:00:00,0.655,0.546163043,10.19695652
2017-11-10 00:00:00,0.606,0.545282609,10.0433913
2017-11-11 00:00:00,0.619,0.544402174,9.889826087
2017-11-12 00:00:00,0.779,0.543521739,9.73626087
2017-11-13 00:00:00,0.769,0.542641304,9.582695652
2017-11-14 00:00:00,1.269,0.54176087,9.429130435
2017-11-15 00:00:00,1.074,0.540880435,9.275565217
2017-11-16 00:00:00,0.871,0.54,9.122
2017-11-17 00:00:00,0.672,0.543826087,11.92685652
2017-11-18 00:00:00,0.629,0.547652174,14.73171304
2017-11-19 00:00:00,0.569,0.551478261,17.53656957
2017-11-20 00:00:00,2.573,0.555304348,20.34142609
2017-11-21 00:00:00,2.192,0.559130435,23.14628261
2017-11-22 00:00:00,1.386,0.562956522,25.95113913
2017-11-23 00:00:00,1.085,0.566782609,28.75599565
2017-11-24 00:00:00,1.007,0.570608696,31.56085217
2017-11-25 00:00:00,1.206,0.574434783,34.3657087
2017-11-26 00:00:00,8.349,0.57826087,37.17056522
2017-11-27 00:00:00,4.558,0.582086957,39.97542174
2017-11-28 00:00:00,7.485,0.585913043,42.78027826
2017-11-29 00:00:00,4.721,0.58973913,45.58513478
2017-11-30 00:00:00,3.102,0.593565217,48.3899913
2017-12-01 00:00:00,2.053,0.597391304,51.19484783
2017-12-02 00:00:00,1.682,0.601217391,53.99970435
2017-12-03 00:00:00,1.612,0.605043478,56.80456087
2017-12-04 00:00:00,4.747,0.608869565,59.60941739
2017-12-05 00:00:00,2.408,0.612695652,62.41427391
2017-12-06 00:00:00,3.787,0.616521739,65.21913043
2017-12-07 00:00:00,3.176,0.620347826,68.02398696
2017-12-08 00:00:00,1.822,0.624173913,70.82884348
2017-12-09 00:00:00,1.742,0.628,73.6337
2017-12-10 00:00:00,1.366,0.631826087,76.43855652
2017-12-11 00:00:00,1.149,0.635652174,79.24341304
2017-12-12 00:00:00,1.068,0.639478261,82.04826957
2017-12-13 00:00:00,0.998,0.643304348,84.85312609
2017-12-14 00:00:00,1.306,0.647130435,87.65798261
2017-12-15 00:00:00,1.795,0.650956522,90.46283913
2017-12-16 00:00:00,1.186,0.654782609,93.26769565
2017-12-17 00:00:00,1.007,0.658608696,96.07255217
2017-12-18 00:00:00,0.902,0.662434783,98.8774087
2017-12-19 00:00:00,0.821,0.66626087,101.6822652
2017-12-20 00:00:00,0.789,0.670086957,104.4871217
2017-12-21 00:00:00,0.841,0.673913043,107.2919783
2017-12-22 00:00:00,0.745,0.67773913,110.0968348
2017-12-23 00:00:00,0.706,0.681565217,112.9016913
2017-12-24 00:00:00,0.646,0.685391304,115.7065478
2017-12-25 00:00:00,0.613,0.689217391,118.5114043
2017-12-26 00:00:00,0.594,0.693043478,121.3162609
2017-12-27 00:00:00,0.572,0.696869565,124.1211174
2017-12-28 00:00:00,0.587,0.700695652,126.9259739
2017-12-29 00:00:00,0.659,0.704521739,129.7308304
2017-12-30 00:00:00,0.631,0.708347826,132.535687
2017-12-31 00:00:00,0.605,0.712173913,135.3405435
2018-01-01 00:00:00,0.631,0.716,138.1454
2018-01-02 00:00:00,1.585,0.716,138.1454
2018-01-03 00:00:00,5.672,0.713905926,138.0781748
2018-01-04 00:00:00,10.9,0.711811852,138.0109496
2018-01-05 00:00:00,8.199,0.709717778,137.9437244
2018-01-06 00:00:00,2.95,0.707623704,137.8764993
2018-01-07 00:00:00,3.906,0.70552963,137.8092741
2018-01-08 00:00:00,2.508,0.703435556,137.7420489
2018-01-09 00:00:00,1.57,0.701341481,137.6748237
2018-01-10 00:00:00,1.393,0.699247407,137.6075985
2018-01-11 00:00:00,1.496,0.697153333,137.5403733
2018-01-12 00:00:00,1.39,0.695059259,137.4731481
2018-01-13 00:00:00,1.155,0.692965185,137.405923
2018-01-14 00:00:00,0.943,0.690871111,137.3386978
2018-01-15 00:00:00,0.858,0.688777037,137.2714726
2018-01-16 00:00:00,0.889,0.686682963,137.2042474
2018-01-17 00:00:00,0.963,0.684588889,137.1370222
2018-01-18 00:00:00,1.033,0.682494815,137.069797
2018-01-19 00:00:00,0.823,0.680400741,137.0025719
2018-01-20 00:00:00,1.635,0.678306667,136.9353467
2018-01-21 00:00:00,2.812,0.676212593,136.8681215
2018-01-22 00:00:00,1.403,0.674118519,136.8008963
2018-01-23 00:00:00,1.09,0.672024444,136.7336711
2018-01-24 00:00:00,0.925,0.66993037,136.6664459
2018-01-25 00:00:00,0.778,0.667836296,136.5992207
2018-01-26 00:00:00,0.69,0.665742222,136.5319956
2018-01-27 00:00:00,0.746,0.663648148,136.4647704
2018-01-28 00:00:00,0.632,0.661554074,136.3975452
2018-01-29 00:00:00,0.592,0.65946,136.33032
2018-01-30 00:00:00,0.55,0.657365926,136.2630948
2018-01-31 00:00:00,0.528,0.655271852,136.1958696
2018-02-01 00:00:00,0.489,0.653177778,136.1286444
2018-02-02 00:00:00,0.47,0.651083704,136.0614193
2018-02-03 00:00:00,0.52,0.64898963,135.9941941
2018-02-04 00:00:00,0.445,0.646895556,135.9269689
2018-02-05 00:00:00,0.422,0.644801481,135.8597437
2018-02-06 00:00:00,0.49,0.642707407,135.7925185
2018-02-07 00:00:00,0.426,0.640613333,135.7252933
2018-02-08 00:00:00,0.422,0.638519259,135.6580681
2018-02-09 00:00:00,0.345,0.636425185,135.590843
2018-02-10 00:00:00,0.454,0.634331111,135.5236178
2018-02-11 00:00:00,0.418,0.632237037,135.4563926
2018-02-12 00:00:00,0.45,0.630142963,135.3891674
2018-02-13 00:00:00,0.507,0.628048889,135.3219422
2018-02-14 00:00:00,0.448,0.625954815,135.254717
2018-02-15 00:00:00,0.415,0.623860741,135.1874919
2018-02-16 00:00:00,0.476,0.621766667,135.1202667
2018-02-17 00:00:00,0.452,0.619672593,135.0530415
2018-02-18 00:00:00,0.497,0.617578519,134.9858163
2018-02-19 00:00:00,0.802,0.615484444,134.9185911
2018-02-20 00:00:00,0.739,0.61339037,134.8513659
2018-02-21 00:00:00,1.133,0.611296296,134.7841407
2018-02-22 00:00:00,1.284,0.609202222,134.7169156
2018-02-23 00:00:00,0.971,0.607108148,134.6496904
2018-02-24 00:00:00,0.92,0.605014074,134.5824652
2018-02-25 00:00:00,0.891,0.60292,134.51524
2018-02-26 00:00:00,0.803,0.600825926,134.4480148
2018-02-27 00:00:00,0.709,0.598731852,134.3807896
2018-02-28 00:00:00,0.629,0.596637778,134.3135644
2018-03-01 00:00:00,0.582,0.594543704,134.2463393
2018-03-02 00:00:00,0.592,0.59244963,134.1791141
2018-03-03 00:00:00,0.644,0.590355556,134.1118889
2018-03-04 00:00:00,0.66,0.588261481,134.0446637
2018-03-05 00:00:00,0.631,0.586167407,133.9774385
2018-03-06 00:00:00,0.596,0.584073333,133.9102133
2018-03-07 00:00:00,0.56,0.581979259,133.8429881
2018-03-08 00:00:00,0.58,0.579885185,133.775763
2018-03-09 00:00:00,0.534,0.577791111,133.7085378
2018-03-10 00:00:00,0.551,0.575697037,133.6413126
2018-03-11 00:00:00,0.581,0.573602963,133.5740874
2018-03-12 00:00:00,0.568,0.571508889,133.5068622
2018-03-13 00:00:00,0.605,0.569414815,133.439637
2018-03-14 00:00:00,0.521,0.567320741,133.3724119
2018-03-15 00:00:00,0.514,0.565226667,133.3051867
2018-03-16 00:00:00,0.477,0.563132593,133.2379615
2018-03-17 00:00:00,0.47,0.561038519,133.1707363
2018-03-18 00:00:00,0.467,0.558944444,133.1035111
2018-03-19 00:00:00,0.452,0.55685037,133.0362859
2018-03-20 00:00:00,0.555,0.554756296,132.9690607
2018-03-21 00:00:00,1.088,0.552662222,132.9018356
2018-03-22 00:00:00,0.743,0.550568148,132.8346104
2018-03-23 00:00:00,1.064,0.548474074,132.7673852
2018-03-24 00:00:00,3.419,0.54638,132.70016
2018-03-25 00:00:00,1.879,0.544285926,132.6329348
2018-03-26 00:00:00,0.997,0.542191852,132.5657096
2018-03-27 00:00:00,0.755,0.540097778,132.4984844
2018-03-28 00:00:00,0.691,0.538003704,132.4312593
2018-03-29 00:00:00,0.587,0.53590963,132.3640341
2018-03-30 00:00:00,0.565,0.533815556,132.2968089
2018-03-31 00:00:00,0.61,0.531721481,132.2295837
2018-04-01 00:00:00,0.501,0.529627407,132.1623585
2018-04-02 00:00:00,0.453,0.527533333,132.0951333
2018-04-03 00:00:00,0.428,0.525439259,132.0279081
2018-04-04 00:00:00,0.44,0.523345185,131.960683
2018-04-05 00:00:00,0.372,0.521251111,131.8934578
2018-04-06 00:00:00,0.359,0.519157037,131.8262326
2018-04-07 00:00:00,0.355,0.517062963,131.7590074
2018-04-08 00:00:00,0.345,0.514968889,131.6917822
2018-04-09 00:00:00,1.613,0.512874815,131.624557
2018-04-10 00:00:00,0.842,0.510780741,131.5573319
2018-04-11 00:00:00,0.634,0.508686667,131.4901067
2018-04-12 00:00:00,0.528,0.506592593,131.4228815
2018-04-13 00:00:00,0.464,0.504498519,131.3556563
2018-04-14 00:00:00,0.446,0.502404444,131.2884311
2018-04-15 00:00:00,0.44,0.50031037,131.2212059
2018-04-16 00:00:00,0.411,0.498216296,131.1539807
2018-04-17 00:00:00,0.406,0.496122222,131.0867556
2018-04-18 00:00:00,0.429,0.494028148,131.0195304
2018-04-19 00:00:00,0.487,0.491934074,130.9523052
2018-04-20 00:00:00,0.503,0.48984,130.88508
2018-04-21 00:00:00,0.475,0.487745926,130.8178548
2018-04-22 00:00:00,0.428,0.485651852,130.7506296
2018-04-23 00:00:00,0.361,0.483557778,130.6834044
2018-04-24 00:00:00,0.989,0.481463704,130.6161793
2018-04-25 00:00:00,0.891,0.47936963,130.5489541
2018-04-26 00:00:00,0.588,0.477275556,130.4817289
2018-04-27 00:00:00,0.528,0.475181481,130.4145037
2018-04-28 00:00:00,0.409,0.473087407,130.3472785
2018-04-29 00:00:00,0.411,0.470993333,130.2800533
2018-04-30 00:00:00,0.364,0.468899259,130.2128281
2018-05-01 00:00:00,0.394,0.466805185,130.145603
2018-05-02 00:00:00,0.328,0.464711111,130.0783778
2018-05-03 00:00:00,0.356,0.462617037,130.0111526
2018-05-04 00:00:00,0.359,0.460522963,129.9439274
2018-05-05 00:00:00,0.306,0.458428889,129.8767022
2018-05-06 00:00:00,0.281,0.456334815,129.809477
2018-05-07 00:00:00,0.278,0.454240741,129.7422519
2018-05-08 00:00:00,0.314,0.452146667,129.6750267
2018-05-09 00:00:00,0.244,0.450052593,129.6078015
2018-05-10 00:00:00,0.285,0.447958519,129.5405763
2018-05-11 00:00:00,0.274,0.445864444,129.4733511
2018-05-12 00:00:00,0.259,0.44377037,129.4061259
2018-05-13 00:00:00,0.244,0.441676296,129.3389007
2018-05-14 00:00:00,0.237,0.439582222,129.2716756
2018-05-15 00:00:00,0.236,0.437488148,129.2044504
2018-05-16 00:00:00,0.244,0.431259783,129.1372252
2018-05-17 00:00:00,0.263,0.4333,129.07
2018-05-18 00:00:00,0.257,0.435340217,127.9197826
2018-05-19 00:00:00,0.279,0.437380435,126.7695652
2018-05-20 00:00:00,0.233,0.439420652,125.6193478
2018-05-21 00:00:00,0.26,0.44146087,124.4691304
2018-05-22 00:00:00,0.318,0.443501087,123.318913
2018-05-23 00:00:00,0.27,0.445541304,122.1686957
2018-05-24 00:00:00,0.233,0.447581522,121.0184783
2018-05-25 00:00:00,0.234,0.449621739,119.8682609
2018-05-26 00:00:00,0.209,0.451661957,118.7180435
2018-05-27 00:00:00,0.208,0.453702174,117.5678261
2018-05-28 00:00:00,0.255,0.455742391,116.4176087
2018-05-29 00:00:00,0.263,0.457782609,115.2673913
2018-05-30 00:00:00,0.213,0.459822826,114.1171739
2018-05-31 00:00:00,0.215,0.461863043,112.9669565
2018-06-01 00:00:00,0.22,0.463903261,111.8167391
2018-06-02 00:00:00,0.251,0.465943478,110.6665217
2018-06-03 00:00:00,0.214,0.467983696,109.5163043
2018-06-04 00:00:00,0.208,0.470023913,108.366087
2018-06-05 00:00:00,0.198,0.47206413,107.2158696
2018-06-06 00:00:00,0.186,0.474104348,106.0656522
2018-06-07 00:00:00,0.184,0.476144565,104.9154348
2018-06-08 00:00:00,0.194,0.478184783,103.7652174
2018-06-09 00:00:00,0.196,0.480225,102.615
2018-06-10 00:00:00,0.221,0.482265217,101.4647826
2018-06-11 00:00:00,0.192,0.484305435,100.3145652
2018-06-12 00:00:00,0.183,0.486345652,99.16434783
2018-06-13 00:00:00,0.178,0.48838587,98.01413043
2018-06-14 00:00:00,0.17,0.490426087,96.86391304
2018-06-15 00:00:00,0.152,0.492466304,95.71369565
2018-06-16 00:00:00,0.192,0.494506522,94.56347826
2018-06-17 00:00:00,0.176,0.496546739,93.41326087
2018-06-18 00:00:00,0.149,0.498586957,92.26304348
2018-06-19 00:00:00,0.142,0.500627174,91.11282609
2018-06-20 00:00:00,0.142,0.502667391,89.9626087
2018-06-21 00:00:00,0.144,0.504707609,88.8123913
2018-06-22 00:00:00,0.143,0.506747826,87.66217391
2018-06-23 00:00:00,0.171,0.508788043,86.51195652
2018-06-24 00:00:00,0.146,0.510828261,85.36173913
2018-06-25 00:00:00,0.185,0.512868478,84.21152174
2018-06-26 00:00:00,0.16,0.514908696,83.06130435
2018-06-27 00:00:00,0.149,0.516948913,81.91108696
2018-06-28 00:00:00,0.145,0.51898913,80.76086957
2018-06-29 00:00:00,0.744,0.521029348,79.61065217
2018-06-30 00:00:00,0.476,0.523069565,78.46043478
2018-07-01 00:00:00,0.273,0.525109783,77.31021739
2018-07-02 00:00:00,0.23,0.52715,76.16
2018-07-03 00:00:00,0.217,0.529190217,75.00978261
2018-07-04 00:00:00,0.473,0.531230435,73.85956522
2018-07-05 00:00:00,0.304,0.533270652,72.70934783
2018-07-06 00:00:00,0.282,0.53531087,71.55913043
2018-07-07 00:00:00,0.243,0.537351087,70.40891304
2018-07-08 00:00:00,0.514,0.539391304,69.25869565
2018-07-09 00:00:00,0.328,0.541431522,68.10847826
2018-07-10 00:00:00,0.248,0.543471739,66.95826087
2018-07-11 00:00:00,0.221,0.545511957,65.80804348
2018-07-12 00:00:00,0.211,0.547552174,64.65782609
2018-07-13 00:00:00,0.202,0.549592391,63.5076087
2018-07-14 00:00:00,0.241,0.551632609,62.3573913
2018-07-15 00:00:00,0.223,0.553672826,61.20717391
2018-07-16 00:00:00,0.197,0.555713043,60.05695652
2018-07-17 00:00:00,0.194,0.557753261,58.90673913
2018-07-18 00:00:00,0.185,0.559793478,57.75652174
2018-07-19 00:00:00,0.175,0.561833696,56.60630435
2018-07-20 00:00:00,0.173,0.563873913,55.45608696
2018-07-21 00:00:00,0.204,0.56591413,54.30586957
2018-07-22 00:00:00,0.196,0.567954348,53.15565217
2018-07-23 00:00:00,0.188,0.569994565,52.00543478
2018-07-24 00:00:00,0.366,0.572034783,50.85521739
2018-07-25 00:00:00,0.3,0.574075,49.705
2018-07-26 00:00:00,0.229,0.576115217,48.55478261
2018-07-27 00:00:00,0.208,0.578155435,47.40456522
2018-07-28 00:00:00,0.251,0.580195652,46.25434783
2018-07-29 00:00:00,0.219,0.58223587,45.10413043
2018-07-30 00:00:00,0.207,0.584276087,43.95391304
2018-07-31 00:00:00,0.202,0.586316304,42.80369565
2018-08-01 00:00:00,0.198,0.588356522,41.65347826
2018-08-02 00:00:00,0.191,0.590396739,40.50326087
2018-08-03 00:00:00,0.185,0.592436957,39.35304348
2018-08-04 00:00:00,0.174,0.594477174,38.20282609
2018-08-05 00:00:00,0.2,0.596517391,37.0526087
2018-08-06 00:00:00,0.181,0.598557609,35.9023913
2018-08-07 00:00:00,0.16,0.600597826,34.75217391
2018-08-08 00:00:00,0.152,0.602638043,33.60195652
2018-08-09 00:00:00,0.195,0.604678261,32.45173913
2018-08-10 00:00:00,0.168,0.606718478,31.30152174
2018-08-11 00:00:00,0.159,0.608758696,30.15130435
2018-08-12 00:00:00,0.155,0.610798913,29.00108696
2018-08-13 00:00:00,0.155,0.61283913,27.85086957
2018-08-14 00:00:00,0.29,0.614879348,26.70065217
2018-08-15 00:00:00,0.268,0.616919565,25.55043478
2018-08-16 00:00:00,0.212,0.618959783,24.40021739
2018-08-17 00:00:00,0.214,0.621,23.25
2018-08-18 00:00:00,0.194,0.620119565,23.09643478
2018-08-19 00:00:00,0.179,0.61923913,22.94286957
2018-08-20 00:00:00,0.172,0.618358696,22.78930435
2018-08-21 00:00:00,0.208,0.617478261,22.63573913
2018-08-22 00:00:00,0.862,0.616597826,22.48217391
2018-08-23 00:00:00,0.442,0.615717391,22.3286087
2018-08-24 00:00:00,0.31,0.614836957,22.17504348
2018-08-25 00:00:00,0.252,0.613956522,22.02147826
2018-08-26 00:00:00,0.305,0.613076087,21.86791304
2018-08-27 00:00:00,0.285,0.612195652,21.71434783
2018-08-28 00:00:00,0.272,0.611315217,21.56078261
2018-08-29 00:00:00,0.253,0.610434783,21.40721739
2018-08-30 00:00:00,0.222,0.609554348,21.25365217
2018-08-31 00:00:00,0.193,0.608673913,21.10008696
2018-09-01 00:00:00,0.247,0.607793478,20.94652174
2018-09-02 00:00:00,0.227,0.606913043,20.79295652
2018-09-03 00:00:00,0.186,0.606032609,20.6393913
2018-09-04 00:00:00,0.188,0.605152174,20.48582609
2018-09-05 00:00:00,0.254,0.604271739,20.33226087
2018-09-06 00:00:00,0.21,0.603391304,20.17869565
2018-09-07 00:00:00,0.185,0.60251087,20.02513043
2018-09-08 00:00:00,0.513,0.601630435,19.87156522
2018-09-09 00:00:00,1.519,0.60075,19.718
2018-09-10 00:00:00,1.275,0.599869565,19.56443478
2018-09-11 00:00:00,0.653,0.59898913,19.41086957
2018-09-12 00:00:00,0.516,0.598108696,19.25730435
2018-09-13 00:00:00,0.46,0.597228261,19.10373913
2018-09-14 00:00:00,0.536,0.596347826,18.95017391
2018-09-15 00:00:00,0.443,0.595467391,18.7966087
2018-09-16 00:00:00,0.43,0.594586957,18.64304348
2018-09-17 00:00:00,0.336,0.593706522,18.48947826
2018-09-18 00:00:00,0.29,0.592826087,18.33591304
2018-09-19 00:00:00,0.273,0.591945652,18.18234783
2018-09-20 00:00:00,0.419,0.591065217,18.02878261
2018-09-21 00:00:00,0.329,0.590184783,17.87521739
2018-09-22 00:00:00,1.152,0.589304348,17.72165217
2018-09-23 00:00:00,1.425,0.588423913,17.56808696
2018-09-24 00:00:00,1.652,0.587543478,17.41452174
2018-09-25 00:00:00,4.396,0.586663043,17.26095652
2018-09-26 00:00:00,2.418,0.585782609,17.1073913
2018-09-27 00:00:00,4.99,0.584902174,16.95382609
2018-09-28 00:00:00,4.836,0.584021739,16.80026087
2018-09-29 00:00:00,2.763,0.583141304,16.64669565
2018-09-30 00:00:00,1.568,0.58226087,16.49313043
2018-10-01 00:00:00,0.335,0.581380435,16.33956522
2018-10-02 00:00:00,0.318,0.5805,16.186
2018-10-03 00:00:00,0.348,0.579619565,16.03243478
2018-10-04 00:00:00,0.246,0.57873913,15.87886957
2018-10-05 00:00:00,0.222,0.577858696,15.72530435
2018-10-06 00:00:00,0.192,0.576978261,15.57173913
2018-10-07 00:00:00,0.432,0.576097826,15.41817391
2018-10-08 00:00:00,1.302,0.575217391,15.2646087
2018-10-09 00:00:00,3.283,0.574336957,15.11104348
2018-10-10 00:00:00,1.642,0.573456522,14.95747826
2018-10-11 00:00:00,1.063,0.572576087,14.80391304
2018-10-12 00:00:00,2.126,0.571695652,14.65034783
2018-10-13 00:00:00,3.752,0.570815217,14.49678261
2018-10-14 00:00:00,1.704,0.569934783,14.34321739
2018-10-15 00:00:00,1.063,0.569054348,14.18965217
2018-10-16 00:00:00,0.773,0.568173913,14.03608696
2018-10-17 00:00:00,0.686,0.567293478,13.88252174
2018-10-18 00:00:00,0.55,0.566413043,13.72895652
2018-10-19 00:00:00,0.442,0.565532609,13.5753913
2018-10-20 00:00:00,0.466,0.564652174,13.42182609
2018-10-21 00:00:00,0.582,0.563771739,13.26826087
2018-10-22 00:00:00,0.446,0.562891304,13.11469565
2018-10-23 00:00:00,0.473,0.56201087,12.96113043
2018-10-24 00:00:00,0.381,0.561130435,12.80756522
2018-10-25 00:00:00,0.33,0.56025,12.654
2018-10-26 00:00:00,0.262,0.559369565,12.50043478
2018-10-27 00:00:00,0.245,0.55848913,12.34686957
2018-10-28 00:00:00,0.294,0.557608696,12.19330435
2018-10-29 00:00:00,0.291,0.556728261,12.03973913
2018-10-30 00:00:00,0.222,0.555847826,11.88617391
2018-10-31 00:00:00,0.333,0.554967391,11.7326087
2018-11-01 00:00:00,0.351,0.554086957,11.57904348
2018-11-02 00:00:00,0.28,0.553206522,11.42547826
2018-11-03 00:00:00,1.715,0.552326087,11.27191304
2018-11-04 00:00:00,1.424,0.551445652,11.11834783
2018-11-05 00:00:00,1.094,0.550565217,10.96478261
2018-11-06 00:00:00,0.751,0.549684783,10.81121739
2018-11-07 00:00:00,0.661,0.548804348,10.65765217
2018-11-08 00:00:00,0.838,0.547923913,10.50408696
2018-11-09 00:00:00,1.086,0.547043478,10.35052174
2018-11-10 00:00:00,1.193,0.546163043,10.19695652
2018-11-11 00:00:00,1.372,0.545282609,10.0433913
2018-11-12 00:00:00,1.11,0.544402174,9.889826087
2018-11-13 00:00:00,0.848,0.543521739,9.73626087
2018-11-14 00:00:00,3.741,0.542641304,9.582695652
2018-11-15 00:00:00,1.786,0.54176087,9.429130435
2018-11-16 00:00:00,1.123,0.540880435,9.275565217
2018-11-17 00:00:00,0.854,0.54,9.122
2018-11-18 00:00:00,0.71,0.543826087,11.92685652
2018-11-19 00:00:00,0.625,0.547652174,14.73171304
2018-11-20 00:00:00,0.698,0.551478261,17.53656957
2018-11-21 00:00:00,1.978,0.555304348,20.34142609
2018-11-22 00:00:00,1.333,0.559130435,23.14628261
2018-11-23 00:00:00,2.163,0.562956522,25.95113913
2018-11-24 00:00:00,1.583,0.566782609,28.75599565
2018-11-25 00:00:00,1.208,0.570608696,31.56085217
2018-11-26 00:00:00,1.467,0.574434783,34.3657087
2018-11-27 00:00:00,1.476,0.57826087,37.17056522
2018-11-28 00:00:00,2.467,0.582086957,39.97542174
2018-11-29 00:00:00,4.679,0.585913043,42.78027826
2018-11-30 00:00:00,3.695,0.58973913,45.58513478
2018-12-01 00:00:00,2.215,0.593565217,48.3899913
2018-12-02 00:00:00,1.823,0.597391304,51.19484783
2018-12-03 00:00:00,1.623,0.601217391,53.99970435
2018-12-04 00:00:00,1.134,0.605043478,56.80456087
2018-12-05 00:00:00,1.176,0.608869565,59.60941739
2018-12-06 00:00:00,1.454,0.612695652,62.41427391
2018-12-07 00:00:00,2.387,0.616521739,65.21913043
2018-12-08 00:00:00,1.808,0.620347826,68.02398696
2018-12-09 00:00:00,1.22,0.624173913,70.82884348
2018-12-10 00:00:00,0.994,0.628,73.6337
2018-12-11 00:00:00,0.846,0.631826087,76.43855652
2018-12-12 00:00:00,0.806,0.635652174,79.24341304
2018-12-13 00:00:00,0.671,0.639478261,82.04826957
2018-12-14 00:00:00,0.59,0.643304348,84.85312609
2018-12-15 00:00:00,1.065,0.647130435,87.65798261
2018-12-16 00:00:00,1.942,0.650956522,90.46283913
2018-12-17 00:00:00,2.193,0.654782609,93.26769565
2018-12-18 00:00:00,2.275,0.658608696,96.07255217
2018-12-19 00:00:00,1.552,0.662434783,98.8774087
2018-12-20 00:00:00,1.783,0.66626087,101.6822652
2018-12-21 00:00:00,1.791,0.670086957,104.4871217
2018-12-22 00:00:00,1.288,0.673913043,107.2919783
2018-12-23 00:00:00,1.019,0.67773913,110.0968348
2018-12-24 00:00:00,0.861,0.681565217,112.9016913
2018-12-25 00:00:00,0.771,0.685391304,115.7065478
2018-12-26 00:00:00,0.749,0.689217391,118.5114043
2018-12-27 00:00:00,0.677,0.693043478,121.3162609
2018-12-28 00:00:00,0.718,0.696869565,124.1211174
2018-12-29 00:00:00,0.923,0.700695652,126.9259739
2018-12-30 00:00:00,0.759,0.704521739,129.7308304
2018-12-31 00:00:00,0.701,0.708347826,132.535687
