time,RelHum,Rain,LongWave,ShortWave,WindSpeed,AirTemp
2016-01-01 00:00,93.43470764,0.01194,318.9893188,19.88923073,3.155581474,7.299279785
2016-01-02 00:00,84.63179779,0.00659,309.4617615,18.86857414,5.064240456,6.074609375
2016-01-03 00:00,76.39728546,0.00293,302.9970398,12.46145725,8.68328476,5.180291748
2016-01-04 00:00,80.94600677,0.00146,285.8925171,25.41599274,4.704588413,3.942254639
2016-01-05 00:00,90.74043274,0.01051,312.4177551,12.11763382,4.637485981,5.139703369
2016-01-06 00:00,80.21700287,0,285.3524475,25.86851692,2.831932068,1.915155029
2016-01-07 00:00,73.59526825,0,243.8148804,28.17130661,3.6533885,-0.017858887
2016-01-08 00:00,88.40189362,0.00434,291.9952087,12.29229355,2.530055285,1.306726074
2016-01-09 00:00,84.16364288,0.00404,320.6783752,11.44784832,7.428395271,7.181359863
2016-01-10 00:00,79.84139252,0.00379,296.805542,7.675498962,7.592872143,2.696588135
2016-01-11 00:00,78.077034,0.00194,299.3100281,15.82170391,7.558833122,3.168084717
2016-01-12 00:00,80.23600006,0.00027,289.8416443,28.48912048,4.785252094,2.198358154
2016-01-13 00:00,86.87177277,0,279.2290344,19.24734879,1.476507306,0.145318604
2016-01-14 00:00,82.5003891,0,273.7158508,32.27191162,4.014743328,1.529138184
2016-01-15 00:00,85.38617706,0,273.6992798,25.28640938,2.17320323,0.422052002
2016-01-16 00:00,85.44764709,0.00395,273.5930481,28.80366898,1.743343234,-0.341802979
2016-01-17 00:00,94.06873322,0.01901,289.34021,17.86618805,2.96738553,0.654473877
2016-01-18 00:00,91.26251221,0.00084,295.0946045,28.57377625,3.365258932,3.0480896
2016-01-19 00:00,91.45103455,0.02236,306.249939,22.45947456,3.266462088,3.805566406
2016-01-20 00:00,71.49141693,0.00863,314.5904236,19.95412064,10.76778126,6.252008057
2016-01-21 00:00,73.88186646,0,290.2032471,22.25490379,6.566684246,3.750604248
2016-01-22 00:00,72.37310791,0,266.2269592,37.00701904,4.119608879,0.882501221
2016-01-23 00:00,91.85654449,0.00349,270.8891602,30.22176361,1.789374352,0.056329346
2016-01-24 00:00,91.85991669,0.00079,337.5763245,24.16677666,7.138506413,9.738793945
2016-01-25 00:00,87.35347748,0.00065,334.2121582,18.66503143,8.543131828,9.627862549
2016-01-26 00:00,78.93127441,0.00118,278.8236084,42.95557785,4.995666981,5.22701416
2016-01-27 00:00,86.89513397,0.00014,293.755249,17.01468849,3.236000538,4.674035645
2016-01-28 00:00,91.92087555,0.00334,319.3586731,16.98210526,2.830721617,6.450708008
2016-01-29 00:00,92.8477478,0.00203,315.1846008,20.14436531,2.569149494,6.075280762
2016-01-30 00:00,83.34605408,0.00006,312.0745544,26.6995697,2.899624109,5.210656738
2016-01-31 00:00,91.75650024,0.00319,336.9665833,22.83903885,6.295141697,9.684838867
2016-02-01 00:00,83.52716827,0.00785,325.7465515,30.19693375,6.154923916,8.059533691
2016-02-02 00:00,75.56970215,0.00002,275.366394,40.22551727,4.806398869,4.227258301
2016-02-03 00:00,90.41648865,0.00093,321.683136,21.36157799,6.645913601,7.174859619
2016-02-04 00:00,84.67925262,0.00123,318.7718201,44.33235931,4.165921688,6.337670898
2016-02-05 00:00,75.54878998,0.00088,292.280304,51.43340302,6.16039753,3.704553223
2016-02-06 00:00,84.41035461,0.0088,308.5114441,17.92453766,6.545342922,4.441552734
2016-02-07 00:00,83.32405853,0.00695,290.8266907,29.49314308,2.002544641,2.048638916
2016-02-08 00:00,86.8158493,0.01556,287.0881042,11.92661572,4.803367615,1.213250732
2016-02-09 00:00,76.98122406,0.00291,297.1220093,37.31181335,9.147125244,2.793786621
2016-02-10 00:00,83.17326355,0.00833,298.2901917,16.86955643,6.486123562,5.198480225
2016-02-11 00:00,87.44918823,0.01578,329.5791016,19.21485519,4.916784286,8.376062012
2016-02-12 00:00,75.48010254,0.00135,305.6352539,58.63408279,7.769454956,6.532739258
2016-02-13 00:00,76.96637726,0.00664,302.8354187,43.83164597,5.577226639,5.330865479
2016-02-14 00:00,81.75744629,0.00979,315.5479736,30.18454933,8.268322945,6.144464111
2016-02-15 00:00,82.37397003,0.00691,306.364502,55.92472076,5.166509151,5.29519043
2016-02-16 00:00,73.23012543,0.00022,259.025116,76.62886047,4.171504021,1.615594482
2016-02-17 00:00,68.8368454,0,256.6753845,84.22161102,2.201048136,0.275079346
2016-02-18 00:00,85.83332062,0.00205,317.6505737,34.97663498,7.32115221,6.102044678
2016-02-19 00:00,68.2199173,0.00506,308.3625183,43.97192764,8.559937477,5.224664307
2016-02-20 00:00,83.16900635,0.00946,324.8842163,49.97691727,10.79411507,7.494256592
2016-02-21 00:00,82.17462921,0.00032,332.6098938,52.7134285,9.709256172,9.352410889
2016-02-22 00:00,81.81736755,0.00002,313.8237305,83.62293243,8.658270836,9.958856201
2016-02-23 00:00,87.29954529,0.00031,323.0161743,70.01660919,4.716715813,8.969995117
2016-02-24 00:00,84.61154175,0.00192,314.5862122,38.27650452,5.593855858,6.274163818
2016-02-25 00:00,78.52406311,0.00501,302.0535889,52.18197632,7.029993057,4.093621826
2016-02-26 00:00,73.16893768,0.00161,299.8546753,63.92067337,7.478290558,4.873529053
2016-02-27 00:00,86.40667725,0.0118,284.5430298,25.0712471,3.508681297,2.324761963
2016-02-28 00:00,85.59728241,0.0103,301.6947632,49.1275444,4.054860115,4.092492676
2016-02-29 00:00,74.11402893,0.01434,313.1469421,60.09247971,8.313727379,7.318994141
2016-03-01 00:00,69.99794006,0.00307,300.9108887,80.16804504,9.049836159,5.667749023
2016-03-02 00:00,78.05602264,0.0052,311.1043091,36.36855698,7.26207304,6.860131836
2016-03-03 00:00,81.21549225,0.00531,297.1929016,72.8908844,6.10014677,4.340264893
2016-03-04 00:00,82.84426117,0.0252,276.6999512,41.80871201,8.114334106,3.431756592
2016-03-05 00:00,78.52261353,0.00822,276.1080933,101.3893051,4.742203236,3.631799316
2016-03-06 00:00,89.26789093,0.01205,290.40271,23.22686577,10.21498775,2.81206665
2016-03-07 00:00,74.30841064,0.00051,280.1707153,146.0219116,6.489450932,5.706262207
2016-03-08 00:00,83.11204529,0.00243,304.1687927,28.75467491,6.624054909,5.695855713
2016-03-09 00:00,86.06303406,0.00365,287.6568604,56.2808342,7.259897709,2.744470215
2016-03-10 00:00,77.46663666,0.00018,283.4515076,115.7646332,5.234876156,3.513726807
2016-03-11 00:00,81.13516235,0.00008,284.9388733,84.37462616,1.166722178,2.400445557
2016-03-12 00:00,75.32514191,0.00016,257.5050354,144.1587219,3.567775011,2.061853027
2016-03-13 00:00,69.90274048,0.00017,257.37146,115.431572,5.394448757,1.807122803
2016-03-14 00:00,70.49055481,0.00002,272.0568542,113.17202,3.089469671,1.785668945
2016-03-15 00:00,88.94842529,0.00428,279.9069824,55.86086655,1.614434958,1.025994873
2016-03-16 00:00,90.18778992,0.00131,322.7128906,112.5367279,4.981143951,9.079278564
2016-03-17 00:00,86.52850342,0.00368,336.8531799,90.01449585,6.439962387,11.16781006
2016-03-18 00:00,86.79608917,0.00275,327.2004395,123.5817642,5.614055634,10.83574829
2016-03-19 00:00,85.97422028,0.00206,338.6251221,98.65033722,5.972816944,11.44939575
2016-03-20 00:00,77.96514893,0.00027,328.2225952,157.1466064,5.09992218,10.53954468
2016-03-21 00:00,66.92661285,0.00105,308.559082,141.8834991,7.345970631,8.86348877
2016-03-22 00:00,71.57822418,0.00006,317.1993103,109.4977188,2.34169817,8.060540771
2016-03-23 00:00,86.93700409,0.0007,322.6449585,91.17570496,4.469116211,8.959985352
2016-03-24 00:00,88.90956879,0.00184,331.7163086,105.3716736,3.101380825,10.11812744
2016-03-25 00:00,75.27487183,0.00342,312.6374817,147.655777,5.287734509,8.531945801
2016-03-26 00:00,84.95039368,0.01246,314.0027771,109.3135147,4.188149452,7.60894165
2016-03-27 00:00,81.40026855,0.00101,292.1808777,144.8268738,1.888789654,6.767602539
2016-03-28 00:00,80.74508667,0.00269,297.8319092,119.1783676,2.395879269,6.522393799
2016-03-29 00:00,89.85572815,0.00504,304.7609253,107.7039185,2.738850355,5.544152832
2016-03-30 00:00,92.34381104,0.00568,309.1645813,85.21747589,3.558701515,5.994592285
2016-03-31 00:00,92.00878906,0.02025,297.3985596,62.17769623,6.729606152,3.936669922
2016-04-01 00:00,84.2195816,0.00916,293.553833,65.66423798,6.472187042,3.582971191
2016-04-02 00:00,60.02240372,0.00002,284.6490173,107.8523102,5.800890446,3.35100708
2016-04-03 00:00,68.67476654,0.00023,278.3690186,148.3123169,3.219248772,3.122033691
2016-04-04 00:00,68.78913116,0.00035,264.6985779,140.3053284,2.144481897,3.46819458
2016-04-05 00:00,73.00410461,0.00002,261.2365723,143.3519897,1.218013644,3.126031494
2016-04-06 00:00,76.96808624,0.00026,262.6760254,143.7327118,3.167399168,2.982141113
2016-04-07 00:00,74.75655365,0.0055,290.4833984,122.6560593,3.276968956,3.683312988
2016-04-08 00:00,71.67218781,0.0002,282.2160645,114.7578354,3.738949537,2.610772705
2016-04-09 00:00,84.82364655,0.00627,282.4515686,71.61217499,5.834181786,2.125787354
2016-04-10 00:00,90.77223969,0.0063,298.0407104,90.10890961,3.808577061,4.132104492
2016-04-11 00:00,89.47732544,0.0031,304.9501953,116.3512726,1.127560496,5.456903076
2016-04-12 00:00,86.39129639,0.0012,307.1371155,129.5570679,0.407283902,6.134179688
2016-04-13 00:00,87.81771088,0.00319,305.7145081,104.5142059,0.998306215,5.923364258
2016-04-14 00:00,84.73480988,0.00076,308.1635437,113.6033096,2.740557671,6.153253174
2016-04-15 00:00,85.49730682,0.00055,310.9103394,100.7912674,3.127034903,6.544213867
2016-04-16 00:00,87.6700592,0.00062,317.0498962,117.909874,1.859594464,7.687158203
2016-04-17 00:00,85.31962585,0.00008,314.6920776,138.0363617,0.566680491,9.020196533
2016-04-18 00:00,75.33394623,0.00006,319.2228394,172.2861023,1.413268924,10.61156616
2016-04-19 00:00,84.35021973,0.00026,308.3822937,171.0993958,1.559639454,8.873254395
2016-04-20 00:00,76.28672791,0,322.8712463,240.9580688,1.91814816,10.60692749
2016-04-21 00:00,82.94945526,0.00018,332.971405,172.699295,4.847312927,11.04796753
2016-04-22 00:00,75.3816452,0,330.646759,170.8703766,4.833866119,11.22628174
2016-04-23 00:00,71.85773468,0.00033,321.8730774,180.2455444,7.91244936,10.58446655
2016-04-24 00:00,59.97499466,0.00037,294.5162354,185.7935181,8.670969963,7.748071289
2016-04-25 00:00,65.51686859,0.00098,286.8252563,168.3166046,4.767906189,6.992730713
2016-04-26 00:00,69.2623291,0.00353,285.9256287,181.7795715,2.020748615,6.312188721
2016-04-27 00:00,75.73690796,0.00319,303.921936,177.4511261,2.381378412,6.674401855
2016-04-28 00:00,68.24191284,0.00011,302.1004333,172.9803009,4.044425011,8.141473389
2016-04-29 00:00,71.70848083,0.00104,317.2320251,147.1706085,7.872499466,8.976739502
2016-04-30 00:00,72.25588226,0.00024,336.8316956,173.8158569,6.935920715,11.91112671
2016-05-01 00:00,74.0157547,0.00002,343.6413574,180.9254303,7.873613834,13.32027588
2016-05-02 00:00,84.35939789,0.00957,333.5575562,114.3340683,5.376988888,10.68795166
2016-05-03 00:00,76.35764313,0.00423,297.2618408,138.106842,6.165819168,7.064141846
2016-05-04 00:00,67.89311981,0.00307,296.0801697,162.0344696,6.497750282,7.079705811
2016-05-05 00:00,71.39812469,0.004,303.057251,145.6352386,2.898297787,6.570245361
2016-05-06 00:00,83.94680786,0.00494,303.4805908,117.5146255,2.719377041,5.388970947
2016-05-07 00:00,85.12501526,0.01098,309.1981506,89.23284149,4.287315369,6.449517822
2016-05-08 00:00,82.48712921,0.00429,305.2459412,114.3553085,4.865266323,6.235803223
2016-05-09 00:00,82.2731781,0.00579,306.727478,77.5072937,6.39387989,6.091943359
2016-05-10 00:00,64.38646698,0.00012,306.3987122,170.567337,4.939554214,7.53057251
2016-05-11 00:00,66.86392212,0.00198,304.9985352,164.0617676,2.72655797,6.83526001
2016-05-12 00:00,68.0711441,0.00014,301.0808411,171.1766663,2.402050257,6.728387451
2016-05-13 00:00,59.73257828,0.00005,296.496521,162.215332,4.663798809,6.024407959
2016-05-14 00:00,67.18641663,0.00005,319.6684875,166.2272949,4.196769238,8.895501709
2016-05-15 00:00,72.65139008,0.00198,329.9785461,146.7148895,3.847838163,10.57946167
2016-05-16 00:00,79.73696899,0.01229,325.2989807,189.8077393,3.1463899612426798,10.70079956
2016-05-17 00:00,75.43432617,0.00627,318.8258057,117.680481,5.308790207,8.50725708
2016-05-18 00:00,70.73503876,0.00022,320.4728699,192.4931946,2.502837896,10.10839233
2016-05-19 00:00,69.37998962,0.00016,324.4322815,200.2085876,2.202694416,10.98879395
2016-05-20 00:00,77.63700104,0.00212,306.350647,206.5625305,2.51275444,10.17815552
2016-05-21 00:00,80.46011353,0.00069,315.7348328,225.3853455,3.315520763,10.90563354
2016-05-22 00:00,80.14794922,0.00023,316.8904419,243.0265656,3.252053738,10.85601196
2016-05-23 00:00,87.26281738,0.00184,328.5726929,157.4811401,6.660759926,9.559106445
2016-05-24 00:00,88.34658051,0.00421,328.3537292,120.2625809,5.848895073,12.64885864
2016-05-25 00:00,79.21231079,0.00021,327.0450439,168.8982697,3.075202942,13.10088501
2016-05-26 00:00,74.46284485,0.00183,340.9882507,207.5266571,5.294611454,14.35338745
2016-05-27 00:00,73.34088135,0.00294,340.2198486,214.2700958,4.268139839,14.31118164
2016-05-28 00:00,65.62888336,0.00009,318.8625793,229.7973785,2.803220987,12.71077881
2016-05-29 00:00,71.78069305,0.00056,311.6567078,214.0537567,2.073808908,11.75744019
2016-05-30 00:00,71.30975342,0.00203,318.0284424,211.6024475,1.784190655,12.01879272
2016-05-31 00:00,76.22527313,0.00083,308.2024841,204.4418335,1.440027118,11.30993042
2016-06-01 00:00,85.94477844,0.0042,334.2763977,168.8859406,3.696755648,10.60540161
2016-06-02 00:00,93.19224548,0.03435,328.3190002,62.6735878,6.530123234,8.108361816
2016-06-03 00:00,73.80400085,0.00443,319.355072,128.8606873,4.313673973,8.413201904
2016-06-04 00:00,64.78356171,0.00024,300.9449463,173.9577026,4.844070911,8.800714111
2016-06-05 00:00,77.87918854,0.00266,330.7650757,126.8704605,4.029428005,9.491693115
2016-06-06 00:00,77.29727173,0.00695,330.2624207,148.3068237,2.917081118,9.968164063
2016-06-07 00:00,71.29559326,0.00126,316.0493164,211.8668213,3.945582628,10.05184326
2016-06-08 00:00,79.9712677,0.00488,335.1405029,202.1929779,6.222677708,11.76018677
2016-06-09 00:00,83.62264252,0.00332,342.4268188,181.6459961,6.278220654,12.11507568
2016-06-10 00:00,66.48577118,0.00004,314.7217102,252.7661896,4.214048862,12.3800293
2016-06-11 00:00,76.70983124,0.00013,341.7319336,219.3759613,2.325110197,12.40053711
2016-06-12 00:00,82.92932129,0.00078,356.710968,230.2627411,2.521143913,15.95543823
2016-06-13 00:00,88.36732483,0.00043,346.0748901,229.9265594,1.893696785,14.42870483
2016-06-14 00:00,86.45574951,0.00061,364.2530823,183.993103,1.300918818,15.52996216
2016-06-15 00:00,84.13991547,0.01169,359.9186096,200.3986969,3.075799465,16.05376587
2016-06-16 00:00,72.52017212,0.00002,325.5209045,238.4135895,3.546804428,14.55196533
2016-06-17 00:00,64.93663788,0.00001,316.1807861,208.3451996,4.088366032,12.2517334
2016-06-18 00:00,62.6156044,0.00003,312.7936401,227.1824493,4.097835541,11.59411011
2016-06-19 00:00,74.74295807,0.00001,320.5346985,298.1104126,1.344797015,11.54165039
2016-06-20 00:00,85.74616241,0.00006,331.4359741,180.3642578,1.201290965,11.93364868
2016-06-21 00:00,86.00131226,0.0006,345.8176575,157.1061096,0.809413254,13.14486084
2016-06-22 00:00,91.69304657,0.01064,343.8763123,103.3150635,1.84269166,11.8467041
2016-06-23 00:00,70.21640778,0.00007,322.8497925,128.3498993,4.041323185,9.607202148
2016-06-24 00:00,63.97946548,0.00016,328.8869324,163.5280151,3.480623245,10.10357056
2016-06-25 00:00,74.192276,0.00028,334.3986511,140.4173584,3.738145113,10.14785156
2016-06-26 00:00,73.39239502,0.00005,321.6495056,256.4169312,2.886953592,11.00548706
2016-06-27 00:00,71.72958374,0.00005,318.8216858,247.9494171,0.671959281,11.48226318
2016-06-28 00:00,75.96975708,0.00053,348.5994263,192.1898804,1.975593925,14.28817139
2016-06-29 00:00,76.37327576,0.00233,344.2351379,244.7415314,2.364132881,15.4182373
2016-06-30 00:00,78.13333893,0.00008,320.6861267,269.7611084,2.979893684,13.67739258
2016-07-01 00:00,87.57033539,0.00973,340.4608765,109.2673187,2.086777687,12.09075317
2016-07-02 00:00,75.63043213,0.0016,325.2474976,231.9918518,4.049477577,12.9777771
2016-07-03 00:00,89.3183136,0.00748,337.8696899,135.0942993,3.059220552,12.01009521
2016-07-04 00:00,78.61368561,0.00168,319.346405,222.3059082,4.35128212,12.512323
2016-07-05 00:00,91.85170746,0.00268,343.3588562,112.9235611,0.972039402,11.99776611
2016-07-06 00:00,77.1627121,0.00034,334.2184753,205.4455566,3.836407661,13.3635498
2016-07-07 00:00,76.49731445,0.00318,336.6691284,197.2800598,4.755422115,13.52153931
2016-07-08 00:00,70.08120728,0.00003,326.6834412,221.839386,5.650608063,13.42592773
2016-07-09 00:00,73.01229858,0.00026,331.5695496,164.0062408,4.856864929,13.16536865
2016-07-10 00:00,72.90893555,0.00027,345.8560486,184.8104553,4.159594059,13.35198364
2016-07-11 00:00,80.31323242,0.0058,319.6787109,211.7650909,1.317290425,12.6635376
2016-07-12 00:00,78.75796509,0.00261,341.3037415,168.145462,2.436655521,12.93551025
2016-07-13 00:00,78.07033539,0.0001,346.2250061,200.9651184,1.799051881,12.42467651
2016-07-14 00:00,90.82211304,0.00569,351.3986206,149.0176544,3.70851922,12.89074097
2016-07-15 00:00,77.52336884,0.00005,323.512085,238.3148804,3.583893538,13.48824463
2016-07-16 00:00,78.86323547,0.00007,340.09198,220.5349731,2.28266263,13.64928589
2016-07-17 00:00,77.22346497,0,358.7475891,231.8201599,1.759393692,14.28768311
2016-07-18 00:00,68.45880127,0,363.0118713,243.2918549,4.344796658,14.90737305
2016-07-19 00:00,74.33257294,0,299.4460144,282.835022,1.356173277,13.61031494
2016-07-20 00:00,81.36256409,0.00005,355.92453,249.4352417,0.794549465,15.21639404
2016-07-21 00:00,79.7256012,0.00028,344.852417,246.1613617,1.043370485,16.84224854
2016-07-22 00:00,78.37546539,0.00004,371.0135498,170.6340027,0.856609225,16.79723511
2016-07-23 00:00,77.88079071,0.0001,343.3384399,243.7684631,0.738617182,17.23543701
2016-07-24 00:00,81.2717514,0.00032,369.9335022,225.7499695,1.114627361,18.27300415
2016-07-25 00:00,80.46533966,0.00271,364.0477905,221.6890259,1.28974092,18.16228638
2016-07-26 00:00,76.64038849,0.00003,366.0537415,236.9249725,1.265653253,18.72866211
2016-07-27 00:00,85.38950348,0.0003,361.1773682,165.1626587,2.261311531,16.55999146
2016-07-28 00:00,86.08010101,0.00011,355.6590576,170.7237091,1.687058806,15.71428833
2016-07-29 00:00,81.21430206,0.00005,346.9970093,252.2670441,1.905189753,18.01903687
2016-07-30 00:00,82.36669159,0.00008,382.9745178,184.9430237,1.190140963,19.53954468
2016-07-31 00:00,85.85243988,0.01729,382.499176,133.8271027,1.58574605,19.40661011
2016-08-01 00:00,76.68028259,0.00092,354.5467224,237.4591064,2.847076416,18.25643311
2016-08-02 00:00,89.9165802,0.00786,366.1856995,123.5399933,2.091491938,16.04223022
2016-08-03 00:00,85.172966,0.01259,351.6682129,180.5856476,2.485184669,17.26955566
2016-08-04 00:00,85.95897675,0.01252,347.5457153,153.6459198,3.40196228,15.51049194
2016-08-05 00:00,78.24510956,0.0012,359.7806396,205.1486664,3.677612782,17.30263672
2016-08-06 00:00,84.43697357,0.00459,359.3256531,199.8093262,4.27010107,17.48595581
2016-08-07 00:00,89.51655579,0.01805,353.0814514,188.2566528,3.877550364,16.07268677
2016-08-08 00:00,89.56890106,0.00891,351.8092651,85.05063629,4.82862711,12.76433716
2016-08-09 00:00,72.0801239,0.00002,348.5772095,152.0697479,1.988344908,13.67748413
2016-08-10 00:00,74.47877502,0.00006,341.1834412,161.1627655,0.36989519,13.88329468
2016-08-11 00:00,73.08613586,0.00054,318.9603271,217.4295807,1.091707587,14.49758301
2016-08-12 00:00,78.32089233,0.00337,330.6322021,181.4252167,2.731964827,14.76439819
2016-08-13 00:00,83.79860687,0.00468,360.7756958,120.616478,3.019481421,14.67797241
2016-08-14 00:00,79.19236755,0.00183,337.8127747,195.2879333,4.312506199,15.89876709
2016-08-15 00:00,76.8818512,0.00043,341.0783386,206.3996887,2.606569529,15.26439819
2016-08-16 00:00,83.50184631,0.00079,363.068512,170.1690979,2.456654787,15.6831604
2016-08-17 00:00,86.68897247,0.00334,354.0232544,189.6902313,3.270090103,17.43639526
2016-08-18 00:00,89.87883759,0.00596,355.542572,176.2480011,1.128240585,17.62044678
2016-08-19 00:00,83.9052124,0.00019,368.9378052,192.9120941,1.606920958,16.78838501
2016-08-20 00:00,77.7313385,0.00173,360.7394104,134.5892639,2.319150448,14.63637695
2016-08-21 00:00,77.54271698,0.00069,344.6440735,135.8601685,2.19652009,13.41433105
2016-08-22 00:00,80.36201477,0.00225,353.6048584,139.1773987,0.9358477,13.49395142
2016-08-23 00:00,74.44880676,0.00003,323.5795898,190.1696472,1.793987632,15.27144775
2016-08-24 00:00,76.34931183,0.00002,345.0265198,161.8980255,1.668408275,15.20980225
2016-08-25 00:00,79.91621399,0.00006,354.8215027,151.0570831,2.926317215,15.0251709
2016-08-26 00:00,83.41651917,0.00067,360.7151794,121.0589371,4.483905315,15.19967041
2016-08-27 00:00,72.36305237,0.00306,342.5931091,123.9400024,1.909020066,12.52770386
2016-08-28 00:00,67.59379578,0.00431,323.6768494,105.9212723,2.352557182,10.29076538
2016-08-29 00:00,67.2167511,0.00016,338.4333801,123.4885712,2.954458475,11.54485474
2016-08-30 00:00,81.66026306,0.00011,354.0810852,116.8025665,3.746876478,13.5826355
2016-08-31 00:00,89.04152679,0.00451,361.9178162,75.00429535,6.374904156,14.7645813
2016-09-01 00:00,82.19822693,0.00289,345.1233826,99.66927338,5.692602158,14.38790283
2016-09-02 00:00,73.67719269,0.00022,335.7688599,143.8943024,5.364082336,13.09707031
2016-09-03 00:00,82.14733124,0.00877,350.7244568,134.5782318,5.613605022,13.61797485
2016-09-04 00:00,87.34836578,0.01567,336.7306519,91.78642273,4.745546341,12.77764282
2016-09-05 00:00,74.91297913,0.00007,338.0361023,129.1851654,6.678916454,12.93267212
2016-09-06 00:00,83.2293396,0.00206,352.5827942,140.4266968,5.533659935,13.58983765
2016-09-07 00:00,96.14071655,0.019,355.006073,43.21917725,1.288954854,13.44289551
2016-09-08 00:00,95.67126465,0.00872,353.934906,33.52947998,1.904331684,13.40575562
2016-09-09 00:00,79.49364471,0.00207,335.526886,137.2093048,5.869039536,12.34719238
2016-09-10 00:00,93.00706482,0.03644,358.2800293,34.65098953,4.186448097,14.0380188
2016-09-11 00:00,85.76122284,0.0202,351.4224548,139.7126923,5.769207954,14.61321411
2016-09-12 00:00,71.49207306,0.00001,321.8634644,144.7476807,1.661440611,11.65862427
2016-09-13 00:00,93.11927795,0.03077,346.8061829,27.38972855,5.039670467,11.77941284
2016-09-14 00:00,85.04184723,0.00264,341.3135071,65.13449097,7.421496391,11.26824341
2016-09-15 00:00,71.11096191,0.00006,311.1945801,152.9751587,6.136171818,11.72963867
2016-09-16 00:00,85.91844177,0.02909,351.9450073,27.44862175,6.282473087,13.26156006
2016-09-17 00:00,67.73001099,0.00111,299.1464539,129.1434174,9.511991501,11.7446228
2016-09-18 00:00,80.17098236,0.00012,305.2571106,101.6672211,2.678471804,11.46270142
2016-09-19 00:00,78.99765778,0.00007,294.9629822,141.9224396,2.705044508,10.71395264
2016-09-20 00:00,83.94364166,0.00355,307.1470642,91.56339264,2.17566824,9.372644043
2016-09-21 00:00,83.64064026,0.00131,311.0817261,123.8827209,1.724636912,9.907617188
2016-09-22 00:00,91.01177216,0.00531,331.7510986,72.44985962,2.310768366,10.03295288
2016-09-23 00:00,84.11513519,0.03003,326.3606567,94.91228485,6.205710888,12.65929565
2016-09-24 00:00,80.73127747,0.00011,307.1685791,77.53308105,4.68340683,10.5130249
2016-09-25 00:00,85.53308868,0.0002,333.9825745,74.51420593,4.617425919,10.58809814
2016-09-26 00:00,83.58135986,0.00093,346.8152161,66.18547821,5.783854961,11.87716064
2016-09-27 00:00,93.47265625,0.02439,340.1880493,18.64526367,2.107101679,10.32409058
2016-09-28 00:00,68.44077301,0.00005,298.8426208,111.1551971,4.655770302,7.310601807
2016-09-29 00:00,72.8278656,0.00005,282.2485352,108.9324875,1.334561586,6.160241699
2016-09-30 00:00,76.04829407,0.00006,315.8370667,103.828331,0.877542555,7.538995361
2016-10-01 00:00,77.59368134,0.00007,293.1807251,78.26904297,0.518969417,6.968988037
2016-10-02 00:00,75.74528503,0.00013,312.3230591,68.35926056,1.481780648,7.936364746
2016-10-03 00:00,76.27693176,0.00001,295.3492126,100.4225693,2.593378782,8.827264404
2016-10-04 00:00,82.91269684,0.00017,323.8430176,65.05987549,0.853480697,9.109460449
2016-10-05 00:00,83.1424408,0.00008,308.2068176,88.35910797,2.302414179,8.548364258
2016-10-06 00:00,89.22254181,0.00209,317.2846375,63.63063049,0.949595809,7.790734863
2016-10-07 00:00,92.52838898,0.00364,328.7120972,64.7038269,1.964869022,8.682427979
2016-10-08 00:00,85.26226807,0,301.3513794,98.02742767,3.743402958,8.913079834
2016-10-09 00:00,92.8931427,0.00523,335.8231506,54.21332169,2.468969345,10.42629395
2016-10-10 00:00,89.55449677,0.00013,338.4507751,68.77983856,0.944462359,11.33101807
2016-10-11 00:00,95.47109985,0.00279,342.9234314,39.1771431,3.717800856,11.01650391
2016-10-12 00:00,89.28455353,0.00155,338.537323,47.45453262,4.960235119,10.61742554
2016-10-13 00:00,84.54457092,0.00062,317.5329895,50.91893768,2.613234282,8.80602417
2016-10-14 00:00,79.26815796,0.00052,308.3602295,62.02939224,3.77329278,6.881463623
2016-10-15 00:00,87.9059906,0.00086,318.5213318,48.84191513,2.245252609,7.081689453
2016-10-16 00:00,93.56764984,0.01706,327.7802734,14.33639336,2.476898432,8.557061768
2016-10-17 00:00,88.54611206,0.0095,336.0701294,47.87220001,4.014371395,12.01253662
2016-10-18 00:00,91.63173676,0.01996,334.6716614,12.06161213,3.738642693,11.36528931
2016-10-19 00:00,92.10621643,0.00004,316.4316406,23.93732643,2.653581619,9.051049805
2016-10-20 00:00,76.07897186,0.00002,304.6895447,47.00631714,3.203551531,7.503411865
2016-10-21 00:00,77.83408356,0.00004,317.132843,48.42998505,1.397843838,6.405999756
2016-10-22 00:00,93.10289001,0.00303,345.0817871,27.82806778,4.52886343,11.30797729
2016-10-23 00:00,85.85406494,0.0001,341.3497925,50.80469894,3.877066374,11.44143066
2016-10-24 00:00,92.40222931,0.00437,340.2571411,16.95974922,2.535115004,10.36037598
2016-10-25 00:00,83.38169861,0.00018,296.7918091,53.54979324,7.005453587,9.982995605
2016-10-26 00:00,76.26586151,0.00001,323.6747742,51.3400383,3.905982256,8.180596924
2016-10-27 00:00,65.61768341,0.00005,314.0684814,21.95575714,4.212894917,6.742547607
2016-10-28 00:00,67.91954803,0.00007,315.3963318,27.62895966,2.662760973,7.199517822
2016-10-29 00:00,76.36335754,0.00292,294.7033997,41.02744675,2.329026222,4.715875244
2016-10-30 00:00,95.09046173,0.00167,324.2970581,32.35064697,0.656113446,7.453546143
2016-10-31 00:00,94.46303558,0.00066,325.7019958,26.47821045,1.408858061,7.638879395
2016-11-01 00:00,82.78475189,0.00024,306.4061279,34.95365524,3.432459831,7.500665283
2016-11-02 00:00,79.21800995,0.03363,327.3012695,13.92280865,9.259882927,8.154870605
2016-11-03 00:00,95.42986298,0.01898,335.7953796,15.34468555,2.756866693,10.10665283
2016-11-04 00:00,95.40981293,0.00322,324.9599609,24.82613564,1.538434505,8.4878479
2016-11-05 00:00,93.72383118,0.00104,330.0371704,25.79118538,1.389972806,8.834893799
2016-11-06 00:00,94.58056641,0.01422,331.9196777,16.72702026,4.622313976,9.340997314
2016-11-07 00:00,94.39347076,0.02177,339.5877075,7.955435276,5.735272884,10.19957886
2016-11-08 00:00,95.00457001,0.00933,334.726532,18.4414196,2.975743532,9.506005859
2016-11-09 00:00,95.44239044,0.00539,331.524231,17.25887299,3.128088713,8.766687012
2016-11-10 00:00,91.12330627,0.00001,288.3001709,40.77033997,1.077350974,5.034204102
2016-11-11 00:00,93.47454834,0.01074,317.3399963,15.32266712,2.880201578,5.974969482
2016-11-12 00:00,88.87887573,0.00224,334.9103394,33.03030396,4.555566311,10.65441284
2016-11-13 00:00,88.44590759,0.00249,339.2359009,26.60730171,4.3034482,10.88170776
2016-11-14 00:00,88.19747162,0.00259,337.6474915,20.8960228,4.534018993,10.14522705
2016-11-15 00:00,88.36192322,0.00209,326.1404419,17.14943314,4.55486536,8.658166504
2016-11-16 00:00,66.61577606,0,266.7140808,35.0337944,5.08725214,3.606652832
2016-11-17 00:00,68.82278442,0,271.6693726,28.83626938,4.239943981,0.59697876
2016-11-18 00:00,87.60493469,0.00375,285.7203979,7.515575409,1.036588311,0.263909912
2016-11-19 00:00,96.29490662,0.00338,311.5990601,11.93582344,1.269209146,5.339074707
2016-11-20 00:00,96.28146362,0.00008,319.9960327,21.0469265,1.50501883,7.217218018
2016-11-21 00:00,97.0383606,0.01153,330.96875,7.829019547,1.472584009,8.492456055
2016-11-22 00:00,97.98826599,0.00093,331.1130981,6.849461555,0.504266024,8.518182373
2016-11-23 00:00,94.12657928,0.001,308.480896,14.96783543,2.276632071,7.923272705
2016-11-24 00:00,89.54364014,0.00003,278.0858154,26.38611984,2.396221399,5.496331787
2016-11-25 00:00,89.39881134,0.00008,297.1616821,26.06077385,0.431183368,3.664910889
2016-11-26 00:00,83.48870087,0,299.6017761,25.50431061,3.486438274,6.094262695
2016-11-27 00:00,90.36203766,0.00903,330.5552368,9.973230362,3.855324745,8.768304443
2016-11-28 00:00,89.79370117,0.01187,326.8851624,12.71415424,6.097813606,9.505273438
2016-11-29 00:00,79.11422729,0.00357,330.8413696,21.43863869,8.370280266,10.14940796
2016-11-30 00:00,74.6180191,0.00693,322.0926819,10.76568985,10.26623058,8.236169434
2016-12-01 00:00,81.07648468,0.00922,311.8283691,15.72734261,9.963728905,7.489587402
2016-12-02 00:00,89.20081329,0.00193,314.0042114,5.753412724,2.619876146,6.046960449
2016-12-03 00:00,86.46469879,0.00013,315.7475281,20.72310448,4.56983757,6.800134277
2016-12-04 00:00,87.14946747,0.01497,333.7310181,7.023088932,6.470255375,9.06887207
2016-12-05 00:00,87.5997467,0.00558,321.5673523,15.10286617,4.57366848,8.398858643
2016-12-06 00:00,78.06748962,0,289.9812012,17.60560036,3.21866107,4.264093018
2016-12-07 00:00,81.75636292,0.03365,312.8526306,3.097425699,6.591845989,5.327844238
2016-12-08 00:00,79.14897156,0.00002,311.5644226,15.81121254,7.050296783,5.188745117
2016-12-09 00:00,63.23675537,0.00001,285.4672546,22.07193184,6.584258556,5.600671387
2016-12-10 00:00,76.03955841,0,276.1577759,24.42755318,3.202524424,4.38036499
2016-12-11 00:00,88.38014984,0.00001,289.5964661,15.21087265,0.096614912,1.616082764
2016-12-12 00:00,91.73625946,0.00069,282.0754089,10.13607597,0.74321574,0.268609619
2016-12-13 00:00,82.280159,0.00118,299.5915527,8.934069633,2.679196596,3.191949463
2016-12-14 00:00,85.17230225,0.00898,297.5921021,11.8089323,3.192531824,2.579187012
2016-12-15 00:00,75.64665985,0.00453,299.9300232,9.38103199,6.992090702,3.226739502
2016-12-16 00:00,78.42063904,0.03118,305.5809021,2.47423768,10.90472889,4.124291992
2016-12-17 00:00,91.91710663,0.03317,318.7012939,5.797104359,7.964636326,6.125024414
2016-12-18 00:00,90.76644897,0.01169,302.2807617,15.94549084,4.4062047,5.211236572
2016-12-19 00:00,88.99137878,0.00498,305.7914429,9.249308586,5.570638657,4.029595947
2016-12-20 00:00,83.77270508,0.00361,297.4398193,8.290570259,6.470774174,2.466119385
2016-12-21 00:00,78.62071991,0.00068,291.9573975,14.6633358,3.371503353,1.797692871
2016-12-22 00:00,65.34342194,0.00007,289.4507141,14.13970375,3.203867435,2.97802124
2016-12-23 00:00,75.09217072,0.00686,293.0299072,8.634566307,5.365813255,2.775292969
2016-12-24 00:00,87.86810303,0.00942,297.6266174,7.860430717,5.973711491,2.319543457
2016-12-25 00:00,82.58555603,0.00898,297.8511963,8.136089325,5.509728909,2.585534668
2016-12-26 00:00,83.8769455,0.0014,283.6554565,14.03631496,1.864143968,1.412805176
2016-12-27 00:00,79.17974091,0.00062,290.5163879,13.43288994,4.178128719,2.389642334
2016-12-28 00:00,75.39307404,0.00478,284.5233459,12.22106266,4.55684185,1.55602417
2016-12-29 00:00,90.9653244,0.00468,277.0137329,16.74437904,3.54241991,-0.964575195
2016-12-30 00:00,91.14599609,0.01454,280.302948,7.025238514,4.467120647,-0.929968262
2016-12-31 00:00,89.20903015,0.02678,281.2488098,6.945144176,9.546383858,-0.77890625
2017-01-01 00:00,93.86449432,0.05205,289.3686523,3.417726517,11.14596558,0.575128174
2017-01-02 00:00,86.31504059,0.00419,272.32901,11.7701931,6.755343914,0.037011719
2017-01-03 00:00,77.60507965,0.00002,218.3252258,25.07543373,5.253334522,-2.868475342
2017-01-04 00:00,83.43412018,0.00149,283.2792969,19.60509872,6.738244057,0.947015381
2017-01-05 00:00,93.4524231,0.01706,302.2085571,7.21564579,3.770133734,2.994104004
2017-01-06 00:00,87.94579315,0.00471,326.0855408,19.13768959,7.088485718,7.738366699
2017-01-07 00:00,90.92169189,0.0017,335.7875977,14.74610233,6.315794468,9.513024902
2017-01-08 00:00,84.83469391,0.00292,340.042511,18.41836548,9.378185272,10.3492981
2017-01-09 00:00,81.39677429,0.00097,313.7557373,21.42037392,6.940727711,7.78359375
2017-01-10 00:00,84.95610046,0.01005,311.0103455,10.69686508,3.472267866,5.158074951
2017-01-11 00:00,91.69832611,0.0025,292.3527527,34.43051529,1.217491508,2.317651367
2017-01-12 00:00,94.62863922,0.00193,307.046051,13.24601269,2.836873055,3.872979736
2017-01-13 00:00,94.06018829,0.00083,323.7698364,12.92608356,3.576814175,7.220178223
2017-01-14 00:00,92.58495331,0.00017,318.224823,23.1502285,2.673009396,6.288751221
2017-01-15 00:00,91.32393646,0.00086,319.4933167,16.39951324,3.11819005,6.310174561
2017-01-16 00:00,87.76448059,0.00003,311.9150696,18.98042679,3.036674023,5.131982422
2017-01-17 00:00,90.15402985,0.00478,293.0756531,18.73440933,2.081868172,3.777947998
2017-01-18 00:00,85.1068573,0.00317,274.145874,24.67830658,4.697049618,3.049981689
2017-01-19 00:00,90.05122375,0.00355,332.7465515,18.34845543,5.670277596,8.814416504
2017-01-20 00:00,92.60012054,0.01621,331.4894409,17.80023956,5.1658144,8.541070557
2017-01-21 00:00,88.70752716,0.00289,314.5443726,26.8625927,6.326541901,6.50411377
2017-01-22 00:00,72.64272308,0.00527,304.1474304,44.18611526,6.487031937,5.314080811
2017-01-23 00:00,62.51695251,0.0001,314.1669617,28.47680664,7.576213837,6.817041016
2017-01-24 00:00,89.57163239,0.00192,320.1668396,19.61291885,3.803834438,6.458093262
2017-01-25 00:00,77.92418671,0.00445,319.4143982,24.13273621,9.157495499,6.762902832
2017-01-26 00:00,72.09734344,0.00221,303.6897278,33.64668274,6.444524288,5.06005249
2017-01-27 00:00,90.68076324,0.00865,316.7446594,28.72205544,3.341248035,5.919976807
2017-01-28 00:00,74.45983124,0.00382,326.0629883,15.60545158,10.25034428,8.2746521
2017-01-29 00:00,76.74474335,0.0036,305.8059692,44.18718719,8.220578194,5.908197021
2017-01-30 00:00,91.06625366,0.01823,308.9298096,8.483691216,3.784018278,4.459558105
2017-01-31 00:00,88.33140564,0.00169,311.1705933,38.59515762,2.175409317,4.878961182
2017-02-01 00:00,84.04027557,0.00097,307.2190247,33.30104446,5.249943256,4.873895264
2017-02-02 00:00,82.78366089,0.00053,307.4371338,38.85426712,3.862614155,5.182305908
2017-02-03 00:00,88.11585999,0.00049,291.4457397,39.4454422,3.433792114,4.941888428
2017-02-04 00:00,80.94315338,0.00033,306.884613,40.98343658,1.157290578,4.645379639
2017-02-05 00:00,85.61554718,0.00024,290.769989,57.99423599,0.673113585,3.355493164
2017-02-06 00:00,86.65354156,0.0002,309.0647583,49.41170502,2.570424318,5.02666626
2017-02-07 00:00,88.21058655,0.00005,331.2687683,32.87683487,7.342681408,8.583917236
2017-02-08 00:00,72.9675827,0.00016,323.3705444,45.43565369,4.405237198,7.529504395
2017-02-09 00:00,85.12824249,0.00007,332.4205627,57.32479095,7.270694256,9.66427002
2017-02-10 00:00,85.1096344,0.00449,325.6075134,37.86045837,9.014567375,7.861779785
2017-02-11 00:00,69.68829346,0.00093,267.0601196,40.16772079,6.205619812,1.103631592
2017-02-12 00:00,69.71337128,0,276.0954895,80.69482422,3.195017815,0.055535889
2017-02-13 00:00,71.50283051,0,290.166626,86.9942627,3.910670042,2.02489624
2017-02-14 00:00,78.62453461,0,286.5432129,92.95953369,1.018771172,0.807641602
2017-02-15 00:00,81.43432617,0.00033,294.8640442,55.91349411,3.136024952,2.065148926
2017-02-16 00:00,85.52131653,0.00044,275.0510559,76.83895874,1.010767341,0.742272949
2017-02-17 00:00,77.89216614,0,236.4521484,104.3875275,0.790021479,1.169335938
2017-02-18 00:00,81.96936798,0.00042,274.0342712,91.17558289,2.07626462,2.225305176
2017-02-19 00:00,90.61730194,0.00041,299.9742432,49.67041779,1.52722621,2.750421143
2017-02-20 00:00,90.13615417,0.00029,299.5328064,68.01702881,2.460564375,3.248223877
2017-02-21 00:00,91.05347443,0.00107,306.3044434,54.20597076,3.141639948,4.123254395
2017-02-22 00:00,90.03933716,0.00054,297.8632202,44.78280258,0.354525268,2.297814941
2017-02-23 00:00,82.72676086,0.00145,290.8942566,71.09506226,1.93057704,3.020623779
2017-02-24 00:00,68.56581116,0.00001,266.212677,90.44419861,4.296930313,1.597467041
2017-02-25 00:00,72.98501587,0.00085,252.0520172,92.5901947,4.612002373,0.943597412
2017-02-26 00:00,66.897789,0.00001,232.4110718,102.9517822,3.381997347,0.375268555
2017-02-27 00:00,71.06770325,0.00007,219.8201141,148.9952087,1.022625685,-0.113806152
2017-02-28 00:00,67.45101929,0.00001,241.9551544,140.025177,1.594110966,0.247766113
2017-03-01 00:00,73.86847687,0.00005,257.9821472,104.5754623,3.750803471,1.627770996
2017-03-02 00:00,72.67932892,0.00007,259.558136,131.2246399,3.642853498,2.373803711
2017-03-03 00:00,72.9577713,0.00129,259.1072693,135.7966766,2.443526745,1.394433594
2017-03-04 00:00,69.34786224,0,267.9416199,155.9828339,1.70910728,1.49855957
2017-03-05 00:00,76.99586487,0.0026,295.3346863,41.96174622,5.9084692,4.167138672
2017-03-06 00:00,83.27013397,0.0077,315.2478943,44.38301086,5.796897888,7.373834229
2017-03-07 00:00,85.48999023,0.00392,327.7174988,126.0276871,3.399330378,9.78182373
2017-03-08 00:00,82.11204529,0.00059,319.9724426,120.0361557,4.780740261,9.126306152
2017-03-09 00:00,89.57553864,0.00631,320.106781,74.8098526,2.951705456,8.37456665
2017-03-10 00:00,81.27059174,0.00254,319.333374,118.9362488,2.636324167,8.188134766
2017-03-11 00:00,65.81752014,0.00024,273.7080994,145.0389557,1.758761048,5.178765869
2017-03-12 00:00,83.19296265,0.00219,293.6387024,100.9283066,1.242832422,4.59887085
2017-03-13 00:00,92.34824371,0.01433,312.5563049,75.12065887,3.410750866,6.595727539
2017-03-14 00:00,92.23583221,0.00669,308.6972046,65.24980164,3.06951952,5.915917969
2017-03-15 00:00,92.09580231,0.01087,310.6558838,60.93980026,3.992609024,6.264611816
2017-03-16 00:00,71.96211243,0.00035,290.7149658,112.3170776,5.186385632,3.919061279
2017-03-17 00:00,66.77207947,0.00002,276.8365784,164.7813568,4.258261681,2.993554688
2017-03-18 00:00,60.92536926,0.00002,253.2696533,125.7854385,5.962841511,1.257958984
2017-03-19 00:00,75.29345703,0.0024,252.5061035,108.192421,2.028651476,-0.996923828
2017-03-20 00:00,72.60295868,0,234.9833832,196.4149628,0.775342107,-0.682043457
2017-03-21 00:00,72.2734375,0.00001,266.0469055,195.5187073,1.334157228,1.697106934
2017-03-22 00:00,70.22846985,0.00002,276.2179871,153.7763824,3.050189734,2.506921387
2017-03-23 00:00,75.77548218,0.00143,263.8609924,117.1014557,3.541570663,1.381646729
2017-03-24 00:00,91.46957397,0.01371,288.7541504,31.96173286,4.86689949,2.521783447
2017-03-25 00:00,84.05091095,0.0029,311.6437378,149.8804932,3.312805176,7.209710693
2017-03-26 00:00,84.88604736,0.00291,314.2911072,112.4409332,4.687994003,7.897241211
2017-03-27 00:00,75.42023468,0.00063,303.7297363,115.7697525,4.348115921,7.344384766
2017-03-28 00:00,79.14051056,0.0027,296.4257813,113.937088,2.27303648,6.420220947
2017-03-29 00:00,82.7277298,0.00054,305.5799561,141.0842743,1.818048596,6.459069824
2017-03-30 00:00,91.75115204,0.01112,312.4222107,91.853302,5.681714058,6.615380859
2017-03-31 00:00,85.39105988,0.00292,311.1227417,125.5492783,5.630567074,6.876855469
2017-04-01 00:00,75.86685944,0.00026,309.5112305,110.6892853,3.145398617,7.117089844
2017-04-02 00:00,75.61972809,0.00246,306.165863,181.5020752,1.510894299,7.21340332
2017-04-03 00:00,90.23574066,0.00772,330.0005798,102.4453354,2.206361771,9.766717529
2017-04-04 00:00,76.84204102,0.00312,326.1335144,159.0216217,6.178920746,10.10765991
2017-04-05 00:00,87.61530304,0.00233,326.2776794,96.0756073,3.286193371,9.140679932
2017-04-06 00:00,67.31246185,0.00042,312.4397888,165.3758545,5.191143036,8.324884033
2017-04-07 00:00,68.62374115,0.00119,305.8966675,156.8170776,2.899031162,7.121240234
2017-04-08 00:00,73.55332947,0.00079,312.8536987,109.606369,4.501935959,7.524987793
2017-04-09 00:00,84.6128006,0.00391,310.3833923,127.1367493,1.945791245,7.078759766
2017-04-10 00:00,86.71348572,0.00388,307.6116943,123.4695206,4.201235294,6.603631592
2017-04-11 00:00,75.11566162,0.00105,296.9974976,149.1081543,5.003123283,5.701165771
2017-04-12 00:00,86.55814362,0.00457,304.1490173,119.9712372,3.366835594,5.944543457
2017-04-13 00:00,80.18031311,0.00044,292.6402588,155.6522064,3.304652691,6.672113037
2017-04-14 00:00,69.23513031,0.00014,307.4429932,145.1350098,3.756398201,7.019250488
2017-04-15 00:00,67.77228546,0.00012,305.2528992,139.4613342,2.889359474,6.823297119
2017-04-16 00:00,65.82238007,0.00006,306.8669739,138.7007751,3.225777626,7.037225342
2017-04-17 00:00,67.06300354,0.00008,305.869873,169.4774475,1.428384662,7.400994873
2017-04-18 00:00,79.82794189,0.00525,317.3572388,102.1092148,3.415187359,8.326928711
2017-04-19 00:00,69.7866745,0.00008,289.4581604,192.4347992,2.406260967,8.236627197
2017-04-20 00:00,76.55387115,0.00839,323.5157166,104.2385941,5.922513962,8.9621521
2017-04-21 00:00,73.15422821,0.00036,301.5220032,156.7933807,6.147014141,7.603997803
2017-04-22 00:00,70.67949677,0.00125,297.0395813,168.5396271,3.316705942,7.186914063
2017-04-23 00:00,81.11219788,0.00285,295.4172058,179.4055634,0.588642418,6.648828125
2017-04-24 00:00,77.03347778,0.00034,311.4881897,174.1373901,1.073989034,8.448907471
2017-04-25 00:00,87.45657349,0.00369,333.4261169,144.6139069,1.879661918,11.08236084
2017-04-26 00:00,79.64038849,0.00002,329.1555786,223.9626465,1.886560082,11.41924438
2017-04-27 00:00,76.78526306,0.0022,308.4345703,150.946579,4.8560462,8.639215088
2017-04-28 00:00,69.97208405,0.00017,304.4698181,156.5847626,2.564830542,8.256311035
2017-04-29 00:00,77.32341766,0.00151,322.4093933,149.9890442,2.051847219,8.852380371
2017-04-30 00:00,82.08514404,0.00993,308.7238159,88.33318329,5.062967777,6.235192871
2017-05-01 00:00,74.80323029,0.00383,301.3686523,83.35641479,7.451178551,5.281488037
2017-05-02 00:00,59.69051743,0.00001,297.5499268,168.1097412,5.698267937,6.125054932
2017-05-03 00:00,59.26037216,0.00002,294.290802,174.7351379,3.287139654,6.351251221
2017-05-04 00:00,75.97452545,0.00022,315.6558228,177.5843964,2.552453995,8.548120117
2017-05-05 00:00,79.65434265,0.00095,336.8051758,158.3358612,2.990056038,12.02233276
2017-05-06 00:00,73.56620026,0.00006,344.449646,199.6396027,2.094699144,13.48772583
2017-05-07 00:00,71.98555756,0.00021,331.0708923,225.1054077,4.551369667,13.62267456
2017-05-08 00:00,79.62683868,0.00301,330.905304,167.2662048,3.533250332,10.93670044
2017-05-09 00:00,68.80118561,0.00009,333.1667175,181.985199,3.529728413,12.16964111
2017-05-10 00:00,69.08617401,0.00005,321.4897461,218.3465881,4.671327114,11.49208984
2017-05-11 00:00,78.14598083,0.00112,324.8428345,156.8838654,6.705662727,9.681390381
2017-05-12 00:00,59.94400406,0.00003,284.7685852,185.5554047,4.779154778,6.249230957
2017-05-13 00:00,64.14607239,0.00172,286.0104675,171.6752625,4.203498363,4.544549561
2017-05-14 00:00,61.01391983,0.00002,289.6573181,159.6911926,3.158351898,5.679864502
2017-05-15 00:00,78.67514801,0.00605,306.3626404,124.3466187,5.113050461,7.534112549
2017-05-16 00:00,65.75585175,0.00007,306.4335938,218.6670837,6.833067894,10.82860718
2017-05-17 00:00,70.01990509,0.00007,326.7884216,164.7846375,4.450546265,10.82979736
2017-05-18 00:00,70.20161438,0.00027,313.0637817,196.0071716,5.110266209,10.50002441
2017-05-19 00:00,86.01470947,0.00303,331.2539978,100.7924423,5.173838615,10.24788818
2017-05-20 00:00,65.82962799,0.00007,335.8598938,196.0389404,5.325676441,11.884729
2017-05-21 00:00,68.27946472,0.00002,332.9611816,234.8109894,2.651556015,13.76033936
2017-05-22 00:00,72.26860809,0.00006,359.2643433,206.1680603,1.2190485,15.34053955
2017-05-23 00:00,78.23053741,0.00004,357.6871643,210.6494598,1.389934897,14.91155396
2017-05-24 00:00,81.40558624,0.00012,350.3857117,189.9187622,2.687962532,13.6553894
2017-05-25 00:00,85.62001038,0.00055,321.8242188,221.7832336,1.702671885,12.09002075
2017-05-26 00:00,74.90881348,0.00008,333.3701477,274.4637451,2.250151396,14.56575928
2017-05-27 00:00,70.58657837,0.00063,349.224762,183.0131836,5.429816246,13.1440979
2017-05-28 00:00,63.31851959,0.00026,325.4255371,184.7234955,4.440337658,10.77474365
2017-05-29 00:00,83.07764435,0.0043,339.7729797,141.5783234,4.567083836,10.83275757
2017-05-30 00:00,64.41481781,0.00041,323.4612427,211.367157,8.983480453,11.8336731
2017-05-31 00:00,60.53343964,0.00031,334.146698,148.8348999,3.520640135,10.40154419
2017-06-01 00:00,87.23098755,0.01171,331.3703003,82.22522736,2.854278088,8.897698975
2017-06-02 00:00,84.50708008,0.00727,332.0330505,186.7734985,4.497886658,10.36638794
2017-06-03 00:00,86.79644012,0.01509,334.2869568,104.0695267,8.495882034,9.358026123
2017-06-04 00:00,87.22986603,0.00467,333.0919189,187.169632,2.268698692,10.26903687
2017-06-05 00:00,80.40109253,0.00187,328.0030823,223.663269,2.886160851,11.99343262
2017-06-06 00:00,69.44156647,0.00006,320.8253174,222.4374542,1.565235138,12.39443359
2017-06-07 00:00,72.30960846,0.00014,344.7058716,167.5090485,1.191463351,12.6718689
2017-06-08 00:00,77.49262238,0.00035,351.8795166,219.3418884,3.753243685,15.01650391
2017-06-09 00:00,74.75769806,0.00004,362.1985779,235.0042725,2.857753515,16.11303101
2017-06-10 00:00,77.39578247,0.00002,326.6408386,274.1069946,4.755827904,17.76488647
2017-06-11 00:00,63.35543823,0,308.2755127,297.068512,3.259983301,17.85561523
2017-06-12 00:00,77.0062561,0.00005,326.0976868,233.2126007,1.871421456,13.0125061
2017-06-13 00:00,73.75424957,0.00001,319.9471436,273.7794189,1.846593022,11.82363281
2017-06-14 00:00,75.56304932,0.00001,332.3354492,282.8458252,1.280457735,13.53661499
2017-06-15 00:00,73.88091278,0.00001,350.5997009,263.2267456,4.854148388,15.61980591
2017-06-16 00:00,78.7097702,0.00015,348.7972107,268.5951538,4.273594856,16.58849487
2017-06-17 00:00,73.9713974,0.00155,358.0990295,223.986908,3.17555356,18.60512695
2017-06-18 00:00,68.68651581,0.00007,340.1755676,241.1000671,5.975482941,15.16988525
2017-06-19 00:00,80.9649353,0.00566,355.8008118,120.0997162,4.684274673,14.49852905
2017-06-20 00:00,66.78652954,0.00009,329.8008118,232.8036652,3.92685914,14.35021362
2017-06-21 00:00,70.85289001,0.00041,346.7041321,230.8688965,1.965923071,15.84395752
2017-06-22 00:00,83.25630951,0.01277,350.0350037,146.3340759,3.852738619,15.61089478
2017-06-23 00:00,77.97510529,0.00156,333.7220154,197.8330994,4.366747856,14.84780273
2017-06-24 00:00,71.5506134,0.00051,320.9002686,262.5507202,4.288924694,15.88509521
2017-06-25 00:00,78.141922,0.00009,352.6055603,218.3500061,4.093953133,16.22362671
2017-06-26 00:00,72.7808609,0.00001,320.9611816,283.9316101,3.680894852,17.40221558
2017-06-27 00:00,72.66333008,0.00001,354.4837036,255.5731506,4.43353653,16.51488647
2017-06-28 00:00,71.27237701,0.00007,331.4860535,286.485321,5.668970585,15.08950195
2017-06-29 00:00,80.94034576,0.00008,362.967041,206.954483,6.024688721,16.34331665
2017-06-30 00:00,79.24289703,0.00259,354.3076172,215.7284851,5.692443371,16.24367676
2017-07-01 00:00,67.89995575,0.00005,330.1148682,239.0739441,4.413542271,13.34099731
2017-07-02 00:00,68.46886444,0.00003,345.8918762,245.9064484,3.78505969,14.4777771
2017-07-03 00:00,77.90528107,0.00418,371.5230103,186.1196747,3.017509222,16.51043091
2017-07-04 00:00,78.70197296,0.00168,367.0677795,146.0607147,4.216385365,16.20891724
2017-07-05 00:00,73.63817596,0.00062,344.6196289,231.636673,5.611685753,16.38070068
2017-07-06 00:00,72.53054047,0.00002,319.5957947,270.4972534,1.334739089,15.4878479
2017-07-07 00:00,88.11281586,0.00157,359.696228,171.7388763,1.72428,18.22539673
2017-07-08 00:00,82.48774719,0.00079,343.9078979,235.4058533,2.3834126,17.65422974
2017-07-09 00:00,89.58633423,0.00118,364.3713684,124.4853516,3.61554122,15.45281372
2017-07-10 00:00,84.64575958,0.00035,360.0129395,228.7597961,2.744912624,17.67473755
2017-07-11 00:00,68.96668243,0.00408,349.2332764,229.5026855,4.121489525,16.55932007
2017-07-12 00:00,66.49035645,0.00019,346.4702148,194.7749634,4.871047974,14.06429443
2017-07-13 00:00,73.08280945,0.00055,351.3804626,243.0919952,5.676587582,16.73879395
2017-07-14 00:00,73.4299469,0.0003,361.7202759,216.2555237,2.507023573,16.7690979
2017-07-15 00:00,82.84709167,0.00339,366.3119507,208.6404114,4.721720695,18.01726685
2017-07-16 00:00,74.40003967,0.00016,363.5099182,165.1269684,3.464933395,16.56539307
2017-07-17 00:00,76.41522217,0.0001,370.5819702,194.6913452,3.364056587,20.84176025
2017-07-18 00:00,70.89160919,0,342.8053589,267.3786926,3.966807127,21.56246338
2017-07-19 00:00,90.07887268,0.00922,362.6818848,119.0009689,1.994534612,16.65926514
2017-07-20 00:00,84.21591949,0.01178,352.4195862,157.6878357,1.77037549,13.51061401
2017-07-21 00:00,74.60027313,0.00147,329.8250732,226.2771759,1.030203819,15.10497437
2017-07-22 00:00,65.91799164,0.00063,346.6464539,207.7574463,2.713726282,16.20348511
2017-07-23 00:00,86.83319855,0.004,366.3611145,164.9737091,2.719758749,17.45617065
2017-07-24 00:00,78.14874268,0.00003,351.3853149,204.7913666,3.510924339,17.2427002
2017-07-25 00:00,75.63941956,0.00002,357.6253052,223.5963745,2.182359934,18.18114624
2017-07-26 00:00,76.6811142,0.0012,373.2718506,210.4712677,1.168086529,18.96611938
2017-07-27 00:00,72.47097015,0,377.7177429,245.3210297,1.237687588,20.02617798
2017-07-28 00:00,86.48522186,0.00088,372.8783875,175.2888794,2.819497108,17.58754883
2017-07-29 00:00,78.76421356,0.00017,360.8493347,237.3294678,1.888305902,20.19216309
2017-07-30 00:00,90.78295898,0.00267,359.9993286,122.8930664,2.653025866,16.17489014
2017-07-31 00:00,77.01757813,0.00011,345.3129883,238.1200409,3.3771696090698202,15.23690186
2017-08-01 00:00,75.86217499,0.00004,359.2017822,214.6216583,1.04621017,15.84575806
2017-08-02 00:00,78.47999573,0.00076,349.5876465,188.3671112,0.880466044,17.91811523
2017-08-03 00:00,71.87425995,0.00026,352.346283,234.7341919,1.895892262,18.67955933
2017-08-04 00:00,75.29174042,0.00007,363.1669922,187.2577209,5.156527042,16.80541382
2017-08-05 00:00,65.04873657,0.00003,326.7558899,235.0273895,2.030420065,15.81841431
2017-08-06 00:00,73.17669678,0.00003,327.0647888,239.9267273,4.381812096,17.65603027
2017-08-07 00:00,77.69735718,0.00017,372.6766663,194.6143341,3.51235652,20.10161743
2017-08-08 00:00,72.65128326,0.00004,369.0089417,190.0895386,1.74947691,20.95171509
2017-08-09 00:00,76.82102966,0.00001,339.8530884,215.5561676,0.589453995,20.08257446
2017-08-10 00:00,85.34111786,0.0001,364.9614563,189.2188263,1.831734061,18.73607788
2017-08-11 00:00,81.12404633,0.00019,365.2744141,174.9766083,1.435227036,19.09972534
2017-08-12 00:00,80.12851715,0.00006,372.6108093,193.2406464,1.013521552,19.20623169
2017-08-13 00:00,84.24066162,0.00021,356.1939697,166.722168,2.313456774,17.73366699
2017-08-14 00:00,83.16998291,0.00027,365.247345,173.0192108,0.824189186,17.8628479
2017-08-15 00:00,68.23065948,0.00035,373.6004944,190.8313751,4.355485916,18.36055908
2017-08-16 00:00,65.7040863,0.00002,336.2775574,144.3100891,3.748727083,15.61660156
2017-08-17 00:00,80.90540314,0.00012,369.3675842,138.1944733,7.582210064,17.79052124
2017-08-18 00:00,67.99094391,0.00011,357.0487976,192.3800964,5.328872204,16.79104004
2017-08-19 00:00,73.44739532,0.00183,362.4295349,98.33022308,3.273873091,14.75151978
2017-08-20 00:00,76.44821167,0.01421,355.8455811,127.9468994,4.055995464,14.72322998
2017-08-21 00:00,61.60975266,0.00013,295.7880249,135.6207275,4.278753757,11.24956665
2017-08-22 00:00,74.19150543,0.00033,346.4711609,119.3493195,4.858539581,13.1718689
2017-08-23 00:00,69.85101318,0.0002,361.7752991,163.6717987,4.271704674,15.20189819
2017-08-24 00:00,76.28338623,0.00003,330.2744751,177.2295532,1.729089618,14.87401733
2017-08-25 00:00,81.76107025,0.00047,342.2839661,183.1571045,3.62208581,15.63692627
2017-08-26 00:00,80.39768982,0.00063,365.1128235,146.2964935,3.027052164,17.43886719
2017-08-27 00:00,81.20182037,0.00172,339.8364563,157.6211853,5.413953781,15.09255371
2017-08-28 00:00,82.02533722,0.01464,351.5617981,142.2453613,4.572062492,14.61071167
2017-08-29 00:00,81.31521606,0.00179,350.6644592,125.9430313,4.216655731,13.88250122
2017-08-30 00:00,70.91936493,0.00055,343.1578979,154.2002716,4.624584198,14.23775635
2017-08-31 00:00,78.08491516,0.0039,338.1875916,101.7703705,1.79833889,12.08178101
2017-09-01 00:00,82.17227173,0.00745,338.0664368,99.64777374,4.774376869,10.69204102
2017-09-02 00:00,67.87612152,0.00017,312.8017273,145.9137878,4.752815247,11.43843994
2017-09-03 00:00,82.73914337,0.00132,341.3009949,86.68282318,5.190844059,11.60787354
2017-09-04 00:00,84.09858704,0.00536,355.9334412,126.4358902,8.430251122,15.18166504
2017-09-05 00:00,88.61911774,0.00245,341.7476501,35.46196365,2.705354214,11.02059326
2017-09-06 00:00,78.93018341,0.00001,328.5187683,157.6184845,1.597441792,10.93319092
2017-09-07 00:00,77.90523529,0.00012,325.0181885,119.8985062,2.840242147,11.14165649
2017-09-08 00:00,84.52813721,0.00006,330.638031,105.6205826,4.78910017,13.63009033
2017-09-09 00:00,76.23990631,0.00162,350.7555237,140.8122711,5.549485683,14.65282593
2017-09-10 00:00,82.10380554,0.01829,364.1809387,131.3105927,5.568822384,15.30114136
2017-09-11 00:00,77.31319427,0.00874,337.683075,111.982193,7.92241621,15.11687622
2017-09-12 00:00,71.03666687,0.00075,286.0069275,147.1572876,4.827177048,10.58873901
2017-09-13 00:00,69.4838028,0.00003,315.8466492,137.5011749,3.898123503,10.31469116
2017-09-14 00:00,78.99633026,0.00019,336.6195374,119.2415237,3.985176325,11.65923462
2017-09-15 00:00,77.88159943,0.01151,339.8167114,111.290184,6.037897587,12.47026978
2017-09-16 00:00,61.60450363,0.0001,281.5335083,102.7158432,5.26126194,6.202020264
2017-09-17 00:00,65.42215729,0.00011,300.8729553,100.4084473,1.649506092,7.287988281
2017-09-18 00:00,70.8041153,0.00035,300.5376282,92.28696442,1.035973549,6.024468994
2017-09-19 00:00,69.56184387,0.00591,277.6735229,126.7267151,4.252141953,5.022943115
2017-09-20 00:00,81.45230103,0.00923,307.3914185,113.6719437,2.34951973,5.896936035
2017-09-21 00:00,85.11579132,0.00069,322.4134827,92.34836578,4.044518948,10.4588562
2017-09-22 00:00,90.59327698,0.00091,330.9913635,46.31906128,4.426006317,10.62523804
2017-09-23 00:00,77.09378052,0.00006,304.2671814,120.3044128,2.537840128,10.22277222
2017-09-24 00:00,84.28907776,0.00025,341.6307983,89.08317566,4.044890404,11.42519531
2017-09-25 00:00,83.87006378,0.01626,331.7633667,40.61933517,6.400705338,12.38460693
2017-09-26 00:00,77.74410248,0.00228,330.9863586,66.69882965,6.152519226,11.5828186
2017-09-27 00:00,86.08621979,0.01327,363.7521362,21.46644402,7.473048687,15.01168213
2017-09-28 00:00,82.00991058,0.00001,318.1809998,100.8054504,3.851384401,12.16347656
2017-09-29 00:00,83.36488342,0.0003,304.2060852,82.89915466,2.184942007,9.620629883
2017-09-30 00:00,83.98921967,0.00003,302.0075684,104.1352234,0.955763817,8.720056152
2017-10-01 00:00,89.54899597,0.002,338.7230225,56.78967667,1.309446573,10.39568481
2017-10-02 00:00,85.58976746,0.00037,349.6016846,27.31884384,5.08591795,12.18453369
2017-10-03 00:00,90.77544403,0.00343,341.0356445,39.28678894,4.122912884,10.68065796
2017-10-04 00:00,81.14216614,0,273.7662048,98.03408813,1.9990834,8.826501465
2017-10-05 00:00,82.45478058,0.00257,302.5220947,60.23056793,5.019799232,9.517602539
2017-10-06 00:00,80.34204865,0.00001,311.6340332,81.4908905,2.924537659,9.427728271
2017-10-07 00:00,83.51509857,0.00007,329.7187195,50.34459686,1.528835297,9.896295166
2017-10-08 00:00,85.17977905,0.00006,330.6141357,55.38945389,0.99919796,10.12008057
2017-10-09 00:00,88.86186981,0.00035,335.7918701,64.60633087,1.359558582,10.67540894
2017-10-10 00:00,94.25185394,0.00072,336.2729492,35.8307457,1.324781537,9.730706787
2017-10-11 00:00,95.24637604,0.00047,338.140686,38.81092834,1.312423229,10.06624756
2017-10-12 00:00,94.95692444,0.0018,337.5783386,28.47446251,2.558177233,9.876428223
2017-10-13 00:00,94.33443451,0.00164,337.7611084,40.05137634,3.367397308,10.12728271
2017-10-14 00:00,95.78376007,0.01056,343.485199,35.26959991,2.476758242,11.11934814
2017-10-15 00:00,91.45349884,0.00054,345.085022,52.44680786,2.96202898,13.03392944
2017-10-16 00:00,90.31410217,0.02431,336.8681946,41.16195297,2.869144201,11.06762085
2017-10-17 00:00,86.67576599,0.00115,331.2337952,37.63544464,5.939851761,9.421075439
2017-10-18 00:00,82.48894501,0.00066,309.8403931,58.59101105,2.355907202,8.773553467
2017-10-19 00:00,77.17910004,0.00008,312.8172302,44.58607483,1.838234663,6.165185547
2017-10-20 00:00,84.41809845,0.00174,319.945343,23.76788139,2.928316832,6.680108643
2017-10-21 00:00,91.15106964,0.00226,341.9847717,20.99561882,5.684832096,10.68053589
2017-10-22 00:00,93.4998703,0.01806,332.3205566,20.12949944,4.576144695,8.792871094
2017-10-23 00:00,71.14220428,0.00009,326.6631165,28.58071327,5.6588521,8.274316406
2017-10-24 00:00,76.69218445,0.00004,325.3023987,38.55027008,4.176584721,8.6574646
2017-10-25 00:00,84.1917038,0.00021,319.7544861,33.76418686,3.548400164,7.318292236
2017-10-26 00:00,83.04162598,0.00005,320.9837952,38.64297485,2.933800459,7.152185059
2017-10-27 00:00,88.19514465,0.00012,305.0173035,39.61003113,0.415354639,4.960809326
2017-10-28 00:00,89.22524261,0,317.6632996,49.51629257,2.089446545,6.203942871
2017-10-29 00:00,91.19519806,0,314.1724548,46.9956131,2.89522624,7.447869873
2017-10-30 00:00,95.13970184,0.00114,319.5593262,15.66331291,1.420268297,6.375543213
2017-10-31 00:00,92.48886871,0.00356,321.5019836,20.38415527,2.506282568,6.899255371
2017-11-01 00:00,88.19514465,0.00094,295.5549622,29.28821373,2.595318317,4.048730469
2017-11-02 00:00,86.48394775,0.00008,306.2870178,20.87833595,0.574533701,4.130456543
2017-11-03 00:00,87.69577026,0.00029,274.2203064,23.50555992,0.734512269,2.215509033
2017-11-04 00:00,93.05710602,0.00015,285.73172,35.36528778,0.165174618,0.387139893
2017-11-05 00:00,94.24251556,0.00165,329.2483215,15.75019073,2.102545023,8.195306396
2017-11-06 00:00,91.62494659,0.00625,344.5808105,16.61865997,4.212810993,11.99349365
2017-11-07 00:00,86.86090088,0.00001,301.486084,35.03357697,4.857628345,7.789331055
2017-11-08 00:00,89.3115387,0.00418,325.2096252,4.536725998,4.319591045,8.318017578
2017-11-09 00:00,81.57472229,0.00183,335.1736145,17.97232819,7.317586422,10.42540894
2017-11-10 00:00,88.20550537,0.00257,335.8792114,21.14890099,8.078767776,9.679650879
2017-11-11 00:00,83.87188721,0,307.812561,34.61445618,6.603391647,8.522637939
2017-11-12 00:00,88.72426605,0.00003,303.8710938,30.21690178,3.207803726,6.806756592
2017-11-13 00:00,92.39571381,0.00043,305.3863525,15.1277895,0.62155813,4.64800415
2017-11-14 00:00,88.17353821,0.00229,305.1502075,15.96555614,1.692979813,4.313592529
2017-11-15 00:00,85.83657837,0.00067,270.0310059,32.4777298,1.002689362,0.838983154
2017-11-16 00:00,95.73342896,0.00737,299.7014771,18.34729958,1.27357173,2.881921387
2017-11-17 00:00,94.01325226,0.03811,318.8347473,12.78363514,3.090629101,6.335351563
2017-11-18 00:00,78.38973999,0.00005,306.1144714,25.68230438,2.849454165,4.983666992
2017-11-19 00:00,85.81051636,0.00023,297.2772827,21.19902802,0.884274304,2.842248535
2017-11-20 00:00,92.91445923,0.00113,286.533905,25.08899689,0.800837457,3.07479248
2017-11-21 00:00,85.81594849,0.00914,285.3225098,17.49246025,2.454922915,2.704156494
2017-11-22 00:00,83.67146301,0.00115,272.9634094,14.6606102,2.426035166,0.479119873
2017-11-23 00:00,86.68876648,0.0136,317.2195129,13.45772648,5.955502987,6.007562256
2017-11-24 00:00,93.24288177,0.00962,321.4854126,19.05171013,2.075279236,6.696923828
2017-11-25 00:00,86.48471832,0.00276,327.3624878,13.21441841,4.909804344,8.710015869
2017-11-26 00:00,84.93595886,0.00659,336.5707703,4.162291527,6.124038696,9.627099609
2017-11-27 00:00,92.08953857,0.00001,292.903717,19.10840416,1.964177966,5.762994385
2017-11-28 00:00,90.68582916,0.00002,294.2307129,22.82467842,0.844018221,4.842370605
2017-11-29 00:00,87.01447296,0.00218,307.8576355,12.56716061,2.825639725,4.348504639
2017-11-30 00:00,86.39437103,0.00011,301.9917603,12.59280968,0.472932428,3.309228516
2017-12-01 00:00,85.31777191,0.00087,295.1879578,15.89981174,1.044927478,2.040979004
2017-12-02 00:00,89.17630005,0.00441,302.2408142,8.074584007,4.42856884,3.605737305
2017-12-03 00:00,88.20600128,0.00006,305.476532,12.88516045,5.346806526,6.315240479
2017-12-04 00:00,79.30082703,0,264.6310425,25.19781685,2.403104544,3.300775146
2017-12-05 00:00,84.22315979,0.00095,296.380249,13.57877254,2.4115417,2.289880371
2017-12-06 00:00,91.31728363,0.00091,323.3368835,12.16757965,3.984226465,7.040124512
2017-12-07 00:00,89.76810455,0.00166,342.4293823,9.361535072,6.043651581,10.68413696
2017-12-08 00:00,81.50576782,0.00571,331.7075195,21.94704628,6.877241611,9.28182373
2017-12-09 00:00,82.79081726,0.00256,348.4181213,11.26274872,8.802454948,11.87932739
2017-12-10 00:00,80.54594421,0.00003,310.3646851,20.19948006,6.460479736,7.526879883
2017-12-11 00:00,87.50258636,0.00003,301.3984985,19.08027267,3.071276665,5.668481445
2017-12-12 00:00,82.87742615,0,292.9190063,16.02345276,3.163606644,4.187219238
2017-12-13 00:00,82.81201935,0.00005,317.3874817,19.62176514,4.18853569,6.488092041
2017-12-14 00:00,88.76383972,0.00065,333.6325989,9.081900597,4.925100803,9.192010498
2017-12-15 00:00,90.17598724,0.00164,326.2252808,10.49640179,4.013820171,7.699304199
2017-12-16 00:00,87.24028015,0.00069,316.2737427,9.121502876,3.217461824,5.829614258
2017-12-17 00:00,87.78967285,0.00543,321.0444946,6.181141376,2.836816549,6.722467041
2017-12-18 00:00,92.00816345,0.00325,340.5523682,14.23610592,2.907700062,10.40584717
2017-12-19 00:00,88.89026642,0.00659,325.065918,12.62459183,4.547297955,8.987634277
2017-12-20 00:00,83.51387024,0.01775,326.276062,3.319586992,7.62111187,8.04619751
2017-12-21 00:00,88.79048157,0.0288,309.2542725,4.197290897,3.457320929,5.893701172
2017-12-22 00:00,81.33079529,0.00854,293.3757935,25.87620926,5.392432213,4.873529053
2017-12-23 00:00,69.98012543,0.00208,306.9576416,11.85985088,8.535140991,5.196466064
2017-12-24 00:00,80.63607788,0.00352,302.3045959,7.122487068,5.45264101,4.265985107
2017-12-25 00:00,82.04801941,0,264.15271,24.26428604,3.851423025,2.773278809
2017-12-26 00:00,83.13796234,0.01132,304.0646057,3.381043196,5.447357655,4.50914917
2017-12-27 00:00,74.36922455,0.00984,317.2790833,6.326970577,8.816238403,7.099847412
2017-12-28 00:00,70.92225647,0.00771,312.1740723,14.28281975,10.7479105,5.878259277
2017-12-29 00:00,66.06679535,0.00049,300.4379578,16.81007195,9.266777992,4.285913086
2017-12-30 00:00,64.73867798,0.00002,265.8504944,27.78084946,6.548778057,3.376275635
2017-12-31 00:00,72.23548126,0,270.4525452,25.9693985,3.025975227,0.919244385
2018-01-01 00:00,91.94716644,0.00146,291.0745544,16.56218529,0.461885661,1.125970459
2018-01-02 00:00,92.36330414,0.00033,315.5553894,12.42117786,2.812129259,5.638665771
2018-01-03 00:00,84.94207764,0.00101,307.54422,13.47013855,4.080739021,4.307458496
2018-01-04 00:00,80.61616516,0.00013,294.9125366,16.77244186,3.034565926,2.333581543
2018-01-05 00:00,84.38028717,0.00002,269.5187988,30.36566353,1.375851274,-0.7722229
2018-01-06 00:00,84.93823242,0.00006,229.6268005,37.60340881,1.148206592,-2.572454834
2018-01-07 00:00,84.99108124,0.00001,248.6206665,25.91129684,2.020082712,0.07164917
2018-01-08 00:00,80.44496918,0.00002,286.5174255,26.03509903,2.031404018,1.257196045
2018-01-09 00:00,92.68002319,0.00177,294.5171204,15.27548122,1.705660224,1.679071045
2018-01-10 00:00,93.54948425,0.00268,291.6112366,19.25123787,0.901891291,1.34319458
2018-01-11 00:00,88.70950317,0.00087,287.7946472,16.89419937,1.206812143,1.163323975
2018-01-12 00:00,79.08060455,0.00008,281.15979,25.39191055,0.898444295,-0.197973633
2018-01-13 00:00,80.10279846,0.00022,285.9102173,28.96478081,4.177107334,1.888421631
2018-01-14 00:00,86.57341003,0.00116,287.6891785,16.59785652,2.305799007,0.670404053
2018-01-15 00:00,92.66090393,0.00174,301.5753784,18.96570396,2.365368605,3.540490723
2018-01-16 00:00,84.20140076,0.02147,328.3280945,9.566155434,10.80753899,8.256036377
2018-01-17 00:00,80.32118225,0.00268,299.7520752,22.71181488,5.780934334,3.395135498
2018-01-18 00:00,80.23284912,0.0002,283.0532532,36.77342987,4.859143257,2.442590332
2018-01-19 00:00,86.50922394,0.00221,287.5310669,23.2707901,4.073662758,2.491174316
2018-01-20 00:00,79.80580902,0.00006,278.1608276,33.61494064,5.4812603,2.728112793
2018-01-21 00:00,85.35842896,0.00442,313.8928833,25.28903389,7.115242481,5.658502197
2018-01-22 00:00,93.22400665,0.02035,304.8163452,12.06575966,2.591967583,3.513543701
2018-01-23 00:00,89.28070068,0.00697,335.4534912,23.70931244,7.873457432,9.489770508
2018-01-24 00:00,75.24778748,0.00239,297.4064636,43.74917221,5.547496319,6.910913086
2018-01-25 00:00,73.58335876,0.00002,294.8756714,47.87513733,2.495828629,3.216912842
2018-01-26 00:00,82.24789429,0.00646,315.0308533,15.11867142,7.174744129,6.082757568
2018-01-27 00:00,77.1313324,0.00053,289.1914673,43.40477371,4.955837727,3.62532959
2018-01-28 00:00,79.85100555,0.00083,294.8561096,45.45788193,6.113402843,2.700219727
2018-01-29 00:00,79.48577881,0.01825,316.5854797,25.4017849,9.936495781,6.55892334
2018-01-30 00:00,82.48288727,0.01082,299.5343628,23.05733299,8.283621788,2.910241699
2018-01-31 00:00,82.29749298,0.00454,290.318512,55.94277191,5.378741741,1.846246338
2018-02-01 00:00,78.13272095,0.00041,292.5031738,54.16766739,6.405988693,3.879846191
2018-02-02 00:00,79.81112671,0.00294,289.1179199,42.53133774,6.189974308,4.396875
2018-02-03 00:00,87.97629547,0.01473,318.1871643,28.52494049,6.561388016,6.414239502
2018-02-04 00:00,80.76774597,0.00427,302.663147,39.76882553,7.128667831,4.148797607
2018-02-05 00:00,78.66370392,0.0051,303.0937195,30.06445694,8.246742249,5.184899902
2018-02-06 00:00,81.22015381,0.00749,311.2079163,22.71347427,5.744458199,5.325463867
2018-02-07 00:00,79.3000412,0.00051,276.0726318,55.3865509,2.988186359,2.298638916
2018-02-08 00:00,80.69789124,0.00004,274.3802795,80.27637482,2.730068445,2.89699707
2018-02-09 00:00,74.68933105,0.00007,314.0540161,33.49943161,6.179274559,5.834100342
2018-02-10 00:00,69.98298645,0.00004,306.2985535,43.25004196,5.82910347,4.772729492
2018-02-11 00:00,85.21717834,0.00284,308.4850769,70.11161804,1.009073138,4.445092773
2018-02-12 00:00,85.08973694,0.00419,315.0879211,65.61167145,2.1276474,5.743280029
2018-02-13 00:00,87.83442688,0.00018,309.9530029,43.42779541,3.0117521286010702,4.657006836
2018-02-14 00:00,84.58163452,0.00096,307.4046631,52.44210815,3.231738806,4.424920654
2018-02-15 00:00,72.6313858,0.00005,302.9077759,67.10206604,2.53091836,4.345117188
2018-02-16 00:00,77.67790985,0.00012,292.4909973,86.63126373,1.247007728,3.985498047
2018-02-17 00:00,79.3553772,0.00023,302.5718384,57.71039963,1.379620552,3.738244629
2018-02-18 00:00,73.72241211,0.00025,279.915863,78.40687561,3.028870821,2.117883301
2018-02-19 00:00,86.72341156,0.00487,265.3529968,80.0929184,2.716628313,0.592218018
2018-02-20 00:00,85.7755661,0.00013,256.6201782,116.4514389,1.832994461,0.410058594
2018-02-21 00:00,79.79531097,0.00026,274.3656921,68.43371582,3.087807894,1.618981934
2018-02-22 00:00,80.51257324,0.00064,269.2244263,110.3729172,2.49276042,2.269494629
2018-02-23 00:00,79.38458252,0.00021,267.9615784,115.3316803,2.281855822,2.025415039
2018-02-24 00:00,74.70693207,0.00002,255.7992859,134.3273926,2.158985138,1.484643555
2018-02-25 00:00,79.33995819,0.00015,266.2676086,133.1036835,1.153830051,0.510064697
2018-02-26 00:00,78.00912476,0.00019,264.1705322,114.0595398,2.039299726,0.748468018
2018-02-27 00:00,74.53125763,0.00196,280.0620117,84.9929657,7.241849899,1.870507813
2018-02-28 00:00,89.72879028,0.01022,287.4151917,42.65425491,9.670051575,2.335534668
2018-03-01 00:00,80.88926697,0.00148,281.6902771,115.5624237,4.059249878,2.113244629
2018-03-02 00:00,74.09989166,0.00013,278.1747742,119.1754761,3.113733053,2.348382568
2018-03-03 00:00,69.90032959,0.00005,266.2489014,146.0965881,2.36994195,2.461999512
2018-03-04 00:00,81.57305145,0.0008,293.6932983,125.6527252,2.555916309,4.594598389
2018-03-05 00:00,90.46327209,0.00378,304.5974121,49.40931702,3.771090746,6.489587402
2018-03-06 00:00,93.57667542,0.00518,295.9927368,54.24652481,2.607646942,4.777947998
2018-03-07 00:00,81.43286133,0.00001,306.8034058,84.9615097,3.966147184,5.976617432
2018-03-08 00:00,88.17134094,0.00564,298.2208557,38.47457123,4.466799736,5.79744873
2018-03-09 00:00,84.42153931,0.00341,295.5152893,125.7977371,3.7916677,4.999414063
2018-03-10 00:00,92.82110596,0.01006,316.5841675,73.78957367,4.87146759,7.333428955
2018-03-11 00:00,86.69221497,0.0008,305.8599854,81.40719604,4.710394859,5.700402832
2018-03-12 00:00,91.51137543,0.00565,310.4885559,41.82504654,6.539578915,6.285241699
2018-03-13 00:00,93.03408813,0.0151,310.5935059,39.85878754,6.743932724,6.26317749
2018-03-14 00:00,90.87586212,0.00759,314.5509033,44.94319534,6.177019596,7.215509033
2018-03-15 00:00,88.48467255,0.00598,322.3621521,88.28644562,6.033994675,8.547265625
2018-03-16 00:00,78.19244385,0.00007,301.1189575,182.376236,6.81928587,10.07946167
2018-03-17 00:00,82.5798111,0.00149,335.8529663,135.3415375,6.520312309,11.11583862
2018-03-18 00:00,76.94378662,0.00089,305.383728,160.9676971,8.923101425,9.096948242
2018-03-19 00:00,77.47298431,0.00369,307.0173645,106.4238815,4.744944572,7.540063477
2018-03-20 00:00,71.3928833,0.00619,293.6393738,164.8961334,4.584895611,6.853936768
2018-03-21 00:00,83.53825378,0.00575,304.4518738,83.66405487,6.268772125,6.849023438
2018-03-22 00:00,75.41860962,0.0011,301.744873,126.3844147,8.116418839,5.655267334
2018-03-23 00:00,72.79457092,0.00176,312.2436218,115.9050446,5.001748562,7.975335693
2018-03-24 00:00,86.18114471,0.00007,330.6858826,152.5868225,4.142946243,10.7401062
2018-03-25 00:00,78.13054657,0.00065,306.8686218,151.9673004,5.120393753,9.938409424
2018-03-26 00:00,71.25389862,0.00013,317.0534668,126.6030426,1.514660954,8.506005859
2018-03-27 00:00,74.85704041,0.00014,317.3994751,156.0586548,2.690986156,8.632196045
2018-03-28 00:00,84.4361496,0.00006,330.3931885,136.6850433,2.613059521,9.977502441
2018-03-29 00:00,76.21861267,0.00007,327.7657471,190.7295074,3.035520554,10.92891846
2018-03-30 00:00,76.64459229,0.00008,331.2541504,154.8710175,2.531996965,10.67235718
2018-03-31 00:00,76.57571411,0.00047,337.5037537,146.5580597,4.364120483,11.78362427
2018-04-01 00:00,58.56538773,0.00047,299.3768616,181.5368958,6.933804035,8.696496582
2018-04-02 00:00,75.44230652,0.0001,312.9104919,137.6532593,6.726882935,8.00802002
2018-04-03 00:00,74.06613922,0.00004,325.5115662,166.1750946,5.818933487,11.16427002
2018-04-04 00:00,79.8944931,0.00009,331.8728638,116.0062103,1.080394387,10.30883179
2018-04-05 00:00,86.13676453,0.0002,332.0663452,119.4511795,0.948835969,10.43575439
2018-04-06 00:00,86.28203583,0.00316,313.6933594,122.4311981,1.140932918,10.12514648
2018-04-07 00:00,76.65885162,0.00002,301.8285828,227.803894,4.480592251,7.938531494
2018-04-08 00:00,83.30861664,0.00454,305.8623657,133.3030243,4.022624493,6.582940674
2018-04-09 00:00,82.36857605,0.01088,326.6651001,114.2145462,4.982050896,9.422113037
2018-04-10 00:00,88.67287445,0.00947,317.0864868,52.03047562,5.361166954,8.644067383
2018-04-11 00:00,76.05680847,0.00239,329.9828186,168.3033447,3.673731565,10.86000977
2018-04-12 00:00,91.43972015,0.00804,326.8799133,118.9363632,4.208196163,9.201165771
2018-04-13 00:00,81.71982574,0.00021,325.2820129,176.0017395,3.308399677,9.337976074
2018-04-14 00:00,76.99676514,0.00034,322.0114441,136.371994,5.096688747,8.70647583
2018-04-15 00:00,79.15803528,0.00013,318.3093262,122.4237595,6.236264229,8.045251465
2018-04-16 00:00,81.38585663,0.00728,312.4451904,111.5354996,6.873849392,6.936151123
2018-04-17 00:00,75.76756287,0.00097,299.4447021,136.0782471,4.498612404,5.287133789
2018-04-18 00:00,89.03185272,0.01795,295.1092834,67.252388,7.21918726,3.69375
2018-04-19 00:00,88.52591705,0.02201,287.6533813,53.35467529,7.390787125,2.602075195
2018-04-20 00:00,67.45623779,0.00035,276.5705261,190.8922424,4.287776947,4.098718262
2018-04-21 00:00,67.0887146,0.00047,307.0999451,175.8709106,2.554915428,6.950006104
2018-04-22 00:00,74.55259705,0.0033,317.8959045,93.61560822,3.654949903,8.22097168
2018-04-23 00:00,79.49710846,0.0001,313.0652466,166.2622375,1.001799941,7.983514404
2018-04-24 00:00,77.42160034,0.00133,312.0137634,185.4193115,5.321608543,8.980950928
2018-04-25 00:00,79.76178741,0.0025,316.6317444,163.012085,5.496582031,8.082147217
2018-04-26 00:00,73.9670639,0.00038,313.3434753,193.575882,6.663879871,9.126824951
2018-04-27 00:00,85.82262421,0.00797,315.2615967,93.0085144,3.203306913,8.224328613
2018-04-28 00:00,87.55017853,0.00261,315.9798279,128.0633545,2.964518309,9.607293701
2018-04-29 00:00,75.99580383,0.0012,329.0545654,172.3271027,2.576946259,10.95449219
2018-04-30 00:00,81.55577087,0.00465,319.072998,159.4648132,5.074544907,9.072015381
2018-05-01 00:00,66.34604645,0.00051,302.5701294,223.0438538,5.971048832,7.61763916
2018-05-02 00:00,77.55934143,0.00884,319.5710449,155.2040253,2.788912058,8.410180664
2018-05-03 00:00,81.81426239,0.00309,305.6929016,162.5760345,2.722949743,6.678735352
2018-05-04 00:00,89.89562225,0.02185,320.1791992,51.20008087,5.876525402,8.317803955
2018-05-05 00:00,91.85879517,0.00993,331.5624084,90.37976837,4.04031992,10.06707153
2018-05-06 00:00,81.84075928,0.00227,328.5214233,160.9929199,2.910168648,10.2477356
2018-05-07 00:00,70.18817139,0.00036,318.0112,210.8503723,2.669351578,11.56875
2018-05-08 00:00,79.17527771,0.00573,333.9159851,192.221817,2.216920137,11.98796997
2018-05-09 00:00,74.37492371,0.00247,345.8977966,184.1711273,3.141492128,13.17122803
2018-05-10 00:00,69.94888306,0.00005,319.6937866,214.0342865,2.622167349,12.65358887
2018-05-11 00:00,65.38616943,0.00001,323.4713135,234.3201599,2.449298143,13.18337402
2018-05-12 00:00,77.02568817,0.00505,316.0298157,160.0062714,3.2842381,12.02919922
2018-05-13 00:00,69.4324646,0.00004,327.0236206,240.6031799,2.181941748,12.77797852
2018-05-14 00:00,65.50502014,0.00001,347.21521,259.4044189,2.771054506,14.64516602
2018-05-15 00:00,77.92363739,0.00195,353.9256287,202.1061859,3.968014956,15.05370483
2018-05-16 00:00,86.98216248,0.00983,347.0395813,141.6840668,3.200042248,13.02041016
2018-05-17 00:00,87.56852722,0.01382,341.9009094,110.4761887,0.88043946,11.99764404
2018-05-18 00:00,84.12586975,0.00689,343.1585693,178.8937988,1.090033174,12.64165649
2018-05-19 00:00,71.15520477,0.00168,345.9217224,205.8192902,3.129377365,13.49538574
2018-05-20 00:00,66.93569946,0.00003,314.517395,250.0228424,4.443821907,11.74553833
2018-05-21 00:00,66.90227509,0.00015,336.4317627,165.9532776,2.503320694,11.77828369
2018-05-22 00:00,67.30328369,0.00209,338.6117859,215.1202393,4.026814938,12.98543701
2018-05-23 00:00,70.79360199,0.00019,327.474823,167.4523926,4.09467411,11.99028931
2018-05-24 00:00,70.76557922,0.00005,328.9934387,202.1422119,1.684936404,11.99309692
2018-05-25 00:00,77.04486847,0.00127,348.6613159,182.5424652,1.289864659,13.12490234
2018-05-26 00:00,84.0533371,0.00282,343.6739502,100.7466431,4.807337284,11.3331543
2018-05-27 00:00,78.84108734,0,342.1259155,266.539978,3.471685886,14.06240234
2018-05-28 00:00,77.58499146,0.00004,323.9304199,290.6908875,1.901524186,16.67901001
2018-05-29 00:00,69.43815613,0.00014,336.9476318,298.0169373,1.931403399,18.61333618
2018-05-30 00:00,86.08103943,0.00049,353.7205811,242.4058838,2.233850002,15.24859009
2018-05-31 00:00,84.10572815,0.0031,349.7625122,150.6845703,1.990080714,12.4152771
2018-06-01 00:00,74.27709198,0.00004,323.9975891,237.9695282,1.888894796,11.11861572
2018-06-02 00:00,79.2395401,0.00001,317.5009155,291.8911438,0.878402889,12.6932312
2018-06-03 00:00,75.22415924,0.00005,352.4411926,247.9349518,1.272801995,17.75701294
2018-06-04 00:00,78.36092377,0.00146,350.1123352,167.9992676,1.935781121,13.57213745
2018-06-05 00:00,65.34990692,0.00006,332.2461548,141.6825104,3.87562871,10.19466553
2018-06-06 00:00,65.56713104,0.00006,334.9212646,202.9312439,2.358590603,12.01586304
2018-06-07 00:00,68.91809845,0.00005,331.993042,182.6362,4.457147121,11.65490112
2018-06-08 00:00,73.90896606,0.00003,332.1741638,181.0107727,2.934612036,11.84908447
2018-06-09 00:00,71.28270721,0.00022,335.7075806,196.8168335,1.600222707,11.98406372
2018-06-10 00:00,78.05020142,0.00075,343.1318359,191.4667053,1.313925624,12.85234985
2018-06-11 00:00,67.15494537,0.0005,318.6775208,179.3437958,4.180767536,11.43859253
2018-06-12 00:00,65.76219177,0.00002,344.6309509,204.7178345,3.206814289,14.10048828
2018-06-13 00:00,67.70889282,0.00003,340.258728,250.4343567,2.598555088,13.59230957
2018-06-14 00:00,77.64864349,0.00007,339.058075,195.7292786,2.05039382,12.5720459
2018-06-15 00:00,91.26296234,0.00558,342.8723755,112.3132401,2.544440269,11.18056641
2018-06-16 00:00,86.95599365,0.00793,337.7153015,159.2314606,1.45866406,11.2817627
2018-06-17 00:00,68.16048431,0.0003,303.8762207,208.7760773,1.711027861,11.33068237
2018-06-18 00:00,73.7636261,0.00007,324.6822205,225.94133,2.100375652,11.75011597
2018-06-19 00:00,94.04833221,0.00517,346.4162903,116.4084473,3.519700527,11.85631714
2018-06-20 00:00,78.64903259,0.00515,336.7256165,237.9637451,2.141412735,14.76647339
2018-06-21 00:00,88.50965881,0.00634,342.8935852,119.0169373,3.537710428,11.29458008
2018-06-22 00:00,84.91390991,0.02321,345.0269165,163.9301758,3.812394381,14.1015564
2018-06-23 00:00,82.37609863,0.00513,334.0142822,154.7983856,3.703119278,11.97713623
2018-06-24 00:00,74.31746674,0.00018,331.5119934,161.7041016,4.827957153,11.71737061
2018-06-25 00:00,87.3498764,0.00574,333.2958374,132.1992645,3.198714495,10.44884644
2018-06-26 00:00,74.85269928,0.00055,327.9271851,196.9480591,2.348335505,11.94310913
2018-06-27 00:00,67.73733521,0.00003,307.619812,275.9120789,2.71044755,13.46135864
2018-06-28 00:00,74.54428101,0.00002,340.7200012,256.9645081,1.52375257,12.84304199
2018-06-29 00:00,76.37772369,0.00129,358.8198853,196.3699646,1.545751929,14.85799561
2018-06-30 00:00,80.45858765,0.00067,352.3071899,209.9498138,0.948245883,14.87719116
2018-07-01 00:00,86.09238434,0.00527,354.5959167,164.6220093,1.495001078,14.55306396
2018-07-02 00:00,78.98444366,0.00221,351.197998,223.6403809,2.834636211,13.9107605
2018-07-03 00:00,77.10398865,0.00098,333.5053101,203.7407532,1.595315218,13.28908691
2018-07-04 00:00,77.40544891,0.00002,357.9560242,213.4616852,2.08936429,14.75725708
2018-07-05 00:00,89.84135437,0.00509,376.7635803,135.5230255,5.826264381,18.25444946
2018-07-06 00:00,81.36064911,0.00311,363.2127686,196.3751831,7.9635396,16.80828247
2018-07-07 00:00,73.86814117,0.00002,336.8060608,229.3686066,5.314536095,15.68740234
2018-07-08 00:00,78.96802521,0.00031,341.2968445,180.6824188,1.865359902,15.39281616
2018-07-09 00:00,87.13794708,0.02971,363.4608154,130.5267639,2.128214359,15.72347412
2018-07-10 00:00,71.16221619,0.00031,337.0960388,218.2552795,2.669867516,15.7390686
2018-07-11 00:00,73.52902222,0.00035,354.0509338,199.6235046,2.847868919,15.81182251
2018-07-12 00:00,77.51816559,0.00005,365.0055237,215.6669159,2.568044662,16.39458618
2018-07-13 00:00,87.60266113,0.00133,368.4411621,125.3127441,4.154214382,16.69793091
2018-07-14 00:00,82.42901611,0.00049,364.3186646,161.9558105,6.925127983,16.99080811
2018-07-15 00:00,67.37511444,0.00006,307.7718811,259.8645935,5.054109573,15.96132813
2018-07-16 00:00,72.82988739,0.00018,354.4411926,143.117691,3.544856071,14.48079834
2018-07-17 00:00,70.78970337,0.00216,315.6737061,217.5538635,2.612910986,14.47643433
2018-07-18 00:00,65.85139465,0.00005,330.3339844,169.1276855,3.721266508,12.46727905
2018-07-19 00:00,68.89446259,0.00002,334.8598328,193.8277283,3.08225584,13.12886963
2018-07-20 00:00,72.38716125,0.00001,334.1899719,247.943634,2.515891552,16.02404175
2018-07-21 00:00,73.11074829,0.00002,358.2372131,218.0198212,3.053278685,16.55281982
2018-07-22 00:00,78.65751648,0.00089,351.0402527,190.8045197,4.479744911,16.25313721
2018-07-23 00:00,79.53572083,0.00092,332.270813,182.0630188,2.591426849,14.25386963
2018-07-24 00:00,80.61919403,0.00052,360.7536011,177.0361633,3.237269163,14.82772217
2018-07-25 00:00,79.30403137,0.00388,371.3695374,184.2226105,4.803274155,17.29042969
2018-07-26 00:00,86.65128326,0.01399,355.5556946,162.5679474,4.606819153,15.76040039
2018-07-27 00:00,72.01902008,0.00139,339.8792419,119.0280609,2.064913988,12.28838501
2018-07-28 00:00,70.80136108,0.00414,337.841217,174.562027,1.596880674,12.25859985
2018-07-29 00:00,85.81411743,0.01505,342.2337646,145.111557,3.039458036,13.47268066
2018-07-30 00:00,76.03964233,0.00341,341.6459656,143.2333374,4.433696747,12.53310547
2018-07-31 00:00,73.30200958,0.00055,322.0155029,148.3480225,3.554127216,11.21239624
2018-08-01 00:00,91.20285797,0.00823,328.3278809,85.04010773,1.996395111,10.63445435
2018-08-02 00:00,77.22301483,0.00042,344.2542114,198.0858917,4.562835693,14.07506714
2018-08-03 00:00,87.16030121,0.00489,346.4111938,155.6283875,4.319266319,14.75692139
2018-08-04 00:00,68.97280884,0.00027,309.5331726,220.7687988,7.627627373,14.44851074
2018-08-05 00:00,74.92500305,0.00058,320.2930908,203.3591766,7.452239513,13.98668823
2018-08-06 00:00,76.08036041,0.00032,305.320282,188.9749298,6.773696899,12.88314209
2018-08-07 00:00,80.23330688,0.00131,314.6991882,169.9851227,5.465510368,12.38118896
2018-08-08 00:00,80.56928253,0.00086,331.3180237,167.483551,4.220164776,12.46276245
2018-08-09 00:00,76.17907715,0.00006,321.0113831,179.7826385,1.294087887,12.70900879
2018-08-10 00:00,73.83715057,0.00037,326.1483459,156.6056061,1.9548136,12.23516235
2018-08-11 00:00,72.65789032,0.00008,338.2753296,186.2766266,1.449198127,11.78966675
2018-08-12 00:00,86.48161316,0.00012,359.0317078,128.3902893,5.090740681,14.56694946
2018-08-13 00:00,81.62388611,0.00006,361.0176392,168.6187439,3.900768757,15.80965576
2018-08-14 00:00,84.46757507,0.00007,343.2207642,165.9029694,3.336053133,15.06737671
2018-08-15 00:00,82.15763092,0.00159,337.9147644,164.9559326,4.272793293,15.35595093
2018-08-16 00:00,83.15478516,0.00741,337.1496887,100.4338226,4.639241695,13.21154175
2018-08-17 00:00,89.16284943,0.00483,340.1243896,87.22631073,2.397195101,13.27904663
2018-08-18 00:00,77.75778961,0.00002,331.3519287,195.0513611,1.905322075,14.02053223
2018-08-19 00:00,82.03525543,0.00053,366.8763123,167.8143158,1.606734395,17.17339478
2018-08-20 00:00,81.21662903,0.00439,363.0024719,159.6644745,3.418089867,17.66680298
2018-08-21 00:00,79.42912292,0.00125,359.5053101,98.43750763,1.408212781,14.10469971
2018-08-22 00:00,81.69087982,0.00028,351.5078125,82.03596497,2.119677782,12.70244751
2018-08-23 00:00,79.64620209,0.0001,348.3237305,186.5953522,1.102073193,13.13594971
2018-08-24 00:00,88.62076569,0.00561,353.7058105,94.96205902,3.042565584,13.42775879
2018-08-25 00:00,70.6655426,0.00091,313.4719238,179.9997101,5.795595169,13.91613159
2018-08-26 00:00,71.61155701,0.00041,307.5383911,144.6059723,6.940564632,11.76366577
2018-08-27 00:00,75.80820465,0.00349,328.9844971,120.8890839,5.758456707,11.44725952
2018-08-28 00:00,80.94135284,0.00036,347.857605,139.4519653,5.131545544,15.66661987
2018-08-29 00:00,77.82042694,0,334.2759094,174.4131165,7.126445293,16.2151123
2018-08-30 00:00,80.05966949,0,361.2537231,108.4631653,7.421196938,14.73934326
2018-08-31 00:00,85.95595551,0.00304,356.027771,88.61203766,7.894999981,14.94475708
2018-09-01 00:00,84.69966125,0.00073,319.195282,126.5109177,2.035800219,12.39653931
2018-09-02 00:00,66.0634613,0.00077,303.3859558,116.2270203,3.794514179,9.716577148
2018-09-03 00:00,60.88506699,0.0001,311.1218567,118.0319443,2.443130493,8.490869141
2018-09-04 00:00,84.57774353,0.0112,345.1781921,48.03900146,3.637555599,11.66259155
2018-09-05 00:00,92.36507416,0.00859,359.394165,60.76119232,2.50300169,14.44805298
2018-09-06 00:00,80.94939423,0.00027,347.3528137,124.1237411,1.751221418,13.02807007
2018-09-07 00:00,70.54624939,0.00003,332.4249268,110.1450806,3.352646351,11.07457886
2018-09-08 00:00,70.5898819,0.0001,334.2247314,123.4786224,2.096796751,10.82531128
2018-09-09 00:00,68.54077148,0.00095,321.9286804,115.1205215,5.60213995,10.78841553
2018-09-10 00:00,55.25389862,0.00106,322.0738525,128.8362579,5.319812775,9.883721924
2018-09-11 00:00,80.72834015,0.00007,335.6672974,102.043663,4.847108364,12.52431641
2018-09-12 00:00,77.06212616,0.00004,328.9595032,124.2151337,5.765864372,11.95076904
2018-09-13 00:00,86.64862061,0.00732,343.9941101,50.3057251,2.836477995,11.17699585
2018-09-14 00:00,75.12145233,0.00057,299.8756409,94.5087738,3.774328232,9.469018555
2018-09-15 00:00,89.98671722,0.00871,325.3053284,32.06149673,2.302170277,7.719476318
2018-09-16 00:00,88.61991882,0.00107,332.9457092,70.21121216,2.355720282,9.635980225
2018-09-17 00:00,86.2431488,0.00256,323.7943726,64.05170441,3.019705772,9.145532227
2018-09-18 00:00,83.52561188,0.00094,336.405304,59.5627594,3.597706079,10.38689575
2018-09-19 00:00,89.03504944,0.0031,353.7726746,66.70343781,7.854888439,13.05562744
2018-09-20 00:00,89.00404358,0.00231,356.6886597,67.45071411,6.18239212,13.90050659
2018-09-21 00:00,84.15863037,0.00021,350.4874878,71.40409851,5.123971462,13.29598389
2018-09-22 00:00,74.86759186,0.00319,322.9750977,65.98904419,3.825760841,10.43981323
2018-09-23 00:00,72.1463089,0.00045,294.4302063,88.83180237,3.618852139,7.599969482
2018-09-24 00:00,84.61474609,0.03053,326.9526367,77.9779892,6.789373398,9.125939941
2018-09-25 00:00,72.25209045,0.00066,316.0788879,70.51565552,5.295249462,8.262078857
2018-09-26 00:00,79.95593262,0.00536,310.9185181,66.0608902,5.226500988,6.776452637
2018-09-27 00:00,76.13747406,0.0004,292.4343262,64.31031799,5.43136692,5.470117188
2018-09-28 00:00,72.72257996,0.00005,287.0297546,87.71916962,4.390709877,5.359399414
2018-09-29 00:00,66.92546082,0.00009,265.7326965,77.07279968,3.986837626,4.209619141
2018-09-30 00:00,72.71927643,0.00001,254.1634827,91.11907196,2.864433765,3.663201904
2018-10-01 00:00,72.85390472,0.00003,295.544281,67.48893738,2.6184358596801798,4.448327637
2018-10-02 00:00,90.41285706,0.00823,330.6910095,26.13607788,5.112231255,8.585168457
2018-10-03 00:00,91.19135284,0.00117,327.3355408,51.76675034,3.527399063,9.775018311
2018-10-04 00:00,93.82837677,0.00217,326.0207214,45.86712265,1.491187692,7.936242676
2018-10-05 00:00,94.25788879,0.01621,330.9246216,23.02800751,4.497389317,8.570153809
2018-10-06 00:00,91.57997131,0.01017,324.3794861,48.69355392,3.399109364,8.725854492
2018-10-07 00:00,92.91689301,0.01487,333.0661621,34.97017288,4.423606396,9.034967041
2018-10-08 00:00,89.30609894,0.00227,323.1804199,59.52469254,2.980521917,8.84130249
2018-10-09 00:00,91.57341003,0.00005,324.5411682,61.16254044,1.77510643,8.946862793
2018-10-10 00:00,92.58541107,0.00052,326.4239197,48.21547318,1.477070451,8.49151001
2018-10-11 00:00,92.25241089,0.03121,341.6941528,7.248360634,4.833648682,11.1836792
2018-10-12 00:00,87.53256989,0.00589,341.8537598,56.21907043,3.890011787,12.91518555
2018-10-13 00:00,88.04008484,0.00057,317.7532349,40.96528244,4.141704559,10.30120239
2018-10-14 00:00,96.1736908,0.00906,332.7879639,24.68774414,2.27319479,9.051171875
2018-10-15 00:00,96.31449127,0.0083,344.3007202,24.7994957,1.145175219,11.18602905
2018-10-16 00:00,91.60840607,0.00053,335.5329285,53.51502609,0.53016758,9.882501221
2018-10-17 00:00,88.00932312,0.00002,328.7356567,45.020504,2.043664694,8.261773682
2018-10-18 00:00,86.4009552,0.00064,332.507782,30.09174919,6.811378002,10.23751221
2018-10-19 00:00,85.11172485,0,318.742157,54.0486145,4.835550308,10.88173828
2018-10-20 00:00,89.02560425,0.00371,331.4291687,37.64717484,5.13750267,11.34511719
2018-10-21 00:00,77.56194305,0.00001,315.7068481,30.96903992,4.913402557,7.605310059
2018-10-22 00:00,80.33306885,0.00068,324.1633911,37.5442276,8.577181816,9.888482666
2018-10-23 00:00,85.59647369,0.00884,339.0057678,15.44523716,5.721575737,10.27337036
2018-10-24 00:00,94.78077698,0.03681,341.6030579,16.76466751,2.06124711,10.67208252
2018-10-25 00:00,91.32466888,0.00042,342.0404968,19.60100937,2.327515602,10.77730713
2018-10-26 00:00,86.48350525,0.00135,353.9192505,19.38070679,4.657414436,13.05785522
2018-10-27 00:00,83.68817139,0.00088,312.4997559,33.1953392,5.265440464,8.99553833
2018-10-28 00:00,84.91555786,0.01912,333.5678101,10.42914391,7.670286655,9.765527344
2018-10-29 00:00,79.95472717,0,279.5856018,44.20967865,4.101218224,6.537896729
2018-10-30 00:00,91.59024048,0.00975,319.2120361,8.718604088,2.551196814,6.532891846
2018-10-31 00:00,87.09081268,0.00123,322.5790405,27.14734459,4.271548748,9.592767334
2018-11-01 00:00,75.70466614,0.00033,312.5156555,20.78310776,3.299724817,6.275354004
2018-11-02 00:00,88.57554626,0.00727,317.4704285,8.916818619,2.842410803,6.20647583
2018-11-03 00:00,90.43969727,0.01077,311.6855774,21.79327583,2.738942385,8.137353516
2018-11-04 00:00,94.55265808,0.00815,316.2536621,15.52569389,1.917545557,7.234368896
2018-11-05 00:00,92.4811554,0.00417,329.5518494,11.40142441,3.796511173,8.466912842
2018-11-06 00:00,92.95126343,0.00006,302.0191956,29.73698044,2.137148142,6.911187744
2018-11-07 00:00,92.98041534,0.01375,308.8211365,11.31729698,2.4214921,6.175256348
2018-11-08 00:00,88.24095154,0.0136,315.4909363,25.85865593,4.691310406,8.351922607
2018-11-09 00:00,83.94443512,0.00014,312.5302124,20.90638542,8.270962715,10.18135986
2018-11-10 00:00,90.0298233,0.00703,317.8418579,21.64419174,4.290631294,8.2015625
2018-11-11 00:00,87.14811707,0.02629,314.8616028,5.343235016,7.05175972,5.755426025
2018-11-12 00:00,93.77338409,0.02038,325.9060669,9.358218193,3.800759315,7.64989624
2018-11-13 00:00,76.05426788,0.00014,312.4333496,15.57117462,4.750477791,5.988946533
2018-11-14 00:00,81.86245728,0.00003,291.8124084,26.66150475,1.291692972,4.338250732
2018-11-15 00:00,91.3841629,0.01056,307.837677,7.553800583,1.617324471,4.384851074
2018-11-16 00:00,94.07790375,0.02408,312.3799744,4.06713295,3.749429464,4.884118652
2018-11-17 00:00,92.3884964,0.01928,316.6636353,5.519717693,4.55875349,5.750512695
2018-11-18 00:00,87.57263947,0.00139,308.9656982,8.480452538,2.093648911,4.50524292
2018-11-19 00:00,87.50304413,0.00043,305.3284912,24.14268303,5.688345909,6.125726318
2018-11-20 00:00,85.48042297,0.00598,312.5995178,14.94523525,5.616343975,6.586450195
2018-11-21 00:00,81.20965576,0.00005,285.3288269,17.68436241,4.871257782,4.961755371
2018-11-22 00:00,81.6246109,0.0012,304.2426758,13.23492527,8.286151886,4.900476074
2018-11-23 00:00,86.44837952,0.00354,294.9467773,7.213994503,3.571041346,3.854547119
2018-11-24 00:00,93.57828522,0.01842,310.5905457,8.844291687,1.22292459,4.561669922
2018-11-25 00:00,82.67760468,0.01122,301.3608704,4.656666279,4.805816174,3.24642334
2018-11-26 00:00,75.78561401,0.00344,273.5227661,25.26210403,3.597078562,1.199945068
2018-11-27 00:00,86.90692902,0.00003,279.1479492,22.2267437,2.986106157,2.809259033
2018-11-28 00:00,89.80150604,0.00242,285.5959473,18.95503616,1.190554023,2.516717529
2018-11-29 00:00,91.09111023,0.00373,317.0716858,10.23735523,3.12502718,5.870446777
2018-11-30 00:00,95.85348511,0.00719,324.2475281,11.24041748,1.697809458,7.10189209
2018-12-01 00:00,89.16970825,0.00217,312.6320496,8.653265953,4.075196743,6.913842773
2018-12-02 00:00,84.23625183,0.00742,309.5969238,18.01973724,6.632026672,6.129785156
2018-12-03 00:00,70.03147125,0.00013,297.9744873,14.90679264,6.170985222,5.456201172
2018-12-04 00:00,90.8543396,0.00112,329.5740662,10.32008839,4.248785496,8.225579834
2018-12-05 00:00,93.11859894,0.00851,336.9417725,9.529247284,4.711115837,9.595819092
2018-12-06 00:00,94.20947266,0.00653,327.0332642,7.002321243,1.32998693,7.797784424
2018-12-07 00:00,79.40517426,0.00003,291.6048889,15.70050716,1.89421773,2.173791504
2018-12-08 00:00,87.92471313,0.00006,310.3559875,13.17482758,4.62891531,4.677728271
2018-12-09 00:00,80.43195343,0.00074,308.1257935,16.9025383,7.036100864,6.703179932
2018-12-10 00:00,84.93774414,0.00403,313.5554504,12.93365288,6.589199543,5.846673584
2018-12-11 00:00,77.21019745,0.00091,306.911499,15.24750805,6.425777435,5.015588379
2018-12-12 00:00,73.67505646,0,253.2421722,24.71563911,3.367025137,0.974847412
2018-12-13 00:00,93.82323456,0.01922,287.7817383,1.817547202,1.327510238,0.273858643
2018-12-14 00:00,81.39593506,0.0152,306.0738525,3.165509701,7.680243015,4.321252441
2018-12-15 00:00,75.82154846,0.00002,263.4313049,15.12746525,4.811472893,0.028161621
2018-12-16 00:00,79.23627472,0,249.6663208,26.23175621,2.571904421,-0.405615234
2018-12-17 00:00,86.61323547,0.01637,300.1728821,7.225474834,6.142940998,2.833886719
2018-12-18 00:00,85.92897797,0.01065,312.0307007,9.649492264,4.442532539,5.052972412
2018-12-19 00:00,84.52951813,0.01262,320.9250488,18.57465172,7.19907856,8.361474609
2018-12-20 00:00,78.06332397,0.00923,314.5771484,21.40252495,7.131112576,7.128137207
2018-12-21 00:00,84.20303345,0.00499,323.9894104,14.48020458,6.542311192,8.568536377
2018-12-22 00:00,79.09319305,0,267.5897827,28.03712654,4.232955933,4.486627197
2018-12-23 00:00,92.18583679,0.00603,295.0399475,18.70917511,1.489312887,3.052789307
2018-12-24 00:00,93.09975433,0.0153,321.4425659,2.745592356,3.369485378,6.78548584
2018-12-25 00:00,66.57654572,0.00044,314.193573,16.01407433,9.971417427,6.350946045
2018-12-26 00:00,75.28182983,0.00175,303.3668213,27.07192612,8.098505974,5.742578125
2018-12-27 00:00,83.87719727,0.01298,303.2702637,12.02568913,5.391624928,5.009332275
2018-12-28 00:00,84.29647827,0.00006,296.7082214,25.31778908,3.453328848,5.355737305
2018-12-29 00:00,86.60868073,0.0226,312.3996887,3.430827618,3.958451271,5.089593506
2018-12-30 00:00,75.98022461,0,255.1539307,34.15709305,2.973282576,2.241021729
2018-12-31 00:00,86.35020447,0.00047,279.2423401,20.08286667,1.517881751,0.705377197
